timestamp,room_id,area,num_windows,window_area,hour,day,month,temperature,humidity,co2,electricity
2025-01-01 01:00:00,F1_R4,14,1,1.11,1,1,1,13.31,30.81,420.05,0.2
2025-01-01 02:00:00,F1_R4,14,1,1.11,2,1,1,13.18,32.14,420.15,0.2
2025-01-01 03:00:00,F1_R4,14,1,1.11,3,1,1,13.02,33.9,420.47,0.2
2025-01-01 04:00:00,F1_R4,14,1,1.11,4,1,1,13.11,34.8,421.38,0.201
2025-01-01 05:00:00,F1_R4,14,1,1.11,5,1,1,13.73,37.08,424.17,0.202
2025-01-01 06:00:00,F1_R4,14,1,1.11,6,1,1,14.17,40.76,432.67,0.208
2025-01-01 07:00:00,F1_R4,14,1,1.11,7,1,1,15.14,43.52,455.57,0.228
2025-01-01 08:00:00,F1_R4,14,1,1.11,8,1,1,16.16,46.31,508.57,0.286
2025-01-01 09:00:00,F1_R4,14,1,1.11,9,1,1,17.68,50.23,601.33,0.415
2025-01-01 10:00:00,F1_R4,14,1,1.11,10,1,1,18.68,52.83,688.99,0.525
2025-01-01 11:00:00,F1_R4,14,1,1.11,11,1,1,20.87,55.33,742.29,0.584
2025-01-01 12:00:00,F1_R4,14,1,1.11,12,1,1,22.66,57.31,767.42,0.617
2025-01-01 13:00:00,F1_R4,14,1,1.11,13,1,1,23.05,56.79,762.35,0.578
2025-01-01 14:00:00,F1_R4,14,1,1.11,14,1,1,23.07,56.32,757.97,0.578
2025-01-01 15:00:00,F1_R4,14,1,1.11,15,1,1,22.96,55.28,741.86,0.582
2025-01-01 16:00:00,F1_R4,14,1,1.11,16,1,1,21.52,52.55,686.92,0.516
2025-01-01 17:00:00,F1_R4,14,1,1.11,17,1,1,20.07,50.11,600.76,0.413
2025-01-01 18:00:00,F1_R4,14,1,1.11,18,1,1,19.29,46.09,508.03,0.284
2025-01-01 19:00:00,F1_R4,14,1,1.11,19,1,1,17.41,42.43,454.51,0.225
2025-01-01 20:00:00,F1_R4,14,1,1.11,20,1,1,15.83,40.7,432.65,0.208
2025-01-01 21:00:00,F1_R4,14,1,1.11,21,1,1,14.88,37.08,424.17,0.202
2025-01-01 22:00:00,F1_R4,14,1,1.11,22,1,1,14.0,34.95,421.39,0.201
2025-01-01 23:00:00,F1_R4,14,1,1.11,23,1,1,13.82,32.42,420.45,0.2
2025-01-02 00:00:00,F1_R4,14,1,1.11,0,2,1,12.82,30.5,420.02,0.2
2025-01-02 01:00:00,F1_R4,14,1,1.11,1,2,1,13.31,30.81,420.05,0.2
2025-01-02 02:00:00,F1_R4,14,1,1.11,2,2,1,13.18,32.14,420.15,0.2
2025-01-02 03:00:00,F1_R4,14,1,1.11,3,2,1,13.02,33.9,420.47,0.2
2025-01-02 04:00:00,F1_R4,14,1,1.11,4,2,1,13.11,34.8,421.38,0.201
2025-01-02 05:00:00,F1_R4,14,1,1.11,5,2,1,13.73,37.08,424.17,0.202
2025-01-02 06:00:00,F1_R4,14,1,1.11,6,2,1,14.17,40.76,432.67,0.208
2025-01-02 07:00:00,F1_R4,14,1,1.11,7,2,1,15.14,43.52,455.57,0.228
2025-01-02 08:00:00,F1_R4,14,1,1.11,8,2,1,16.16,46.31,508.57,0.286
2025-01-02 09:00:00,F1_R4,14,1,1.11,9,2,1,17.68,50.23,601.33,0.415
2025-01-02 10:00:00,F1_R4,14,1,1.11,10,2,1,18.68,52.83,688.99,0.525
2025-01-02 11:00:00,F1_R4,14,1,1.11,11,2,1,20.87,55.33,742.29,0.584
2025-01-02 12:00:00,F1_R4,14,1,1.11,12,2,1,22.66,57.31,767.42,0.617
2025-01-02 13:00:00,F1_R4,14,1,1.11,13,2,1,23.05,56.79,762.35,0.578
2025-01-02 14:00:00,F1_R4,14,1,1.11,14,2,1,23.07,56.32,757.97,0.578
2025-01-02 15:00:00,F1_R4,14,1,1.11,15,2,1,22.96,55.28,741.86,0.582
2025-01-02 16:00:00,F1_R4,14,1,1.11,16,2,1,21.52,52.55,686.92,0.516
2025-01-02 17:00:00,F1_R4,14,1,1.11,17,2,1,20.07,50.11,600.76,0.413
2025-01-02 18:00:00,F1_R4,14,1,1.11,18,2,1,19.29,46.09,508.03,0.284
2025-01-02 19:00:00,F1_R4,14,1,1.11,19,2,1,17.41,42.43,454.51,0.225
2025-01-02 20:00:00,F1_R4,14,1,1.11,20,2,1,15.83,40.7,432.65,0.208
2025-01-02 21:00:00,F1_R4,14,1,1.11,21,2,1,14.88,37.08,424.17,0.202
2025-01-02 22:00:00,F1_R4,14,1,1.11,22,2,1,14.0,34.95,421.39,0.201
2025-01-02 23:00:00,F1_R4,14,1,1.11,23,2,1,13.82,32.42,420.45,0.2
2025-01-03 00:00:00,F1_R4,14,1,1.11,0,3,1,12.82,30.5,420.02,0.2
2025-01-03 01:00:00,F1_R4,14,1,1.11,1,3,1,13.31,30.81,420.05,0.2
2025-01-03 02:00:00,F1_R4,14,1,1.11,2,3,1,13.18,32.14,420.15,0.2
2025-01-03 03:00:00,F1_R4,14,1,1.11,3,3,1,13.02,33.9,420.47,0.2
2025-01-03 04:00:00,F1_R4,14,1,1.11,4,3,1,13.11,34.8,421.38,0.201
2025-01-03 05:00:00,F1_R4,14,1,1.11,5,3,1,13.73,37.08,424.17,0.202
2025-01-03 06:00:00,F1_R4,14,1,1.11,6,3,1,14.17,40.76,432.67,0.208
2025-01-03 07:00:00,F1_R4,14,1,1.11,7,3,1,15.14,43.52,455.57,0.228
2025-01-03 08:00:00,F1_R4,14,1,1.11,8,3,1,16.16,46.31,508.57,0.286
2025-01-03 09:00:00,F1_R4,14,1,1.11,9,3,1,17.68,50.23,601.33,0.415
2025-01-03 10:00:00,F1_R4,14,1,1.11,10,3,1,18.68,52.83,688.99,0.525
2025-01-03 11:00:00,F1_R4,14,1,1.11,11,3,1,20.87,55.33,742.29,0.584
2025-01-03 12:00:00,F1_R4,14,1,1.11,12,3,1,22.66,57.31,767.42,0.617
2025-01-03 13:00:00,F1_R4,14,1,1.11,13,3,1,23.05,56.79,762.35,0.578
2025-01-03 14:00:00,F1_R4,14,1,1.11,14,3,1,23.07,56.32,757.97,0.578
2025-01-03 15:00:00,F1_R4,14,1,1.11,15,3,1,22.96,55.28,741.86,0.582
2025-01-03 16:00:00,F1_R4,14,1,1.11,16,3,1,21.52,52.55,686.92,0.516
2025-01-03 17:00:00,F1_R4,14,1,1.11,17,3,1,20.07,50.11,600.76,0.413
2025-01-03 18:00:00,F1_R4,14,1,1.11,18,3,1,19.29,46.09,508.03,0.284
2025-01-03 19:00:00,F1_R4,14,1,1.11,19,3,1,17.41,42.43,454.51,0.225
2025-01-03 20:00:00,F1_R4,14,1,1.11,20,3,1,15.83,40.7,432.65,0.208
2025-01-03 21:00:00,F1_R4,14,1,1.11,21,3,1,14.88,37.08,424.17,0.202
2025-01-03 22:00:00,F1_R4,14,1,1.11,22,3,1,14.0,34.95,421.39,0.201
2025-01-03 23:00:00,F1_R4,14,1,1.11,23,3,1,13.82,32.42,420.45,0.2
2025-01-04 00:00:00,F1_R4,14,1,1.11,0,4,1,12.82,30.5,420.02,0.2
2025-01-04 01:00:00,F1_R4,14,1,1.11,1,4,1,13.31,30.81,420.05,0.2
2025-01-04 02:00:00,F1_R4,14,1,1.11,2,4,1,13.18,32.14,420.15,0.2
2025-01-04 03:00:00,F1_R4,14,1,1.11,3,4,1,13.02,33.9,420.47,0.2
2025-01-04 04:00:00,F1_R4,14,1,1.11,4,4,1,13.11,34.8,421.38,0.201
2025-01-04 05:00:00,F1_R4,14,1,1.11,5,4,1,13.73,37.08,424.17,0.202
2025-01-04 06:00:00,F1_R4,14,1,1.11,6,4,1,14.17,40.76,432.67,0.208
2025-01-04 07:00:00,F1_R4,14,1,1.11,7,4,1,15.14,43.52,455.57,0.228
2025-01-04 08:00:00,F1_R4,14,1,1.11,8,4,1,16.16,46.31,508.57,0.286
2025-01-04 09:00:00,F1_R4,14,1,1.11,9,4,1,17.68,50.23,601.33,0.415
2025-01-04 10:00:00,F1_R4,14,1,1.11,10,4,1,18.68,52.83,688.99,0.525
2025-01-04 11:00:00,F1_R4,14,1,1.11,11,4,1,20.87,55.33,742.29,0.584
2025-01-04 12:00:00,F1_R4,14,1,1.11,12,4,1,22.66,57.31,767.42,0.617
2025-01-04 13:00:00,F1_R4,14,1,1.11,13,4,1,23.05,56.79,762.35,0.578
2025-01-04 14:00:00,F1_R4,14,1,1.11,14,4,1,23.07,56.32,757.97,0.578
2025-01-04 15:00:00,F1_R4,14,1,1.11,15,4,1,22.96,55.28,741.86,0.582
2025-01-04 16:00:00,F1_R4,14,1,1.11,16,4,1,21.52,52.55,686.92,0.516
2025-01-04 17:00:00,F1_R4,14,1,1.11,17,4,1,20.07,50.11,600.76,0.413
2025-01-04 18:00:00,F1_R4,14,1,1.11,18,4,1,19.29,46.09,508.03,0.284
2025-01-04 19:00:00,F1_R4,14,1,1.11,19,4,1,17.41,42.43,454.51,0.225
2025-01-04 20:00:00,F1_R4,14,1,1.11,20,4,1,15.83,40.7,432.65,0.208
2025-01-04 21:00:00,F1_R4,14,1,1.11,21,4,1,14.88,37.08,424.17,0.202
2025-01-04 22:00:00,F1_R4,14,1,1.11,22,4,1,14.0,34.95,421.39,0.201
2025-01-04 23:00:00,F1_R4,14,1,1.11,23,4,1,13.82,32.42,420.45,0.2
2025-01-05 00:00:00,F1_R4,14,1,1.11,0,5,1,12.82,30.5,420.02,0.2
2025-01-05 01:00:00,F1_R4,14,1,1.11,1,5,1,13.31,30.81,420.05,0.2
2025-01-05 02:00:00,F1_R4,14,1,1.11,2,5,1,13.18,32.14,420.15,0.2
2025-01-05 03:00:00,F1_R4,14,1,1.11,3,5,1,13.02,33.9,420.47,0.2
2025-01-05 04:00:00,F1_R4,14,1,1.11,4,5,1,13.11,34.8,421.38,0.201
2025-01-05 05:00:00,F1_R4,14,1,1.11,5,5,1,13.73,37.08,424.17,0.202
2025-01-05 06:00:00,F1_R4,14,1,1.11,6,5,1,14.17,40.76,432.67,0.208
2025-01-05 07:00:00,F1_R4,14,1,1.11,7,5,1,15.14,43.52,455.57,0.228
2025-01-05 08:00:00,F1_R4,14,1,1.11,8,5,1,16.16,46.31,508.57,0.286
2025-01-05 09:00:00,F1_R4,14,1,1.11,9,5,1,17.68,50.23,601.33,0.415
2025-01-05 10:00:00,F1_R4,14,1,1.11,10,5,1,18.68,52.83,688.99,0.525
2025-01-05 11:00:00,F1_R4,14,1,1.11,11,5,1,20.87,55.33,742.29,0.584
2025-01-05 12:00:00,F1_R4,14,1,1.11,12,5,1,22.66,57.31,767.42,0.617
2025-01-05 13:00:00,F1_R4,14,1,1.11,13,5,1,23.05,56.79,762.35,0.578
2025-01-05 14:00:00,F1_R4,14,1,1.11,14,5,1,23.07,56.32,757.97,0.578
2025-01-05 15:00:00,F1_R4,14,1,1.11,15,5,1,22.96,55.28,741.86,0.582
2025-01-05 16:00:00,F1_R4,14,1,1.11,16,5,1,21.52,52.55,686.92,0.516
2025-01-05 17:00:00,F1_R4,14,1,1.11,17,5,1,20.07,50.11,600.76,0.413
2025-01-05 18:00:00,F1_R4,14,1,1.11,18,5,1,19.29,46.09,508.03,0.284
2025-01-05 19:00:00,F1_R4,14,1,1.11,19,5,1,17.41,42.43,454.51,0.225
2025-01-05 20:00:00,F1_R4,14,1,1.11,20,5,1,15.83,40.7,432.65,0.208
2025-01-05 21:00:00,F1_R4,14,1,1.11,21,5,1,14.88,37.08,424.17,0.202
2025-01-05 22:00:00,F1_R4,14,1,1.11,22,5,1,14.0,34.95,421.39,0.201
2025-01-05 23:00:00,F1_R4,14,1,1.11,23,5,1,13.82,32.42,420.45,0.2
2025-01-06 00:00:00,F1_R4,14,1,1.11,0,6,1,12.82,30.5,420.02,0.2
2025-01-06 01:00:00,F1_R4,14,1,1.11,1,6,1,13.31,30.81,420.05,0.2
2025-01-06 02:00:00,F1_R4,14,1,1.11,2,6,1,13.18,32.14,420.15,0.2
2025-01-06 03:00:00,F1_R4,14,1,1.11,3,6,1,13.02,33.9,420.47,0.2
2025-01-06 04:00:00,F1_R4,14,1,1.11,4,6,1,13.11,34.8,421.38,0.201
2025-01-06 05:00:00,F1_R4,14,1,1.11,5,6,1,13.73,37.08,424.17,0.205
2025-01-06 06:00:00,F1_R4,14,1,1.11,6,6,1,14.17,40.76,432.67,0.219
2025-01-06 07:00:00,F1_R4,14,1,1.11,7,6,1,15.14,43.52,455.57,0.267
2025-01-06 08:00:00,F1_R4,14,1,1.11,8,6,1,16.16,46.31,508.57,0.411
2025-01-06 09:00:00,F1_R4,14,1,1.11,9,6,1,17.68,50.23,601.33,0.715
2025-01-06 10:00:00,F1_R4,14,1,1.11,10,6,1,18.68,52.83,688.99,1.0
2025-01-06 11:00:00,F1_R4,14,1,1.11,11,6,1,20.87,55.33,742.29,1.145
2025-01-06 12:00:00,F1_R4,14,1,1.11,12,6,1,22.66,57.31,767.42,1.205
2025-01-06 13:00:00,F1_R4,14,1,1.11,13,6,1,23.05,56.79,762.35,1.172
2025-01-06 14:00:00,F1_R4,14,1,1.11,14,6,1,23.07,56.32,757.97,1.167
2025-01-06 15:00:00,F1_R4,14,1,1.11,15,6,1,22.96,55.28,741.86,1.143
2025-01-06 16:00:00,F1_R4,14,1,1.11,16,6,1,21.52,52.55,686.92,0.991
2025-01-06 17:00:00,F1_R4,14,1,1.11,17,6,1,20.07,50.11,600.76,0.713
2025-01-06 18:00:00,F1_R4,14,1,1.11,18,6,1,19.29,46.09,508.03,0.409
2025-01-06 19:00:00,F1_R4,14,1,1.11,19,6,1,17.41,42.43,454.51,0.264
2025-01-06 20:00:00,F1_R4,14,1,1.11,20,6,1,15.83,40.7,432.65,0.219
2025-01-06 21:00:00,F1_R4,14,1,1.11,21,6,1,14.88,37.08,424.17,0.205
2025-01-06 22:00:00,F1_R4,14,1,1.11,22,6,1,14.0,34.95,421.39,0.201
2025-01-06 23:00:00,F1_R4,14,1,1.11,23,6,1,13.82,32.42,420.45,0.2
2025-01-07 00:00:00,F1_R4,14,1,1.11,0,7,1,12.82,30.5,420.02,0.2
2025-01-07 01:00:00,F1_R4,14,1,1.11,1,7,1,13.31,30.81,420.05,0.2
2025-01-07 02:00:00,F1_R4,14,1,1.11,2,7,1,13.18,32.14,420.15,0.2
2025-01-07 03:00:00,F1_R4,14,1,1.11,3,7,1,13.02,33.9,420.47,0.2
2025-01-07 04:00:00,F1_R4,14,1,1.11,4,7,1,13.11,34.8,421.38,0.201
2025-01-07 05:00:00,F1_R4,14,1,1.11,5,7,1,13.73,37.08,424.17,0.205
2025-01-07 06:00:00,F1_R4,14,1,1.11,6,7,1,14.17,40.76,432.67,0.219
2025-01-07 07:00:00,F1_R4,14,1,1.11,7,7,1,15.14,43.52,455.57,0.267
2025-01-07 08:00:00,F1_R4,14,1,1.11,8,7,1,16.16,46.31,508.57,0.411
2025-01-07 09:00:00,F1_R4,14,1,1.11,9,7,1,17.68,50.23,601.33,0.715
2025-01-07 10:00:00,F1_R4,14,1,1.11,10,7,1,18.68,52.83,688.99,1.0
2025-01-07 11:00:00,F1_R4,14,1,1.11,11,7,1,20.87,55.33,742.29,1.145
2025-01-07 12:00:00,F1_R4,14,1,1.11,12,7,1,22.66,57.31,767.42,1.205
2025-01-07 13:00:00,F1_R4,14,1,1.11,13,7,1,23.05,56.79,762.35,1.172
2025-01-07 14:00:00,F1_R4,14,1,1.11,14,7,1,23.07,56.32,757.97,1.167
2025-01-07 15:00:00,F1_R4,14,1,1.11,15,7,1,22.96,55.28,741.86,1.143
2025-01-07 16:00:00,F1_R4,14,1,1.11,16,7,1,21.52,52.55,686.92,0.991
2025-01-07 17:00:00,F1_R4,14,1,1.11,17,7,1,20.07,50.11,600.76,0.713
2025-01-07 18:00:00,F1_R4,14,1,1.11,18,7,1,19.29,46.09,508.03,0.409
2025-01-07 19:00:00,F1_R4,14,1,1.11,19,7,1,17.41,42.43,454.51,0.264
2025-01-07 20:00:00,F1_R4,14,1,1.11,20,7,1,15.83,40.7,432.65,0.219
2025-01-07 21:00:00,F1_R4,14,1,1.11,21,7,1,14.88,37.08,424.17,0.205
2025-01-07 22:00:00,F1_R4,14,1,1.11,22,7,1,14.0,34.95,421.39,0.201
2025-01-07 23:00:00,F1_R4,14,1,1.11,23,7,1,13.82,32.42,420.45,0.2
2025-01-08 00:00:00,F1_R4,14,1,1.11,0,8,1,12.82,30.5,420.02,0.2
2025-01-08 01:00:00,F1_R4,14,1,1.11,1,8,1,13.31,30.81,420.05,0.2
2025-01-08 02:00:00,F1_R4,14,1,1.11,2,8,1,13.18,32.14,420.15,0.2
2025-01-08 03:00:00,F1_R4,14,1,1.11,3,8,1,13.02,33.9,420.47,0.2
2025-01-08 04:00:00,F1_R4,14,1,1.11,4,8,1,13.11,34.8,421.38,0.201
2025-01-08 05:00:00,F1_R4,14,1,1.11,5,8,1,13.73,37.08,424.17,0.202
2025-01-08 06:00:00,F1_R4,14,1,1.11,6,8,1,14.17,40.76,432.67,0.208
2025-01-08 07:00:00,F1_R4,14,1,1.11,7,8,1,15.14,43.52,455.57,0.228
2025-01-08 08:00:00,F1_R4,14,1,1.11,8,8,1,16.16,46.31,508.57,0.286
2025-01-08 09:00:00,F1_R4,14,1,1.11,9,8,1,17.68,50.23,601.33,0.415
2025-01-08 10:00:00,F1_R4,14,1,1.11,10,8,1,18.68,52.83,688.99,0.525
2025-01-08 11:00:00,F1_R4,14,1,1.11,11,8,1,20.87,55.33,742.29,0.584
2025-01-08 12:00:00,F1_R4,14,1,1.11,12,8,1,22.66,57.31,767.42,0.617
2025-01-08 13:00:00,F1_R4,14,1,1.11,13,8,1,23.05,56.79,762.35,0.578
2025-01-08 14:00:00,F1_R4,14,1,1.11,14,8,1,23.07,56.32,757.97,0.578
2025-01-08 15:00:00,F1_R4,14,1,1.11,15,8,1,22.96,55.28,741.86,0.582
2025-01-08 16:00:00,F1_R4,14,1,1.11,16,8,1,21.52,52.55,686.92,0.516
2025-01-08 17:00:00,F1_R4,14,1,1.11,17,8,1,20.07,50.11,600.76,0.413
2025-01-08 18:00:00,F1_R4,14,1,1.11,18,8,1,19.29,46.09,508.03,0.284
2025-01-08 19:00:00,F1_R4,14,1,1.11,19,8,1,17.41,42.43,454.51,0.225
2025-01-08 20:00:00,F1_R4,14,1,1.11,20,8,1,15.83,40.7,432.65,0.208
2025-01-08 21:00:00,F1_R4,14,1,1.11,21,8,1,14.88,37.08,424.17,0.202
2025-01-08 22:00:00,F1_R4,14,1,1.11,22,8,1,14.0,34.95,421.39,0.201
2025-01-08 23:00:00,F1_R4,14,1,1.11,23,8,1,13.82,32.42,420.45,0.2
2025-01-09 00:00:00,F1_R4,14,1,1.11,0,9,1,12.82,30.5,420.02,0.2
2025-01-09 01:00:00,F1_R4,14,1,1.11,1,9,1,13.31,30.81,420.05,0.2
2025-01-09 02:00:00,F1_R4,14,1,1.11,2,9,1,13.18,32.14,420.15,0.2
2025-01-09 03:00:00,F1_R4,14,1,1.11,3,9,1,13.02,33.9,420.47,0.2
2025-01-09 04:00:00,F1_R4,14,1,1.11,4,9,1,13.11,34.8,421.38,0.201
2025-01-09 05:00:00,F1_R4,14,1,1.11,5,9,1,13.73,37.08,424.17,0.202
2025-01-09 06:00:00,F1_R4,14,1,1.11,6,9,1,14.17,40.76,432.67,0.208
2025-01-09 07:00:00,F1_R4,14,1,1.11,7,9,1,15.14,43.52,455.57,0.228
2025-01-09 08:00:00,F1_R4,14,1,1.11,8,9,1,16.16,46.31,508.57,0.286
2025-01-09 09:00:00,F1_R4,14,1,1.11,9,9,1,17.68,50.23,601.33,0.415
2025-01-09 10:00:00,F1_R4,14,1,1.11,10,9,1,18.68,52.83,688.99,0.525
2025-01-09 11:00:00,F1_R4,14,1,1.11,11,9,1,20.87,55.33,742.29,0.584
2025-01-09 12:00:00,F1_R4,14,1,1.11,12,9,1,22.66,57.31,767.42,0.617
2025-01-09 13:00:00,F1_R4,14,1,1.11,13,9,1,23.05,56.79,762.35,0.578
2025-01-09 14:00:00,F1_R4,14,1,1.11,14,9,1,23.07,56.32,757.97,0.578
2025-01-09 15:00:00,F1_R4,14,1,1.11,15,9,1,22.96,55.28,741.86,0.582
2025-01-09 16:00:00,F1_R4,14,1,1.11,16,9,1,21.52,52.55,686.92,0.516
2025-01-09 17:00:00,F1_R4,14,1,1.11,17,9,1,20.07,50.11,600.76,0.413
2025-01-09 18:00:00,F1_R4,14,1,1.11,18,9,1,19.29,46.09,508.03,0.284
2025-01-09 19:00:00,F1_R4,14,1,1.11,19,9,1,17.41,42.43,454.51,0.225
2025-01-09 20:00:00,F1_R4,14,1,1.11,20,9,1,15.83,40.7,432.65,0.208
2025-01-09 21:00:00,F1_R4,14,1,1.11,21,9,1,14.88,37.08,424.17,0.202
2025-01-09 22:00:00,F1_R4,14,1,1.11,22,9,1,14.0,34.95,421.39,0.201
2025-01-09 23:00:00,F1_R4,14,1,1.11,23,9,1,13.82,32.42,420.45,0.2
2025-01-10 00:00:00,F1_R4,14,1,1.11,0,10,1,12.82,30.5,420.02,0.2
2025-01-10 01:00:00,F1_R4,14,1,1.11,1,10,1,13.31,30.81,420.05,0.2
2025-01-10 02:00:00,F1_R4,14,1,1.11,2,10,1,13.18,32.14,420.15,0.2
2025-01-10 03:00:00,F1_R4,14,1,1.11,3,10,1,13.02,33.9,420.47,0.2
2025-01-10 04:00:00,F1_R4,14,1,1.11,4,10,1,13.11,34.8,421.38,0.201
2025-01-10 05:00:00,F1_R4,14,1,1.11,5,10,1,13.73,37.08,424.17,0.202
2025-01-10 06:00:00,F1_R4,14,1,1.11,6,10,1,14.17,40.76,432.67,0.208
2025-01-10 07:00:00,F1_R4,14,1,1.11,7,10,1,15.14,43.52,455.57,0.228
2025-01-10 08:00:00,F1_R4,14,1,1.11,8,10,1,16.16,46.31,508.57,0.286
2025-01-10 09:00:00,F1_R4,14,1,1.11,9,10,1,17.68,50.23,601.33,0.415
2025-01-10 10:00:00,F1_R4,14,1,1.11,10,10,1,18.68,52.83,688.99,0.525
2025-01-10 11:00:00,F1_R4,14,1,1.11,11,10,1,20.87,55.33,742.29,0.584
2025-01-10 12:00:00,F1_R4,14,1,1.11,12,10,1,22.66,57.31,767.42,0.617
2025-01-10 13:00:00,F1_R4,14,1,1.11,13,10,1,23.05,56.79,762.35,0.578
2025-01-10 14:00:00,F1_R4,14,1,1.11,14,10,1,23.07,56.32,757.97,0.578
2025-01-10 15:00:00,F1_R4,14,1,1.11,15,10,1,22.96,55.28,741.86,0.582
2025-01-10 16:00:00,F1_R4,14,1,1.11,16,10,1,21.52,52.55,686.92,0.516
2025-01-10 17:00:00,F1_R4,14,1,1.11,17,10,1,20.07,50.11,600.76,0.413
2025-01-10 18:00:00,F1_R4,14,1,1.11,18,10,1,19.29,46.09,508.03,0.284
2025-01-10 19:00:00,F1_R4,14,1,1.11,19,10,1,17.41,42.43,454.51,0.225
2025-01-10 20:00:00,F1_R4,14,1,1.11,20,10,1,15.83,40.7,432.65,0.208
2025-01-10 21:00:00,F1_R4,14,1,1.11,21,10,1,14.88,37.08,424.17,0.202
2025-01-10 22:00:00,F1_R4,14,1,1.11,22,10,1,14.0,34.95,421.39,0.201
2025-01-10 23:00:00,F1_R4,14,1,1.11,23,10,1,13.82,32.42,420.45,0.2
2025-01-11 00:00:00,F1_R4,14,1,1.11,0,11,1,12.82,30.5,420.02,0.2
2025-01-11 01:00:00,F1_R4,14,1,1.11,1,11,1,13.31,30.81,420.05,0.2
2025-01-11 02:00:00,F1_R4,14,1,1.11,2,11,1,13.18,32.14,420.15,0.2
2025-01-11 03:00:00,F1_R4,14,1,1.11,3,11,1,13.02,33.9,420.47,0.2
2025-01-11 04:00:00,F1_R4,14,1,1.11,4,11,1,13.11,34.8,421.38,0.201
2025-01-11 05:00:00,F1_R4,14,1,1.11,5,11,1,13.73,37.08,424.17,0.202
2025-01-11 06:00:00,F1_R4,14,1,1.11,6,11,1,14.17,40.76,432.67,0.208
2025-01-11 07:00:00,F1_R4,14,1,1.11,7,11,1,15.14,43.52,455.57,0.228
2025-01-11 08:00:00,F1_R4,14,1,1.11,8,11,1,16.16,46.31,508.57,0.286
2025-01-11 09:00:00,F1_R4,14,1,1.11,9,11,1,17.68,50.23,601.33,0.415
2025-01-11 10:00:00,F1_R4,14,1,1.11,10,11,1,18.68,52.83,688.99,0.525
2025-01-11 11:00:00,F1_R4,14,1,1.11,11,11,1,20.87,55.33,742.29,0.584
2025-01-11 12:00:00,F1_R4,14,1,1.11,12,11,1,22.66,57.31,767.42,0.617
2025-01-11 13:00:00,F1_R4,14,1,1.11,13,11,1,23.05,56.79,762.35,0.578
2025-01-11 14:00:00,F1_R4,14,1,1.11,14,11,1,23.07,56.32,757.97,0.578
2025-01-11 15:00:00,F1_R4,14,1,1.11,15,11,1,22.96,55.28,741.86,0.582
2025-01-11 16:00:00,F1_R4,14,1,1.11,16,11,1,21.52,52.55,686.92,0.516
2025-01-11 17:00:00,F1_R4,14,1,1.11,17,11,1,20.07,50.11,600.76,0.413
2025-01-11 18:00:00,F1_R4,14,1,1.11,18,11,1,19.29,46.09,508.03,0.284
2025-01-11 19:00:00,F1_R4,14,1,1.11,19,11,1,17.41,42.43,454.51,0.225
2025-01-11 20:00:00,F1_R4,14,1,1.11,20,11,1,15.83,40.7,432.65,0.208
2025-01-11 21:00:00,F1_R4,14,1,1.11,21,11,1,14.88,37.08,424.17,0.202
2025-01-11 22:00:00,F1_R4,14,1,1.11,22,11,1,14.0,34.95,421.39,0.201
2025-01-11 23:00:00,F1_R4,14,1,1.11,23,11,1,13.82,32.42,420.45,0.2
2025-01-12 00:00:00,F1_R4,14,1,1.11,0,12,1,12.82,30.5,420.02,0.2
2025-01-12 01:00:00,F1_R4,14,1,1.11,1,12,1,13.31,30.81,420.05,0.2
2025-01-12 02:00:00,F1_R4,14,1,1.11,2,12,1,13.18,32.14,420.15,0.2
2025-01-12 03:00:00,F1_R4,14,1,1.11,3,12,1,13.02,33.9,420.47,0.2
2025-01-12 04:00:00,F1_R4,14,1,1.11,4,12,1,13.11,34.8,421.38,0.201
2025-01-12 05:00:00,F1_R4,14,1,1.11,5,12,1,13.73,37.08,424.17,0.202
2025-01-12 06:00:00,F1_R4,14,1,1.11,6,12,1,14.17,40.76,432.67,0.208
2025-01-12 07:00:00,F1_R4,14,1,1.11,7,12,1,15.14,43.52,455.57,0.228
2025-01-12 08:00:00,F1_R4,14,1,1.11,8,12,1,16.16,46.31,508.57,0.286
2025-01-12 09:00:00,F1_R4,14,1,1.11,9,12,1,17.68,50.23,601.33,0.415
2025-01-12 10:00:00,F1_R4,14,1,1.11,10,12,1,18.68,52.83,688.99,0.525
2025-01-12 11:00:00,F1_R4,14,1,1.11,11,12,1,20.87,55.33,742.29,0.584
2025-01-12 12:00:00,F1_R4,14,1,1.11,12,12,1,22.66,57.31,767.42,0.617
2025-01-12 13:00:00,F1_R4,14,1,1.11,13,12,1,23.05,56.79,762.35,0.578
2025-01-12 14:00:00,F1_R4,14,1,1.11,14,12,1,23.07,56.32,757.97,0.578
2025-01-12 15:00:00,F1_R4,14,1,1.11,15,12,1,22.96,55.28,741.86,0.582
2025-01-12 16:00:00,F1_R4,14,1,1.11,16,12,1,21.52,52.55,686.92,0.516
2025-01-12 17:00:00,F1_R4,14,1,1.11,17,12,1,20.07,50.11,600.76,0.413
2025-01-12 18:00:00,F1_R4,14,1,1.11,18,12,1,19.29,46.09,508.03,0.284
2025-01-12 19:00:00,F1_R4,14,1,1.11,19,12,1,17.41,42.43,454.51,0.225
2025-01-12 20:00:00,F1_R4,14,1,1.11,20,12,1,15.83,40.7,432.65,0.208
2025-01-12 21:00:00,F1_R4,14,1,1.11,21,12,1,14.88,37.08,424.17,0.202
2025-01-12 22:00:00,F1_R4,14,1,1.11,22,12,1,14.0,34.95,421.39,0.201
2025-01-12 23:00:00,F1_R4,14,1,1.11,23,12,1,13.82,32.42,420.45,0.2
2025-01-13 00:00:00,F1_R4,14,1,1.11,0,13,1,12.82,30.5,420.02,0.2
2025-01-13 01:00:00,F1_R4,14,1,1.11,1,13,1,13.31,30.81,420.05,0.2
2025-01-13 02:00:00,F1_R4,14,1,1.11,2,13,1,13.18,32.14,420.15,0.2
2025-01-13 03:00:00,F1_R4,14,1,1.11,3,13,1,13.02,33.9,420.47,0.2
2025-01-13 04:00:00,F1_R4,14,1,1.11,4,13,1,13.11,34.8,421.38,0.201
2025-01-13 05:00:00,F1_R4,14,1,1.11,5,13,1,13.73,37.08,424.17,0.205
2025-01-13 06:00:00,F1_R4,14,1,1.11,6,13,1,14.17,40.76,432.67,0.219
2025-01-13 07:00:00,F1_R4,14,1,1.11,7,13,1,15.14,43.52,455.57,0.267
2025-01-13 08:00:00,F1_R4,14,1,1.11,8,13,1,16.16,46.31,508.57,0.411
2025-01-13 09:00:00,F1_R4,14,1,1.11,9,13,1,17.68,50.23,601.33,0.715
2025-01-13 10:00:00,F1_R4,14,1,1.11,10,13,1,18.68,52.83,688.99,1.0
2025-01-13 11:00:00,F1_R4,14,1,1.11,11,13,1,20.87,55.33,742.29,1.145
2025-01-13 12:00:00,F1_R4,14,1,1.11,12,13,1,22.66,57.31,767.42,1.205
2025-01-13 13:00:00,F1_R4,14,1,1.11,13,13,1,23.05,56.79,762.35,1.172
2025-01-13 14:00:00,F1_R4,14,1,1.11,14,13,1,23.07,56.32,757.97,1.167
2025-01-13 15:00:00,F1_R4,14,1,1.11,15,13,1,22.96,55.28,741.86,1.143
2025-01-13 16:00:00,F1_R4,14,1,1.11,16,13,1,21.52,52.55,686.92,0.991
2025-01-13 17:00:00,F1_R4,14,1,1.11,17,13,1,20.07,50.11,600.76,0.713
2025-01-13 18:00:00,F1_R4,14,1,1.11,18,13,1,19.29,46.09,508.03,0.409
2025-01-13 19:00:00,F1_R4,14,1,1.11,19,13,1,17.41,42.43,454.51,0.264
2025-01-13 20:00:00,F1_R4,14,1,1.11,20,13,1,15.83,40.7,432.65,0.219
2025-01-13 21:00:00,F1_R4,14,1,1.11,21,13,1,14.88,37.08,424.17,0.205
2025-01-13 22:00:00,F1_R4,14,1,1.11,22,13,1,14.0,34.95,421.39,0.201
2025-01-13 23:00:00,F1_R4,14,1,1.11,23,13,1,13.82,32.42,420.45,0.2
2025-01-14 00:00:00,F1_R4,14,1,1.11,0,14,1,12.82,30.5,420.02,0.2
2025-01-14 01:00:00,F1_R4,14,1,1.11,1,14,1,13.31,30.81,420.05,0.2
2025-01-14 02:00:00,F1_R4,14,1,1.11,2,14,1,13.18,32.14,420.15,0.2
2025-01-14 03:00:00,F1_R4,14,1,1.11,3,14,1,13.02,33.9,420.47,0.2
2025-01-14 04:00:00,F1_R4,14,1,1.11,4,14,1,13.11,34.8,421.38,0.201
2025-01-14 05:00:00,F1_R4,14,1,1.11,5,14,1,13.73,37.08,424.17,0.205
2025-01-14 06:00:00,F1_R4,14,1,1.11,6,14,1,14.17,40.76,432.67,0.219
2025-01-14 07:00:00,F1_R4,14,1,1.11,7,14,1,15.14,43.52,455.57,0.267
2025-01-14 08:00:00,F1_R4,14,1,1.11,8,14,1,16.16,46.31,508.57,0.411
2025-01-14 09:00:00,F1_R4,14,1,1.11,9,14,1,17.68,50.23,601.33,0.715
2025-01-14 10:00:00,F1_R4,14,1,1.11,10,14,1,18.68,52.83,688.99,1.0
2025-01-14 11:00:00,F1_R4,14,1,1.11,11,14,1,20.87,55.33,742.29,1.145
2025-01-14 12:00:00,F1_R4,14,1,1.11,12,14,1,22.66,57.31,767.42,1.205
2025-01-14 13:00:00,F1_R4,14,1,1.11,13,14,1,23.05,56.79,762.35,1.172
2025-01-14 14:00:00,F1_R4,14,1,1.11,14,14,1,23.07,56.32,757.97,1.167
2025-01-14 15:00:00,F1_R4,14,1,1.11,15,14,1,22.96,55.28,741.86,1.143
2025-01-14 16:00:00,F1_R4,14,1,1.11,16,14,1,21.52,52.55,686.92,0.991
2025-01-14 17:00:00,F1_R4,14,1,1.11,17,14,1,20.07,50.11,600.76,0.713
2025-01-14 18:00:00,F1_R4,14,1,1.11,18,14,1,19.29,46.09,508.03,0.409
2025-01-14 19:00:00,F1_R4,14,1,1.11,19,14,1,17.41,42.43,454.51,0.264
2025-01-14 20:00:00,F1_R4,14,1,1.11,20,14,1,15.83,40.7,432.65,0.219
2025-01-14 21:00:00,F1_R4,14,1,1.11,21,14,1,14.88,37.08,424.17,0.205
2025-01-14 22:00:00,F1_R4,14,1,1.11,22,14,1,14.0,34.95,421.39,0.201
2025-01-14 23:00:00,F1_R4,14,1,1.11,23,14,1,13.82,32.42,420.45,0.2
2025-01-15 00:00:00,F1_R4,14,1,1.11,0,15,1,12.82,30.5,420.02,0.2
2025-01-15 01:00:00,F1_R4,14,1,1.11,1,15,1,13.31,30.81,420.05,0.2
2025-01-15 02:00:00,F1_R4,14,1,1.11,2,15,1,13.18,32.14,420.15,0.2
2025-01-15 03:00:00,F1_R4,14,1,1.11,3,15,1,13.02,33.9,420.47,0.2
2025-01-15 04:00:00,F1_R4,14,1,1.11,4,15,1,13.11,34.8,421.38,0.201
2025-01-15 05:00:00,F1_R4,14,1,1.11,5,15,1,13.73,37.08,424.17,0.202
2025-01-15 06:00:00,F1_R4,14,1,1.11,6,15,1,14.17,40.76,432.67,0.208
2025-01-15 07:00:00,F1_R4,14,1,1.11,7,15,1,15.14,43.52,455.57,0.228
2025-01-15 08:00:00,F1_R4,14,1,1.11,8,15,1,16.16,46.31,508.57,0.286
2025-01-15 09:00:00,F1_R4,14,1,1.11,9,15,1,17.68,50.23,601.33,0.415
2025-01-15 10:00:00,F1_R4,14,1,1.11,10,15,1,18.68,52.83,688.99,0.525
2025-01-15 11:00:00,F1_R4,14,1,1.11,11,15,1,20.87,55.33,742.29,0.584
2025-01-15 12:00:00,F1_R4,14,1,1.11,12,15,1,22.66,57.31,767.42,0.617
2025-01-15 13:00:00,F1_R4,14,1,1.11,13,15,1,23.05,56.79,762.35,0.578
2025-01-15 14:00:00,F1_R4,14,1,1.11,14,15,1,23.07,56.32,757.97,0.578
2025-01-15 15:00:00,F1_R4,14,1,1.11,15,15,1,22.96,55.28,741.86,0.582
2025-01-15 16:00:00,F1_R4,14,1,1.11,16,15,1,21.52,52.55,686.92,0.516
2025-01-15 17:00:00,F1_R4,14,1,1.11,17,15,1,20.07,50.11,600.76,0.413
2025-01-15 18:00:00,F1_R4,14,1,1.11,18,15,1,19.29,46.09,508.03,0.284
2025-01-15 19:00:00,F1_R4,14,1,1.11,19,15,1,17.41,42.43,454.51,0.225
2025-01-15 20:00:00,F1_R4,14,1,1.11,20,15,1,15.83,40.7,432.65,0.208
2025-01-15 21:00:00,F1_R4,14,1,1.11,21,15,1,14.88,37.08,424.17,0.202
2025-01-15 22:00:00,F1_R4,14,1,1.11,22,15,1,14.0,34.95,421.39,0.201
2025-01-15 23:00:00,F1_R4,14,1,1.11,23,15,1,13.82,32.42,420.45,0.2
2025-01-16 00:00:00,F1_R4,14,1,1.11,0,16,1,12.82,30.5,420.02,0.2
2025-01-16 01:00:00,F1_R4,14,1,1.11,1,16,1,13.31,30.81,420.05,0.2
2025-01-16 02:00:00,F1_R4,14,1,1.11,2,16,1,13.18,32.14,420.15,0.2
2025-01-16 03:00:00,F1_R4,14,1,1.11,3,16,1,13.02,33.9,420.47,0.2
2025-01-16 04:00:00,F1_R4,14,1,1.11,4,16,1,13.11,34.8,421.38,0.201
2025-01-16 05:00:00,F1_R4,14,1,1.11,5,16,1,13.73,37.08,424.17,0.202
2025-01-16 06:00:00,F1_R4,14,1,1.11,6,16,1,14.17,40.76,432.67,0.208
2025-01-16 07:00:00,F1_R4,14,1,1.11,7,16,1,15.14,43.52,455.57,0.228
2025-01-16 08:00:00,F1_R4,14,1,1.11,8,16,1,16.16,46.31,508.57,0.286
2025-01-16 09:00:00,F1_R4,14,1,1.11,9,16,1,17.68,50.23,601.33,0.415
2025-01-16 10:00:00,F1_R4,14,1,1.11,10,16,1,18.68,52.83,688.99,0.525
2025-01-16 11:00:00,F1_R4,14,1,1.11,11,16,1,20.87,55.33,742.29,0.584
2025-01-16 12:00:00,F1_R4,14,1,1.11,12,16,1,22.66,57.31,767.42,0.617
2025-01-16 13:00:00,F1_R4,14,1,1.11,13,16,1,23.05,56.79,762.35,0.578
2025-01-16 14:00:00,F1_R4,14,1,1.11,14,16,1,23.07,56.32,757.97,0.578
2025-01-16 15:00:00,F1_R4,14,1,1.11,15,16,1,22.96,55.28,741.86,0.582
2025-01-16 16:00:00,F1_R4,14,1,1.11,16,16,1,21.52,52.55,686.92,0.516
2025-01-16 17:00:00,F1_R4,14,1,1.11,17,16,1,20.07,50.11,600.76,0.413
2025-01-16 18:00:00,F1_R4,14,1,1.11,18,16,1,19.29,46.09,508.03,0.284
2025-01-16 19:00:00,F1_R4,14,1,1.11,19,16,1,17.41,42.43,454.51,0.225
2025-01-16 20:00:00,F1_R4,14,1,1.11,20,16,1,15.83,40.7,432.65,0.208
2025-01-16 21:00:00,F1_R4,14,1,1.11,21,16,1,14.88,37.08,424.17,0.202
2025-01-16 22:00:00,F1_R4,14,1,1.11,22,16,1,14.0,34.95,421.39,0.201
2025-01-16 23:00:00,F1_R4,14,1,1.11,23,16,1,13.82,32.42,420.45,0.2
2025-01-17 00:00:00,F1_R4,14,1,1.11,0,17,1,12.82,30.5,420.02,0.2
2025-01-17 01:00:00,F1_R4,14,1,1.11,1,17,1,13.31,30.81,420.05,0.2
2025-01-17 02:00:00,F1_R4,14,1,1.11,2,17,1,13.18,32.14,420.15,0.2
2025-01-17 03:00:00,F1_R4,14,1,1.11,3,17,1,13.02,33.9,420.47,0.2
2025-01-17 04:00:00,F1_R4,14,1,1.11,4,17,1,13.11,34.8,421.38,0.201
2025-01-17 05:00:00,F1_R4,14,1,1.11,5,17,1,13.73,37.08,424.17,0.202
2025-01-17 06:00:00,F1_R4,14,1,1.11,6,17,1,14.17,40.76,432.67,0.208
2025-01-17 07:00:00,F1_R4,14,1,1.11,7,17,1,15.14,43.52,455.57,0.228
2025-01-17 08:00:00,F1_R4,14,1,1.11,8,17,1,16.16,46.31,508.57,0.286
2025-01-17 09:00:00,F1_R4,14,1,1.11,9,17,1,17.68,50.23,601.33,0.415
2025-01-17 10:00:00,F1_R4,14,1,1.11,10,17,1,18.68,52.83,688.99,0.525
2025-01-17 11:00:00,F1_R4,14,1,1.11,11,17,1,20.87,55.33,742.29,0.584
2025-01-17 12:00:00,F1_R4,14,1,1.11,12,17,1,22.66,57.31,767.42,0.617
2025-01-17 13:00:00,F1_R4,14,1,1.11,13,17,1,23.05,56.79,762.35,0.578
2025-01-17 14:00:00,F1_R4,14,1,1.11,14,17,1,23.07,56.32,757.97,0.578
2025-01-17 15:00:00,F1_R4,14,1,1.11,15,17,1,22.96,55.28,741.86,0.582
2025-01-17 16:00:00,F1_R4,14,1,1.11,16,17,1,21.52,52.55,686.92,0.516
2025-01-17 17:00:00,F1_R4,14,1,1.11,17,17,1,20.07,50.11,600.76,0.413
2025-01-17 18:00:00,F1_R4,14,1,1.11,18,17,1,19.29,46.09,508.03,0.284
2025-01-17 19:00:00,F1_R4,14,1,1.11,19,17,1,17.41,42.43,454.51,0.225
2025-01-17 20:00:00,F1_R4,14,1,1.11,20,17,1,15.83,40.7,432.65,0.208
2025-01-17 21:00:00,F1_R4,14,1,1.11,21,17,1,14.88,37.08,424.17,0.202
2025-01-17 22:00:00,F1_R4,14,1,1.11,22,17,1,14.0,34.95,421.39,0.201
2025-01-17 23:00:00,F1_R4,14,1,1.11,23,17,1,13.82,32.42,420.45,0.2
2025-01-18 00:00:00,F1_R4,14,1,1.11,0,18,1,12.82,30.5,420.02,0.2
2025-01-18 01:00:00,F1_R4,14,1,1.11,1,18,1,13.31,30.81,420.05,0.2
2025-01-18 02:00:00,F1_R4,14,1,1.11,2,18,1,13.18,32.14,420.15,0.2
2025-01-18 03:00:00,F1_R4,14,1,1.11,3,18,1,13.02,33.9,420.47,0.2
2025-01-18 04:00:00,F1_R4,14,1,1.11,4,18,1,13.11,34.8,421.38,0.201
2025-01-18 05:00:00,F1_R4,14,1,1.11,5,18,1,13.73,37.08,424.17,0.202
2025-01-18 06:00:00,F1_R4,14,1,1.11,6,18,1,14.17,40.76,432.67,0.208
2025-01-18 07:00:00,F1_R4,14,1,1.11,7,18,1,15.14,43.52,455.57,0.228
2025-01-18 08:00:00,F1_R4,14,1,1.11,8,18,1,16.16,46.31,508.57,0.286
2025-01-18 09:00:00,F1_R4,14,1,1.11,9,18,1,17.68,50.23,601.33,0.415
2025-01-18 10:00:00,F1_R4,14,1,1.11,10,18,1,18.68,52.83,688.99,0.525
2025-01-18 11:00:00,F1_R4,14,1,1.11,11,18,1,20.87,55.33,742.29,0.584
2025-01-18 12:00:00,F1_R4,14,1,1.11,12,18,1,22.66,57.31,767.42,0.617
2025-01-18 13:00:00,F1_R4,14,1,1.11,13,18,1,23.05,56.79,762.35,0.578
2025-01-18 14:00:00,F1_R4,14,1,1.11,14,18,1,23.07,56.32,757.97,0.578
2025-01-18 15:00:00,F1_R4,14,1,1.11,15,18,1,22.96,55.28,741.86,0.582
2025-01-18 16:00:00,F1_R4,14,1,1.11,16,18,1,21.52,52.55,686.92,0.516
2025-01-18 17:00:00,F1_R4,14,1,1.11,17,18,1,20.07,50.11,600.76,0.413
2025-01-18 18:00:00,F1_R4,14,1,1.11,18,18,1,19.29,46.09,508.03,0.284
2025-01-18 19:00:00,F1_R4,14,1,1.11,19,18,1,17.41,42.43,454.51,0.225
2025-01-18 20:00:00,F1_R4,14,1,1.11,20,18,1,15.83,40.7,432.65,0.208
2025-01-18 21:00:00,F1_R4,14,1,1.11,21,18,1,14.88,37.08,424.17,0.202
2025-01-18 22:00:00,F1_R4,14,1,1.11,22,18,1,14.0,34.95,421.39,0.201
2025-01-18 23:00:00,F1_R4,14,1,1.11,23,18,1,13.82,32.42,420.45,0.2
2025-01-19 00:00:00,F1_R4,14,1,1.11,0,19,1,12.82,30.5,420.02,0.2
2025-01-19 01:00:00,F1_R4,14,1,1.11,1,19,1,13.31,30.81,420.05,0.2
2025-01-19 02:00:00,F1_R4,14,1,1.11,2,19,1,13.18,32.14,420.15,0.2
2025-01-19 03:00:00,F1_R4,14,1,1.11,3,19,1,13.02,33.9,420.47,0.2
2025-01-19 04:00:00,F1_R4,14,1,1.11,4,19,1,13.11,34.8,421.38,0.201
2025-01-19 05:00:00,F1_R4,14,1,1.11,5,19,1,13.73,37.08,424.17,0.202
2025-01-19 06:00:00,F1_R4,14,1,1.11,6,19,1,14.17,40.76,432.67,0.208
2025-01-19 07:00:00,F1_R4,14,1,1.11,7,19,1,15.14,43.52,455.57,0.228
2025-01-19 08:00:00,F1_R4,14,1,1.11,8,19,1,16.16,46.31,508.57,0.286
2025-01-19 09:00:00,F1_R4,14,1,1.11,9,19,1,17.68,50.23,601.33,0.415
2025-01-19 10:00:00,F1_R4,14,1,1.11,10,19,1,18.68,52.83,688.99,0.525
2025-01-19 11:00:00,F1_R4,14,1,1.11,11,19,1,20.87,55.33,742.29,0.584
2025-01-19 12:00:00,F1_R4,14,1,1.11,12,19,1,22.66,57.31,767.42,0.617
2025-01-19 13:00:00,F1_R4,14,1,1.11,13,19,1,23.05,56.79,762.35,0.578
2025-01-19 14:00:00,F1_R4,14,1,1.11,14,19,1,23.07,56.32,757.97,0.578
2025-01-19 15:00:00,F1_R4,14,1,1.11,15,19,1,22.96,55.28,741.86,0.582
2025-01-19 16:00:00,F1_R4,14,1,1.11,16,19,1,21.52,52.55,686.92,0.516
2025-01-19 17:00:00,F1_R4,14,1,1.11,17,19,1,20.07,50.11,600.76,0.413
2025-01-19 18:00:00,F1_R4,14,1,1.11,18,19,1,19.29,46.09,508.03,0.284
2025-01-19 19:00:00,F1_R4,14,1,1.11,19,19,1,17.41,42.43,454.51,0.225
2025-01-19 20:00:00,F1_R4,14,1,1.11,20,19,1,15.83,40.7,432.65,0.208
2025-01-19 21:00:00,F1_R4,14,1,1.11,21,19,1,14.88,37.08,424.17,0.202
2025-01-19 22:00:00,F1_R4,14,1,1.11,22,19,1,14.0,34.95,421.39,0.201
2025-01-19 23:00:00,F1_R4,14,1,1.11,23,19,1,13.82,32.42,420.45,0.2
2025-01-20 00:00:00,F1_R4,14,1,1.11,0,20,1,12.82,30.5,420.02,0.2
2025-01-20 01:00:00,F1_R4,14,1,1.11,1,20,1,13.31,30.81,420.05,0.2
2025-01-20 02:00:00,F1_R4,14,1,1.11,2,20,1,13.18,32.14,420.15,0.2
2025-01-20 03:00:00,F1_R4,14,1,1.11,3,20,1,13.02,33.9,420.47,0.2
2025-01-20 04:00:00,F1_R4,14,1,1.11,4,20,1,13.11,34.8,421.38,0.201
2025-01-20 05:00:00,F1_R4,14,1,1.11,5,20,1,13.73,37.08,424.17,0.205
2025-01-20 06:00:00,F1_R4,14,1,1.11,6,20,1,14.17,40.76,432.67,0.219
2025-01-20 07:00:00,F1_R4,14,1,1.11,7,20,1,15.14,43.52,455.57,0.267
2025-01-20 08:00:00,F1_R4,14,1,1.11,8,20,1,16.16,46.31,508.57,0.411
2025-01-20 09:00:00,F1_R4,14,1,1.11,9,20,1,17.68,50.23,601.33,0.715
2025-01-20 10:00:00,F1_R4,14,1,1.11,10,20,1,18.68,52.83,688.99,1.0
2025-01-20 11:00:00,F1_R4,14,1,1.11,11,20,1,20.87,55.33,742.29,1.145
2025-01-20 12:00:00,F1_R4,14,1,1.11,12,20,1,22.66,57.31,767.42,1.205
2025-01-20 13:00:00,F1_R4,14,1,1.11,13,20,1,23.05,56.79,762.35,1.172
2025-01-20 14:00:00,F1_R4,14,1,1.11,14,20,1,23.07,56.32,757.97,1.167
2025-01-20 15:00:00,F1_R4,14,1,1.11,15,20,1,22.96,55.28,741.86,1.143
2025-01-20 16:00:00,F1_R4,14,1,1.11,16,20,1,21.52,52.55,686.92,0.991
2025-01-20 17:00:00,F1_R4,14,1,1.11,17,20,1,20.07,50.11,600.76,0.713
2025-01-20 18:00:00,F1_R4,14,1,1.11,18,20,1,19.29,46.09,508.03,0.409
2025-01-20 19:00:00,F1_R4,14,1,1.11,19,20,1,17.41,42.43,454.51,0.264
2025-01-20 20:00:00,F1_R4,14,1,1.11,20,20,1,15.83,40.7,432.65,0.219
2025-01-20 21:00:00,F1_R4,14,1,1.11,21,20,1,14.88,37.08,424.17,0.205
2025-01-20 22:00:00,F1_R4,14,1,1.11,22,20,1,14.0,34.95,421.39,0.201
2025-01-20 23:00:00,F1_R4,14,1,1.11,23,20,1,13.82,32.42,420.45,0.2
2025-01-21 00:00:00,F1_R4,14,1,1.11,0,21,1,12.82,30.5,420.02,0.2
2025-01-21 01:00:00,F1_R4,14,1,1.11,1,21,1,13.31,30.81,420.05,0.2
2025-01-21 02:00:00,F1_R4,14,1,1.11,2,21,1,13.18,32.14,420.15,0.2
2025-01-21 03:00:00,F1_R4,14,1,1.11,3,21,1,13.02,33.9,420.47,0.2
2025-01-21 04:00:00,F1_R4,14,1,1.11,4,21,1,13.11,34.8,421.38,0.201
2025-01-21 05:00:00,F1_R4,14,1,1.11,5,21,1,13.73,37.08,424.17,0.205
2025-01-21 06:00:00,F1_R4,14,1,1.11,6,21,1,14.17,40.76,432.67,0.219
2025-01-21 07:00:00,F1_R4,14,1,1.11,7,21,1,15.14,43.52,455.57,0.267
2025-01-21 08:00:00,F1_R4,14,1,1.11,8,21,1,16.16,46.31,508.57,0.411
2025-01-21 09:00:00,F1_R4,14,1,1.11,9,21,1,17.68,50.23,601.33,0.715
2025-01-21 10:00:00,F1_R4,14,1,1.11,10,21,1,18.68,52.83,688.99,1.0
2025-01-21 11:00:00,F1_R4,14,1,1.11,11,21,1,20.87,55.33,742.29,1.145
2025-01-21 12:00:00,F1_R4,14,1,1.11,12,21,1,22.66,57.31,767.42,1.205
2025-01-21 13:00:00,F1_R4,14,1,1.11,13,21,1,23.05,56.79,762.35,1.172
2025-01-21 14:00:00,F1_R4,14,1,1.11,14,21,1,23.07,56.32,757.97,1.167
2025-01-21 15:00:00,F1_R4,14,1,1.11,15,21,1,22.96,55.28,741.86,1.143
2025-01-21 16:00:00,F1_R4,14,1,1.11,16,21,1,21.52,52.55,686.92,0.991
2025-01-21 17:00:00,F1_R4,14,1,1.11,17,21,1,20.07,50.11,600.76,0.713
2025-01-21 18:00:00,F1_R4,14,1,1.11,18,21,1,19.29,46.09,508.03,0.409
2025-01-21 19:00:00,F1_R4,14,1,1.11,19,21,1,17.41,42.43,454.51,0.264
2025-01-21 20:00:00,F1_R4,14,1,1.11,20,21,1,15.83,40.7,432.65,0.219
2025-01-21 21:00:00,F1_R4,14,1,1.11,21,21,1,14.88,37.08,424.17,0.205
2025-01-21 22:00:00,F1_R4,14,1,1.11,22,21,1,14.0,34.95,421.39,0.201
2025-01-21 23:00:00,F1_R4,14,1,1.11,23,21,1,13.82,32.42,420.45,0.2
2025-01-22 00:00:00,F1_R4,14,1,1.11,0,22,1,12.82,30.5,420.02,0.2
2025-01-22 01:00:00,F1_R4,14,1,1.11,1,22,1,13.31,30.81,420.05,0.2
2025-01-22 02:00:00,F1_R4,14,1,1.11,2,22,1,13.18,32.14,420.15,0.2
2025-01-22 03:00:00,F1_R4,14,1,1.11,3,22,1,13.02,33.9,420.47,0.2
2025-01-22 04:00:00,F1_R4,14,1,1.11,4,22,1,13.11,34.8,421.38,0.201
2025-01-22 05:00:00,F1_R4,14,1,1.11,5,22,1,13.73,37.08,424.17,0.202
2025-01-22 06:00:00,F1_R4,14,1,1.11,6,22,1,14.17,40.76,432.67,0.208
2025-01-22 07:00:00,F1_R4,14,1,1.11,7,22,1,15.14,43.52,455.57,0.228
2025-01-22 08:00:00,F1_R4,14,1,1.11,8,22,1,16.16,46.31,508.57,0.286
2025-01-22 09:00:00,F1_R4,14,1,1.11,9,22,1,17.68,50.23,601.33,0.415
2025-01-22 10:00:00,F1_R4,14,1,1.11,10,22,1,18.68,52.83,688.99,0.525
2025-01-22 11:00:00,F1_R4,14,1,1.11,11,22,1,20.87,55.33,742.29,0.584
2025-01-22 12:00:00,F1_R4,14,1,1.11,12,22,1,22.66,57.31,767.42,0.617
2025-01-22 13:00:00,F1_R4,14,1,1.11,13,22,1,23.05,56.79,762.35,0.578
2025-01-22 14:00:00,F1_R4,14,1,1.11,14,22,1,23.07,56.32,757.97,0.578
2025-01-22 15:00:00,F1_R4,14,1,1.11,15,22,1,22.96,55.28,741.86,0.582
2025-01-22 16:00:00,F1_R4,14,1,1.11,16,22,1,21.52,52.55,686.92,0.516
2025-01-22 17:00:00,F1_R4,14,1,1.11,17,22,1,20.07,50.11,600.76,0.413
2025-01-22 18:00:00,F1_R4,14,1,1.11,18,22,1,19.29,46.09,508.03,0.284
2025-01-22 19:00:00,F1_R4,14,1,1.11,19,22,1,17.41,42.43,454.51,0.225
2025-01-22 20:00:00,F1_R4,14,1,1.11,20,22,1,15.83,40.7,432.65,0.208
2025-01-22 21:00:00,F1_R4,14,1,1.11,21,22,1,14.88,37.08,424.17,0.202
2025-01-22 22:00:00,F1_R4,14,1,1.11,22,22,1,14.0,34.95,421.39,0.201
2025-01-22 23:00:00,F1_R4,14,1,1.11,23,22,1,13.82,32.42,420.45,0.2
2025-01-23 00:00:00,F1_R4,14,1,1.11,0,23,1,12.82,30.5,420.02,0.2
2025-01-23 01:00:00,F1_R4,14,1,1.11,1,23,1,13.31,30.81,420.05,0.2
2025-01-23 02:00:00,F1_R4,14,1,1.11,2,23,1,13.18,32.14,420.15,0.2
2025-01-23 03:00:00,F1_R4,14,1,1.11,3,23,1,13.02,33.9,420.47,0.2
2025-01-23 04:00:00,F1_R4,14,1,1.11,4,23,1,13.11,34.8,421.38,0.201
2025-01-23 05:00:00,F1_R4,14,1,1.11,5,23,1,13.73,37.08,424.17,0.202
2025-01-23 06:00:00,F1_R4,14,1,1.11,6,23,1,14.17,40.76,432.67,0.208
2025-01-23 07:00:00,F1_R4,14,1,1.11,7,23,1,15.14,43.52,455.57,0.228
2025-01-23 08:00:00,F1_R4,14,1,1.11,8,23,1,16.16,46.31,508.57,0.286
2025-01-23 09:00:00,F1_R4,14,1,1.11,9,23,1,17.68,50.23,601.33,0.415
2025-01-23 10:00:00,F1_R4,14,1,1.11,10,23,1,18.68,52.83,688.99,0.525
2025-01-23 11:00:00,F1_R4,14,1,1.11,11,23,1,20.87,55.33,742.29,0.584
2025-01-23 12:00:00,F1_R4,14,1,1.11,12,23,1,22.66,57.31,767.42,0.617
2025-01-23 13:00:00,F1_R4,14,1,1.11,13,23,1,23.05,56.79,762.35,0.578
2025-01-23 14:00:00,F1_R4,14,1,1.11,14,23,1,23.07,56.32,757.97,0.578
2025-01-23 15:00:00,F1_R4,14,1,1.11,15,23,1,22.96,55.28,741.86,0.582
2025-01-23 16:00:00,F1_R4,14,1,1.11,16,23,1,21.52,52.55,686.92,0.516
2025-01-23 17:00:00,F1_R4,14,1,1.11,17,23,1,20.07,50.11,600.76,0.413
2025-01-23 18:00:00,F1_R4,14,1,1.11,18,23,1,19.29,46.09,508.03,0.284
2025-01-23 19:00:00,F1_R4,14,1,1.11,19,23,1,17.41,42.43,454.51,0.225
2025-01-23 20:00:00,F1_R4,14,1,1.11,20,23,1,15.83,40.7,432.65,0.208
2025-01-23 21:00:00,F1_R4,14,1,1.11,21,23,1,14.88,37.08,424.17,0.202
2025-01-23 22:00:00,F1_R4,14,1,1.11,22,23,1,14.0,34.95,421.39,0.201
2025-01-23 23:00:00,F1_R4,14,1,1.11,23,23,1,13.82,32.42,420.45,0.2
2025-01-24 00:00:00,F1_R4,14,1,1.11,0,24,1,12.82,30.5,420.02,0.2
2025-01-24 01:00:00,F1_R4,14,1,1.11,1,24,1,13.31,30.81,420.05,0.2
2025-01-24 02:00:00,F1_R4,14,1,1.11,2,24,1,13.18,32.14,420.15,0.2
2025-01-24 03:00:00,F1_R4,14,1,1.11,3,24,1,13.02,33.9,420.47,0.2
2025-01-24 04:00:00,F1_R4,14,1,1.11,4,24,1,13.11,34.8,421.38,0.201
2025-01-24 05:00:00,F1_R4,14,1,1.11,5,24,1,13.73,37.08,424.17,0.202
2025-01-24 06:00:00,F1_R4,14,1,1.11,6,24,1,14.17,40.76,432.67,0.208
2025-01-24 07:00:00,F1_R4,14,1,1.11,7,24,1,15.14,43.52,455.57,0.228
2025-01-24 08:00:00,F1_R4,14,1,1.11,8,24,1,16.16,46.31,508.57,0.286
2025-01-24 09:00:00,F1_R4,14,1,1.11,9,24,1,17.68,50.23,601.33,0.415
2025-01-24 10:00:00,F1_R4,14,1,1.11,10,24,1,18.68,52.83,688.99,0.525
2025-01-24 11:00:00,F1_R4,14,1,1.11,11,24,1,20.87,55.33,742.29,0.584
2025-01-24 12:00:00,F1_R4,14,1,1.11,12,24,1,22.66,57.31,767.42,0.617
2025-01-24 13:00:00,F1_R4,14,1,1.11,13,24,1,23.05,56.79,762.35,0.578
2025-01-24 14:00:00,F1_R4,14,1,1.11,14,24,1,23.07,56.32,757.97,0.578
2025-01-24 15:00:00,F1_R4,14,1,1.11,15,24,1,22.96,55.28,741.86,0.582
2025-01-24 16:00:00,F1_R4,14,1,1.11,16,24,1,21.52,52.55,686.92,0.516
2025-01-24 17:00:00,F1_R4,14,1,1.11,17,24,1,20.07,50.11,600.76,0.413
2025-01-24 18:00:00,F1_R4,14,1,1.11,18,24,1,19.29,46.09,508.03,0.284
2025-01-24 19:00:00,F1_R4,14,1,1.11,19,24,1,17.41,42.43,454.51,0.225
2025-01-24 20:00:00,F1_R4,14,1,1.11,20,24,1,15.83,40.7,432.65,0.208
2025-01-24 21:00:00,F1_R4,14,1,1.11,21,24,1,14.88,37.08,424.17,0.202
2025-01-24 22:00:00,F1_R4,14,1,1.11,22,24,1,14.0,34.95,421.39,0.201
2025-01-24 23:00:00,F1_R4,14,1,1.11,23,24,1,13.82,32.42,420.45,0.2
2025-01-25 00:00:00,F1_R4,14,1,1.11,0,25,1,12.82,30.5,420.02,0.2
2025-01-25 01:00:00,F1_R4,14,1,1.11,1,25,1,13.31,30.81,420.05,0.2
2025-01-25 02:00:00,F1_R4,14,1,1.11,2,25,1,13.18,32.14,420.15,0.2
2025-01-25 03:00:00,F1_R4,14,1,1.11,3,25,1,13.02,33.9,420.47,0.2
2025-01-25 04:00:00,F1_R4,14,1,1.11,4,25,1,13.11,34.8,421.38,0.201
2025-01-25 05:00:00,F1_R4,14,1,1.11,5,25,1,13.73,37.08,424.17,0.202
2025-01-25 06:00:00,F1_R4,14,1,1.11,6,25,1,14.17,40.76,432.67,0.208
2025-01-25 07:00:00,F1_R4,14,1,1.11,7,25,1,15.14,43.52,455.57,0.228
2025-01-25 08:00:00,F1_R4,14,1,1.11,8,25,1,16.16,46.31,508.57,0.286
2025-01-25 09:00:00,F1_R4,14,1,1.11,9,25,1,17.68,50.23,601.33,0.415
2025-01-25 10:00:00,F1_R4,14,1,1.11,10,25,1,18.68,52.83,688.99,0.525
2025-01-25 11:00:00,F1_R4,14,1,1.11,11,25,1,20.87,55.33,742.29,0.584
2025-01-25 12:00:00,F1_R4,14,1,1.11,12,25,1,22.66,57.31,767.42,0.617
2025-01-25 13:00:00,F1_R4,14,1,1.11,13,25,1,23.05,56.79,762.35,0.578
2025-01-25 14:00:00,F1_R4,14,1,1.11,14,25,1,23.07,56.32,757.97,0.578
2025-01-25 15:00:00,F1_R4,14,1,1.11,15,25,1,22.96,55.28,741.86,0.582
2025-01-25 16:00:00,F1_R4,14,1,1.11,16,25,1,21.52,52.55,686.92,0.516
2025-01-25 17:00:00,F1_R4,14,1,1.11,17,25,1,20.07,50.11,600.76,0.413
2025-01-25 18:00:00,F1_R4,14,1,1.11,18,25,1,19.29,46.09,508.03,0.284
2025-01-25 19:00:00,F1_R4,14,1,1.11,19,25,1,17.41,42.43,454.51,0.225
2025-01-25 20:00:00,F1_R4,14,1,1.11,20,25,1,15.83,40.7,432.65,0.208
2025-01-25 21:00:00,F1_R4,14,1,1.11,21,25,1,14.88,37.08,424.17,0.202
2025-01-25 22:00:00,F1_R4,14,1,1.11,22,25,1,14.0,34.95,421.39,0.201
2025-01-25 23:00:00,F1_R4,14,1,1.11,23,25,1,13.82,32.42,420.45,0.2
2025-01-26 00:00:00,F1_R4,14,1,1.11,0,26,1,12.82,30.5,420.02,0.2
2025-01-26 01:00:00,F1_R4,14,1,1.11,1,26,1,13.31,30.81,420.05,0.2
2025-01-26 02:00:00,F1_R4,14,1,1.11,2,26,1,13.18,32.14,420.15,0.2
2025-01-26 03:00:00,F1_R4,14,1,1.11,3,26,1,13.02,33.9,420.47,0.2
2025-01-26 04:00:00,F1_R4,14,1,1.11,4,26,1,13.11,34.8,421.38,0.201
2025-01-26 05:00:00,F1_R4,14,1,1.11,5,26,1,13.73,37.08,424.17,0.202
2025-01-26 06:00:00,F1_R4,14,1,1.11,6,26,1,14.17,40.76,432.67,0.208
2025-01-26 07:00:00,F1_R4,14,1,1.11,7,26,1,15.14,43.52,455.57,0.228
2025-01-26 08:00:00,F1_R4,14,1,1.11,8,26,1,16.16,46.31,508.57,0.286
2025-01-26 09:00:00,F1_R4,14,1,1.11,9,26,1,17.68,50.23,601.33,0.415
2025-01-26 10:00:00,F1_R4,14,1,1.11,10,26,1,18.68,52.83,688.99,0.525
2025-01-26 11:00:00,F1_R4,14,1,1.11,11,26,1,20.87,55.33,742.29,0.584
2025-01-26 12:00:00,F1_R4,14,1,1.11,12,26,1,22.66,57.31,767.42,0.617
2025-01-26 13:00:00,F1_R4,14,1,1.11,13,26,1,23.05,56.79,762.35,0.578
2025-01-26 14:00:00,F1_R4,14,1,1.11,14,26,1,23.07,56.32,757.97,0.578
2025-01-26 15:00:00,F1_R4,14,1,1.11,15,26,1,22.96,55.28,741.86,0.582
2025-01-26 16:00:00,F1_R4,14,1,1.11,16,26,1,21.52,52.55,686.92,0.516
2025-01-26 17:00:00,F1_R4,14,1,1.11,17,26,1,20.07,50.11,600.76,0.413
2025-01-26 18:00:00,F1_R4,14,1,1.11,18,26,1,19.29,46.09,508.03,0.284
2025-01-26 19:00:00,F1_R4,14,1,1.11,19,26,1,17.41,42.43,454.51,0.225
2025-01-26 20:00:00,F1_R4,14,1,1.11,20,26,1,15.83,40.7,432.65,0.208
2025-01-26 21:00:00,F1_R4,14,1,1.11,21,26,1,14.88,37.08,424.17,0.202
2025-01-26 22:00:00,F1_R4,14,1,1.11,22,26,1,14.0,34.95,421.39,0.201
2025-01-26 23:00:00,F1_R4,14,1,1.11,23,26,1,13.82,32.42,420.45,0.2
2025-01-27 00:00:00,F1_R4,14,1,1.11,0,27,1,12.82,30.5,420.02,0.2
2025-01-27 01:00:00,F1_R4,14,1,1.11,1,27,1,13.31,30.81,420.05,0.2
2025-01-27 02:00:00,F1_R4,14,1,1.11,2,27,1,13.18,32.14,420.15,0.2
2025-01-27 03:00:00,F1_R4,14,1,1.11,3,27,1,13.02,33.9,420.47,0.2
2025-01-27 04:00:00,F1_R4,14,1,1.11,4,27,1,13.11,34.8,421.38,0.201
2025-01-27 05:00:00,F1_R4,14,1,1.11,5,27,1,13.73,37.08,424.17,0.205
2025-01-27 06:00:00,F1_R4,14,1,1.11,6,27,1,14.17,40.76,432.67,0.219
2025-01-27 07:00:00,F1_R4,14,1,1.11,7,27,1,15.14,43.52,455.57,0.267
2025-01-27 08:00:00,F1_R4,14,1,1.11,8,27,1,16.16,46.31,508.57,0.411
2025-01-27 09:00:00,F1_R4,14,1,1.11,9,27,1,17.68,50.23,601.33,0.715
2025-01-27 10:00:00,F1_R4,14,1,1.11,10,27,1,18.68,52.83,688.99,1.0
2025-01-27 11:00:00,F1_R4,14,1,1.11,11,27,1,20.87,55.33,742.29,1.145
2025-01-27 12:00:00,F1_R4,14,1,1.11,12,27,1,22.66,57.31,767.42,1.205
2025-01-27 13:00:00,F1_R4,14,1,1.11,13,27,1,23.05,56.79,762.35,1.172
2025-01-27 14:00:00,F1_R4,14,1,1.11,14,27,1,23.07,56.32,757.97,1.167
2025-01-27 15:00:00,F1_R4,14,1,1.11,15,27,1,22.96,55.28,741.86,1.143
2025-01-27 16:00:00,F1_R4,14,1,1.11,16,27,1,21.52,52.55,686.92,0.991
2025-01-27 17:00:00,F1_R4,14,1,1.11,17,27,1,20.07,50.11,600.76,0.713
2025-01-27 18:00:00,F1_R4,14,1,1.11,18,27,1,19.29,46.09,508.03,0.409
2025-01-27 19:00:00,F1_R4,14,1,1.11,19,27,1,17.41,42.43,454.51,0.264
2025-01-27 20:00:00,F1_R4,14,1,1.11,20,27,1,15.83,40.7,432.65,0.219
2025-01-27 21:00:00,F1_R4,14,1,1.11,21,27,1,14.88,37.08,424.17,0.205
2025-01-27 22:00:00,F1_R4,14,1,1.11,22,27,1,14.0,34.95,421.39,0.201
2025-01-27 23:00:00,F1_R4,14,1,1.11,23,27,1,13.82,32.42,420.45,0.2
2025-01-28 00:00:00,F1_R4,14,1,1.11,0,28,1,12.82,30.5,420.02,0.2
2025-01-28 01:00:00,F1_R4,14,1,1.11,1,28,1,13.31,30.81,420.05,0.2
2025-01-28 02:00:00,F1_R4,14,1,1.11,2,28,1,13.18,32.14,420.15,0.2
2025-01-28 03:00:00,F1_R4,14,1,1.11,3,28,1,13.02,33.9,420.47,0.2
2025-01-28 04:00:00,F1_R4,14,1,1.11,4,28,1,13.11,34.8,421.38,0.201
2025-01-28 05:00:00,F1_R4,14,1,1.11,5,28,1,13.73,37.08,424.17,0.205
2025-01-28 06:00:00,F1_R4,14,1,1.11,6,28,1,14.17,40.76,432.67,0.219
2025-01-28 07:00:00,F1_R4,14,1,1.11,7,28,1,15.14,43.52,455.57,0.267
2025-01-28 08:00:00,F1_R4,14,1,1.11,8,28,1,16.16,46.31,508.57,0.411
2025-01-28 09:00:00,F1_R4,14,1,1.11,9,28,1,17.68,50.23,601.33,0.715
2025-01-28 10:00:00,F1_R4,14,1,1.11,10,28,1,18.68,52.83,688.99,1.0
2025-01-28 11:00:00,F1_R4,14,1,1.11,11,28,1,20.87,55.33,742.29,1.145
2025-01-28 12:00:00,F1_R4,14,1,1.11,12,28,1,22.66,57.31,767.42,1.205
2025-01-28 13:00:00,F1_R4,14,1,1.11,13,28,1,23.05,56.79,762.35,1.172
2025-01-28 14:00:00,F1_R4,14,1,1.11,14,28,1,23.07,56.32,757.97,1.167
2025-01-28 15:00:00,F1_R4,14,1,1.11,15,28,1,22.96,55.28,741.86,1.143
2025-01-28 16:00:00,F1_R4,14,1,1.11,16,28,1,21.52,52.55,686.92,0.991
2025-01-28 17:00:00,F1_R4,14,1,1.11,17,28,1,20.07,50.11,600.76,0.713
2025-01-28 18:00:00,F1_R4,14,1,1.11,18,28,1,19.29,46.09,508.03,0.409
2025-01-28 19:00:00,F1_R4,14,1,1.11,19,28,1,17.41,42.43,454.51,0.264
2025-01-28 20:00:00,F1_R4,14,1,1.11,20,28,1,15.83,40.7,432.65,0.219
2025-01-28 21:00:00,F1_R4,14,1,1.11,21,28,1,14.88,37.08,424.17,0.205
2025-01-28 22:00:00,F1_R4,14,1,1.11,22,28,1,14.0,34.95,421.39,0.201
2025-01-28 23:00:00,F1_R4,14,1,1.11,23,28,1,13.82,32.42,420.45,0.2
2025-01-29 00:00:00,F1_R4,14,1,1.11,0,29,1,12.82,30.5,420.02,0.2
2025-01-29 01:00:00,F1_R4,14,1,1.11,1,29,1,13.31,30.81,420.05,0.2
2025-01-29 02:00:00,F1_R4,14,1,1.11,2,29,1,13.18,32.14,420.15,0.2
2025-01-29 03:00:00,F1_R4,14,1,1.11,3,29,1,13.02,33.9,420.47,0.2
2025-01-29 04:00:00,F1_R4,14,1,1.11,4,29,1,13.11,34.8,421.38,0.201
2025-01-29 05:00:00,F1_R4,14,1,1.11,5,29,1,13.73,37.08,424.17,0.202
2025-01-29 06:00:00,F1_R4,14,1,1.11,6,29,1,14.17,40.76,432.67,0.208
2025-01-29 07:00:00,F1_R4,14,1,1.11,7,29,1,15.14,43.52,455.57,0.228
2025-01-29 08:00:00,F1_R4,14,1,1.11,8,29,1,16.16,46.31,508.57,0.286
2025-01-29 09:00:00,F1_R4,14,1,1.11,9,29,1,17.68,50.23,601.33,0.415
2025-01-29 10:00:00,F1_R4,14,1,1.11,10,29,1,18.68,52.83,688.99,0.525
2025-01-29 11:00:00,F1_R4,14,1,1.11,11,29,1,20.87,55.33,742.29,0.584
2025-01-29 12:00:00,F1_R4,14,1,1.11,12,29,1,22.66,57.31,767.42,0.617
2025-01-29 13:00:00,F1_R4,14,1,1.11,13,29,1,23.05,56.79,762.35,0.578
2025-01-29 14:00:00,F1_R4,14,1,1.11,14,29,1,23.07,56.32,757.97,0.578
2025-01-29 15:00:00,F1_R4,14,1,1.11,15,29,1,22.96,55.28,741.86,0.582
2025-01-29 16:00:00,F1_R4,14,1,1.11,16,29,1,21.52,52.55,686.92,0.516
2025-01-29 17:00:00,F1_R4,14,1,1.11,17,29,1,20.07,50.11,600.76,0.413
2025-01-29 18:00:00,F1_R4,14,1,1.11,18,29,1,19.29,46.09,508.03,0.284
2025-01-29 19:00:00,F1_R4,14,1,1.11,19,29,1,17.41,42.43,454.51,0.225
2025-01-29 20:00:00,F1_R4,14,1,1.11,20,29,1,15.83,40.7,432.65,0.208
2025-01-29 21:00:00,F1_R4,14,1,1.11,21,29,1,14.88,37.08,424.17,0.202
2025-01-29 22:00:00,F1_R4,14,1,1.11,22,29,1,14.0,34.95,421.39,0.201
2025-01-29 23:00:00,F1_R4,14,1,1.11,23,29,1,13.82,32.42,420.45,0.2
2025-01-30 00:00:00,F1_R4,14,1,1.11,0,30,1,12.82,30.5,420.02,0.2
2025-01-30 01:00:00,F1_R4,14,1,1.11,1,30,1,13.31,30.81,420.05,0.2
2025-01-30 02:00:00,F1_R4,14,1,1.11,2,30,1,13.18,32.14,420.15,0.2
2025-01-30 03:00:00,F1_R4,14,1,1.11,3,30,1,13.02,33.9,420.47,0.2
2025-01-30 04:00:00,F1_R4,14,1,1.11,4,30,1,13.11,34.8,421.38,0.201
2025-01-30 05:00:00,F1_R4,14,1,1.11,5,30,1,13.73,37.08,424.17,0.202
2025-01-30 06:00:00,F1_R4,14,1,1.11,6,30,1,14.17,40.76,432.67,0.208
2025-01-30 07:00:00,F1_R4,14,1,1.11,7,30,1,15.14,43.52,455.57,0.228
2025-01-30 08:00:00,F1_R4,14,1,1.11,8,30,1,16.16,46.31,508.57,0.286
2025-01-30 09:00:00,F1_R4,14,1,1.11,9,30,1,17.68,50.23,601.33,0.415
2025-01-30 10:00:00,F1_R4,14,1,1.11,10,30,1,18.68,52.83,688.99,0.525
2025-01-30 11:00:00,F1_R4,14,1,1.11,11,30,1,20.87,55.33,742.29,0.584
2025-01-30 12:00:00,F1_R4,14,1,1.11,12,30,1,22.66,57.31,767.42,0.617
2025-01-30 13:00:00,F1_R4,14,1,1.11,13,30,1,23.05,56.79,762.35,0.578
2025-01-30 14:00:00,F1_R4,14,1,1.11,14,30,1,23.07,56.32,757.97,0.578
2025-01-30 15:00:00,F1_R4,14,1,1.11,15,30,1,22.96,55.28,741.86,0.582
2025-01-30 16:00:00,F1_R4,14,1,1.11,16,30,1,21.52,52.55,686.92,0.516
2025-01-30 17:00:00,F1_R4,14,1,1.11,17,30,1,20.07,50.11,600.76,0.413
2025-01-30 18:00:00,F1_R4,14,1,1.11,18,30,1,19.29,46.09,508.03,0.284
2025-01-30 19:00:00,F1_R4,14,1,1.11,19,30,1,17.41,42.43,454.51,0.225
2025-01-30 20:00:00,F1_R4,14,1,1.11,20,30,1,15.83,40.7,432.65,0.208
2025-01-30 21:00:00,F1_R4,14,1,1.11,21,30,1,14.88,37.08,424.17,0.202
2025-01-30 22:00:00,F1_R4,14,1,1.11,22,30,1,14.0,34.95,421.39,0.201
2025-01-30 23:00:00,F1_R4,14,1,1.11,23,30,1,13.82,32.42,420.45,0.2
2025-01-31 00:00:00,F1_R4,14,1,1.11,0,31,1,12.82,30.5,420.02,0.2
2025-01-31 01:00:00,F1_R4,14,1,1.11,1,31,1,13.31,30.81,420.05,0.2
2025-01-31 02:00:00,F1_R4,14,1,1.11,2,31,1,13.18,32.14,420.15,0.2
2025-01-31 03:00:00,F1_R4,14,1,1.11,3,31,1,13.02,33.9,420.47,0.2
2025-01-31 04:00:00,F1_R4,14,1,1.11,4,31,1,13.11,34.8,421.38,0.201
2025-01-31 05:00:00,F1_R4,14,1,1.11,5,31,1,13.73,37.08,424.17,0.202
2025-01-31 06:00:00,F1_R4,14,1,1.11,6,31,1,14.17,40.76,432.67,0.208
2025-01-31 07:00:00,F1_R4,14,1,1.11,7,31,1,15.14,43.52,455.57,0.228
2025-01-31 08:00:00,F1_R4,14,1,1.11,8,31,1,16.16,46.31,508.57,0.286
2025-01-31 09:00:00,F1_R4,14,1,1.11,9,31,1,17.68,50.23,601.33,0.415
2025-01-31 10:00:00,F1_R4,14,1,1.11,10,31,1,18.68,52.83,688.99,0.525
2025-01-31 11:00:00,F1_R4,14,1,1.11,11,31,1,20.87,55.33,742.29,0.584
2025-01-31 12:00:00,F1_R4,14,1,1.11,12,31,1,22.66,57.31,767.42,0.617
2025-01-31 13:00:00,F1_R4,14,1,1.11,13,31,1,23.05,56.79,762.35,0.578
2025-01-31 14:00:00,F1_R4,14,1,1.11,14,31,1,23.07,56.32,757.97,0.578
2025-01-31 15:00:00,F1_R4,14,1,1.11,15,31,1,22.96,55.28,741.86,0.582
2025-01-31 16:00:00,F1_R4,14,1,1.11,16,31,1,21.52,52.55,686.92,0.516
2025-01-31 17:00:00,F1_R4,14,1,1.11,17,31,1,20.07,50.11,600.76,0.413
2025-01-31 18:00:00,F1_R4,14,1,1.11,18,31,1,19.29,46.09,508.03,0.284
2025-01-31 19:00:00,F1_R4,14,1,1.11,19,31,1,17.41,42.43,454.51,0.225
2025-01-31 20:00:00,F1_R4,14,1,1.11,20,31,1,15.83,40.7,432.65,0.208
2025-01-31 21:00:00,F1_R4,14,1,1.11,21,31,1,14.88,37.08,424.17,0.202
2025-01-31 22:00:00,F1_R4,14,1,1.11,22,31,1,14.0,34.95,421.39,0.201
2025-01-31 23:00:00,F1_R4,14,1,1.11,23,31,1,13.82,32.42,420.45,0.2
2025-02-01 00:00:00,F1_R4,14,1,1.11,0,1,2,12.82,30.5,420.02,0.2
2025-02-01 01:00:00,F1_R4,14,1,1.11,1,1,2,13.31,30.81,420.05,0.2
2025-02-01 02:00:00,F1_R4,14,1,1.11,2,1,2,13.18,32.14,420.15,0.2
2025-02-01 03:00:00,F1_R4,14,1,1.11,3,1,2,13.02,33.9,420.47,0.2
2025-02-01 04:00:00,F1_R4,14,1,1.11,4,1,2,13.11,34.8,421.38,0.201
2025-02-01 05:00:00,F1_R4,14,1,1.11,5,1,2,13.73,37.08,424.17,0.202
2025-02-01 06:00:00,F1_R4,14,1,1.11,6,1,2,14.17,40.76,432.67,0.208
2025-02-01 07:00:00,F1_R4,14,1,1.11,7,1,2,15.14,43.52,455.57,0.228
2025-02-01 08:00:00,F1_R4,14,1,1.11,8,1,2,16.16,46.31,508.57,0.286
2025-02-01 09:00:00,F1_R4,14,1,1.11,9,1,2,17.68,50.23,601.33,0.415
2025-02-01 10:00:00,F1_R4,14,1,1.11,10,1,2,18.68,52.83,688.99,0.525
2025-02-01 11:00:00,F1_R4,14,1,1.11,11,1,2,20.87,55.33,742.29,0.584
2025-02-01 12:00:00,F1_R4,14,1,1.11,12,1,2,22.66,57.31,767.42,0.617
2025-02-01 13:00:00,F1_R4,14,1,1.11,13,1,2,23.05,56.79,762.35,0.578
2025-02-01 14:00:00,F1_R4,14,1,1.11,14,1,2,23.07,56.32,757.97,0.578
2025-02-01 15:00:00,F1_R4,14,1,1.11,15,1,2,22.96,55.28,741.86,0.582
2025-02-01 16:00:00,F1_R4,14,1,1.11,16,1,2,21.52,52.55,686.92,0.516
2025-02-01 17:00:00,F1_R4,14,1,1.11,17,1,2,20.07,50.11,600.76,0.413
2025-02-01 18:00:00,F1_R4,14,1,1.11,18,1,2,19.29,46.09,508.03,0.284
2025-02-01 19:00:00,F1_R4,14,1,1.11,19,1,2,17.41,42.43,454.51,0.225
2025-02-01 20:00:00,F1_R4,14,1,1.11,20,1,2,15.83,40.7,432.65,0.208
2025-02-01 21:00:00,F1_R4,14,1,1.11,21,1,2,14.88,37.08,424.17,0.202
2025-02-01 22:00:00,F1_R4,14,1,1.11,22,1,2,14.0,34.95,421.39,0.201
2025-02-01 23:00:00,F1_R4,14,1,1.11,23,1,2,13.82,32.42,420.45,0.2
2025-02-02 00:00:00,F1_R4,14,1,1.11,0,2,2,12.82,30.5,420.02,0.2
2025-02-02 01:00:00,F1_R4,14,1,1.11,1,2,2,13.31,30.81,420.05,0.2
2025-02-02 02:00:00,F1_R4,14,1,1.11,2,2,2,13.18,32.14,420.15,0.2
2025-02-02 03:00:00,F1_R4,14,1,1.11,3,2,2,13.02,33.9,420.47,0.2
2025-02-02 04:00:00,F1_R4,14,1,1.11,4,2,2,13.11,34.8,421.38,0.201
2025-02-02 05:00:00,F1_R4,14,1,1.11,5,2,2,13.73,37.08,424.17,0.202
2025-02-02 06:00:00,F1_R4,14,1,1.11,6,2,2,14.17,40.76,432.67,0.208
2025-02-02 07:00:00,F1_R4,14,1,1.11,7,2,2,15.14,43.52,455.57,0.228
2025-02-02 08:00:00,F1_R4,14,1,1.11,8,2,2,16.16,46.31,508.57,0.286
2025-02-02 09:00:00,F1_R4,14,1,1.11,9,2,2,17.68,50.23,601.33,0.415
2025-02-02 10:00:00,F1_R4,14,1,1.11,10,2,2,18.68,52.83,688.99,0.525
2025-02-02 11:00:00,F1_R4,14,1,1.11,11,2,2,20.87,55.33,742.29,0.584
2025-02-02 12:00:00,F1_R4,14,1,1.11,12,2,2,22.66,57.31,767.42,0.617
2025-02-02 13:00:00,F1_R4,14,1,1.11,13,2,2,23.05,56.79,762.35,0.578
2025-02-02 14:00:00,F1_R4,14,1,1.11,14,2,2,23.07,56.32,757.97,0.578
2025-02-02 15:00:00,F1_R4,14,1,1.11,15,2,2,22.96,55.28,741.86,0.582
2025-02-02 16:00:00,F1_R4,14,1,1.11,16,2,2,21.52,52.55,686.92,0.516
2025-02-02 17:00:00,F1_R4,14,1,1.11,17,2,2,20.07,50.11,600.76,0.413
2025-02-02 18:00:00,F1_R4,14,1,1.11,18,2,2,19.29,46.09,508.03,0.284
2025-02-02 19:00:00,F1_R4,14,1,1.11,19,2,2,17.41,42.43,454.51,0.225
2025-02-02 20:00:00,F1_R4,14,1,1.11,20,2,2,15.83,40.7,432.65,0.208
2025-02-02 21:00:00,F1_R4,14,1,1.11,21,2,2,14.88,37.08,424.17,0.202
2025-02-02 22:00:00,F1_R4,14,1,1.11,22,2,2,14.0,34.95,421.39,0.201
2025-02-02 23:00:00,F1_R4,14,1,1.11,23,2,2,13.82,32.42,420.45,0.2
2025-02-03 00:00:00,F1_R4,14,1,1.11,0,3,2,12.82,30.5,420.02,0.2
2025-02-03 01:00:00,F1_R4,14,1,1.11,1,3,2,13.31,30.81,420.05,0.2
2025-02-03 02:00:00,F1_R4,14,1,1.11,2,3,2,13.18,32.14,420.15,0.2
2025-02-03 03:00:00,F1_R4,14,1,1.11,3,3,2,13.02,33.9,420.47,0.2
2025-02-03 04:00:00,F1_R4,14,1,1.11,4,3,2,13.11,34.8,421.38,0.201
2025-02-03 05:00:00,F1_R4,14,1,1.11,5,3,2,13.73,37.08,424.17,0.205
2025-02-03 06:00:00,F1_R4,14,1,1.11,6,3,2,14.17,40.76,432.67,0.219
2025-02-03 07:00:00,F1_R4,14,1,1.11,7,3,2,15.14,43.52,455.57,0.267
2025-02-03 08:00:00,F1_R4,14,1,1.11,8,3,2,16.16,46.31,508.57,0.411
2025-02-03 09:00:00,F1_R4,14,1,1.11,9,3,2,17.68,50.23,601.33,0.715
2025-02-03 10:00:00,F1_R4,14,1,1.11,10,3,2,18.68,52.83,688.99,1.0
2025-02-03 11:00:00,F1_R4,14,1,1.11,11,3,2,20.87,55.33,742.29,1.145
2025-02-03 12:00:00,F1_R4,14,1,1.11,12,3,2,22.66,57.31,767.42,1.205
2025-02-03 13:00:00,F1_R4,14,1,1.11,13,3,2,23.05,56.79,762.35,1.172
2025-02-03 14:00:00,F1_R4,14,1,1.11,14,3,2,23.07,56.32,757.97,1.167
2025-02-03 15:00:00,F1_R4,14,1,1.11,15,3,2,22.96,55.28,741.86,1.143
2025-02-03 16:00:00,F1_R4,14,1,1.11,16,3,2,21.52,52.55,686.92,0.991
2025-02-03 17:00:00,F1_R4,14,1,1.11,17,3,2,20.07,50.11,600.76,0.713
2025-02-03 18:00:00,F1_R4,14,1,1.11,18,3,2,19.29,46.09,508.03,0.409
2025-02-03 19:00:00,F1_R4,14,1,1.11,19,3,2,17.41,42.43,454.51,0.264
2025-02-03 20:00:00,F1_R4,14,1,1.11,20,3,2,15.83,40.7,432.65,0.219
2025-02-03 21:00:00,F1_R4,14,1,1.11,21,3,2,14.88,37.08,424.17,0.205
2025-02-03 22:00:00,F1_R4,14,1,1.11,22,3,2,14.0,34.95,421.39,0.201
2025-02-03 23:00:00,F1_R4,14,1,1.11,23,3,2,13.82,32.42,420.45,0.2
2025-02-04 00:00:00,F1_R4,14,1,1.11,0,4,2,12.82,30.5,420.02,0.2
2025-02-04 01:00:00,F1_R4,14,1,1.11,1,4,2,13.31,30.81,420.05,0.2
2025-02-04 02:00:00,F1_R4,14,1,1.11,2,4,2,13.18,32.14,420.15,0.2
2025-02-04 03:00:00,F1_R4,14,1,1.11,3,4,2,13.02,33.9,420.47,0.2
2025-02-04 04:00:00,F1_R4,14,1,1.11,4,4,2,13.11,34.8,421.38,0.201
2025-02-04 05:00:00,F1_R4,14,1,1.11,5,4,2,13.73,37.08,424.17,0.205
2025-02-04 06:00:00,F1_R4,14,1,1.11,6,4,2,14.17,40.76,432.67,0.219
2025-02-04 07:00:00,F1_R4,14,1,1.11,7,4,2,15.14,43.52,455.57,0.267
2025-02-04 08:00:00,F1_R4,14,1,1.11,8,4,2,16.16,46.31,508.57,0.411
2025-02-04 09:00:00,F1_R4,14,1,1.11,9,4,2,17.68,50.23,601.33,0.715
2025-02-04 10:00:00,F1_R4,14,1,1.11,10,4,2,18.68,52.83,688.99,1.0
2025-02-04 11:00:00,F1_R4,14,1,1.11,11,4,2,20.87,55.33,742.29,1.145
2025-02-04 12:00:00,F1_R4,14,1,1.11,12,4,2,22.66,57.31,767.42,1.205
2025-02-04 13:00:00,F1_R4,14,1,1.11,13,4,2,23.05,56.79,762.35,1.172
2025-02-04 14:00:00,F1_R4,14,1,1.11,14,4,2,23.07,56.32,757.97,1.167
2025-02-04 15:00:00,F1_R4,14,1,1.11,15,4,2,22.96,55.28,741.86,1.143
2025-02-04 16:00:00,F1_R4,14,1,1.11,16,4,2,21.52,52.55,686.92,0.991
2025-02-04 17:00:00,F1_R4,14,1,1.11,17,4,2,20.07,50.11,600.76,0.713
2025-02-04 18:00:00,F1_R4,14,1,1.11,18,4,2,19.29,46.09,508.03,0.409
2025-02-04 19:00:00,F1_R4,14,1,1.11,19,4,2,17.41,42.43,454.51,0.264
2025-02-04 20:00:00,F1_R4,14,1,1.11,20,4,2,15.83,40.7,432.65,0.219
2025-02-04 21:00:00,F1_R4,14,1,1.11,21,4,2,14.88,37.08,424.17,0.205
2025-02-04 22:00:00,F1_R4,14,1,1.11,22,4,2,14.0,34.95,421.39,0.201
2025-02-04 23:00:00,F1_R4,14,1,1.11,23,4,2,13.82,32.42,420.45,0.2
2025-02-05 00:00:00,F1_R4,14,1,1.11,0,5,2,12.82,30.5,420.02,0.2
2025-02-05 01:00:00,F1_R4,14,1,1.11,1,5,2,13.31,30.81,420.05,0.2
2025-02-05 02:00:00,F1_R4,14,1,1.11,2,5,2,13.18,32.14,420.15,0.2
2025-02-05 03:00:00,F1_R4,14,1,1.11,3,5,2,13.02,33.9,420.47,0.2
2025-02-05 04:00:00,F1_R4,14,1,1.11,4,5,2,13.11,34.8,421.38,0.201
2025-02-05 05:00:00,F1_R4,14,1,1.11,5,5,2,13.73,37.08,424.17,0.202
2025-02-05 06:00:00,F1_R4,14,1,1.11,6,5,2,14.17,40.76,432.67,0.208
2025-02-05 07:00:00,F1_R4,14,1,1.11,7,5,2,15.14,43.52,455.57,0.228
2025-02-05 08:00:00,F1_R4,14,1,1.11,8,5,2,16.16,46.31,508.57,0.286
2025-02-05 09:00:00,F1_R4,14,1,1.11,9,5,2,17.68,50.23,601.33,0.415
2025-02-05 10:00:00,F1_R4,14,1,1.11,10,5,2,18.68,52.83,688.99,0.525
2025-02-05 11:00:00,F1_R4,14,1,1.11,11,5,2,20.87,55.33,742.29,0.584
2025-02-05 12:00:00,F1_R4,14,1,1.11,12,5,2,22.66,57.31,767.42,0.617
2025-02-05 13:00:00,F1_R4,14,1,1.11,13,5,2,23.05,56.79,762.35,0.578
2025-02-05 14:00:00,F1_R4,14,1,1.11,14,5,2,23.07,56.32,757.97,0.578
2025-02-05 15:00:00,F1_R4,14,1,1.11,15,5,2,22.96,55.28,741.86,0.582
2025-02-05 16:00:00,F1_R4,14,1,1.11,16,5,2,21.52,52.55,686.92,0.516
2025-02-05 17:00:00,F1_R4,14,1,1.11,17,5,2,20.07,50.11,600.76,0.413
2025-02-05 18:00:00,F1_R4,14,1,1.11,18,5,2,19.29,46.09,508.03,0.284
2025-02-05 19:00:00,F1_R4,14,1,1.11,19,5,2,17.41,42.43,454.51,0.225
2025-02-05 20:00:00,F1_R4,14,1,1.11,20,5,2,15.83,40.7,432.65,0.208
2025-02-05 21:00:00,F1_R4,14,1,1.11,21,5,2,14.88,37.08,424.17,0.202
2025-02-05 22:00:00,F1_R4,14,1,1.11,22,5,2,14.0,34.95,421.39,0.201
2025-02-05 23:00:00,F1_R4,14,1,1.11,23,5,2,13.82,32.42,420.45,0.2
2025-02-06 00:00:00,F1_R4,14,1,1.11,0,6,2,12.82,30.5,420.02,0.2
2025-02-06 01:00:00,F1_R4,14,1,1.11,1,6,2,13.31,30.81,420.05,0.2
2025-02-06 02:00:00,F1_R4,14,1,1.11,2,6,2,13.18,32.14,420.15,0.2
2025-02-06 03:00:00,F1_R4,14,1,1.11,3,6,2,13.02,33.9,420.47,0.2
2025-02-06 04:00:00,F1_R4,14,1,1.11,4,6,2,13.11,34.8,421.38,0.201
2025-02-06 05:00:00,F1_R4,14,1,1.11,5,6,2,13.73,37.08,424.17,0.202
2025-02-06 06:00:00,F1_R4,14,1,1.11,6,6,2,14.17,40.76,432.67,0.208
2025-02-06 07:00:00,F1_R4,14,1,1.11,7,6,2,15.14,43.52,455.57,0.228
2025-02-06 08:00:00,F1_R4,14,1,1.11,8,6,2,16.16,46.31,508.57,0.286
2025-02-06 09:00:00,F1_R4,14,1,1.11,9,6,2,17.68,50.23,601.33,0.415
2025-02-06 10:00:00,F1_R4,14,1,1.11,10,6,2,18.68,52.83,688.99,0.525
2025-02-06 11:00:00,F1_R4,14,1,1.11,11,6,2,20.87,55.33,742.29,0.584
2025-02-06 12:00:00,F1_R4,14,1,1.11,12,6,2,22.66,57.31,767.42,0.617
2025-02-06 13:00:00,F1_R4,14,1,1.11,13,6,2,23.05,56.79,762.35,0.578
2025-02-06 14:00:00,F1_R4,14,1,1.11,14,6,2,23.07,56.32,757.97,0.578
2025-02-06 15:00:00,F1_R4,14,1,1.11,15,6,2,22.96,55.28,741.86,0.582
2025-02-06 16:00:00,F1_R4,14,1,1.11,16,6,2,21.52,52.55,686.92,0.516
2025-02-06 17:00:00,F1_R4,14,1,1.11,17,6,2,20.07,50.11,600.76,0.413
2025-02-06 18:00:00,F1_R4,14,1,1.11,18,6,2,19.29,46.09,508.03,0.284
2025-02-06 19:00:00,F1_R4,14,1,1.11,19,6,2,17.41,42.43,454.51,0.225
2025-02-06 20:00:00,F1_R4,14,1,1.11,20,6,2,15.83,40.7,432.65,0.208
2025-02-06 21:00:00,F1_R4,14,1,1.11,21,6,2,14.88,37.08,424.17,0.202
2025-02-06 22:00:00,F1_R4,14,1,1.11,22,6,2,14.0,34.95,421.39,0.201
2025-02-06 23:00:00,F1_R4,14,1,1.11,23,6,2,13.82,32.42,420.45,0.2
2025-02-07 00:00:00,F1_R4,14,1,1.11,0,7,2,12.82,30.5,420.02,0.2
2025-02-07 01:00:00,F1_R4,14,1,1.11,1,7,2,13.31,30.81,420.05,0.2
2025-02-07 02:00:00,F1_R4,14,1,1.11,2,7,2,13.18,32.14,420.15,0.2
2025-02-07 03:00:00,F1_R4,14,1,1.11,3,7,2,13.02,33.9,420.47,0.2
2025-02-07 04:00:00,F1_R4,14,1,1.11,4,7,2,13.11,34.8,421.38,0.201
2025-02-07 05:00:00,F1_R4,14,1,1.11,5,7,2,13.73,37.08,424.17,0.202
2025-02-07 06:00:00,F1_R4,14,1,1.11,6,7,2,14.17,40.76,432.67,0.208
2025-02-07 07:00:00,F1_R4,14,1,1.11,7,7,2,15.14,43.52,455.57,0.228
2025-02-07 08:00:00,F1_R4,14,1,1.11,8,7,2,16.16,46.31,508.57,0.286
2025-02-07 09:00:00,F1_R4,14,1,1.11,9,7,2,17.68,50.23,601.33,0.415
2025-02-07 10:00:00,F1_R4,14,1,1.11,10,7,2,18.68,52.83,688.99,0.525
2025-02-07 11:00:00,F1_R4,14,1,1.11,11,7,2,20.87,55.33,742.29,0.584
2025-02-07 12:00:00,F1_R4,14,1,1.11,12,7,2,22.66,57.31,767.42,0.617
2025-02-07 13:00:00,F1_R4,14,1,1.11,13,7,2,23.05,56.79,762.35,0.578
2025-02-07 14:00:00,F1_R4,14,1,1.11,14,7,2,23.07,56.32,757.97,0.578
2025-02-07 15:00:00,F1_R4,14,1,1.11,15,7,2,22.96,55.28,741.86,0.582
2025-02-07 16:00:00,F1_R4,14,1,1.11,16,7,2,21.52,52.55,686.92,0.516
2025-02-07 17:00:00,F1_R4,14,1,1.11,17,7,2,20.07,50.11,600.76,0.413
2025-02-07 18:00:00,F1_R4,14,1,1.11,18,7,2,19.29,46.09,508.03,0.284
2025-02-07 19:00:00,F1_R4,14,1,1.11,19,7,2,17.41,42.43,454.51,0.225
2025-02-07 20:00:00,F1_R4,14,1,1.11,20,7,2,15.83,40.7,432.65,0.208
2025-02-07 21:00:00,F1_R4,14,1,1.11,21,7,2,14.88,37.08,424.17,0.202
2025-02-07 22:00:00,F1_R4,14,1,1.11,22,7,2,14.0,34.95,421.39,0.201
2025-02-07 23:00:00,F1_R4,14,1,1.11,23,7,2,13.82,32.42,420.45,0.2
2025-02-08 00:00:00,F1_R4,14,1,1.11,0,8,2,12.82,30.5,420.02,0.2
2025-02-08 01:00:00,F1_R4,14,1,1.11,1,8,2,13.31,30.81,420.05,0.2
2025-02-08 02:00:00,F1_R4,14,1,1.11,2,8,2,13.18,32.14,420.15,0.2
2025-02-08 03:00:00,F1_R4,14,1,1.11,3,8,2,13.02,33.9,420.47,0.2
2025-02-08 04:00:00,F1_R4,14,1,1.11,4,8,2,13.11,34.8,421.38,0.201
2025-02-08 05:00:00,F1_R4,14,1,1.11,5,8,2,13.73,37.08,424.17,0.202
2025-02-08 06:00:00,F1_R4,14,1,1.11,6,8,2,14.17,40.76,432.67,0.208
2025-02-08 07:00:00,F1_R4,14,1,1.11,7,8,2,15.14,43.52,455.57,0.228
2025-02-08 08:00:00,F1_R4,14,1,1.11,8,8,2,16.16,46.31,508.57,0.286
2025-02-08 09:00:00,F1_R4,14,1,1.11,9,8,2,17.68,50.23,601.33,0.415
2025-02-08 10:00:00,F1_R4,14,1,1.11,10,8,2,18.68,52.83,688.99,0.525
2025-02-08 11:00:00,F1_R4,14,1,1.11,11,8,2,20.87,55.33,742.29,0.584
2025-02-08 12:00:00,F1_R4,14,1,1.11,12,8,2,22.66,57.31,767.42,0.617
2025-02-08 13:00:00,F1_R4,14,1,1.11,13,8,2,23.05,56.79,762.35,0.578
2025-02-08 14:00:00,F1_R4,14,1,1.11,14,8,2,23.07,56.32,757.97,0.578
2025-02-08 15:00:00,F1_R4,14,1,1.11,15,8,2,22.96,55.28,741.86,0.582
2025-02-08 16:00:00,F1_R4,14,1,1.11,16,8,2,21.52,52.55,686.92,0.516
2025-02-08 17:00:00,F1_R4,14,1,1.11,17,8,2,20.07,50.11,600.76,0.413
2025-02-08 18:00:00,F1_R4,14,1,1.11,18,8,2,19.29,46.09,508.03,0.284
2025-02-08 19:00:00,F1_R4,14,1,1.11,19,8,2,17.41,42.43,454.51,0.225
2025-02-08 20:00:00,F1_R4,14,1,1.11,20,8,2,15.83,40.7,432.65,0.208
2025-02-08 21:00:00,F1_R4,14,1,1.11,21,8,2,14.88,37.08,424.17,0.202
2025-02-08 22:00:00,F1_R4,14,1,1.11,22,8,2,14.0,34.95,421.39,0.201
2025-02-08 23:00:00,F1_R4,14,1,1.11,23,8,2,13.82,32.42,420.45,0.2
2025-02-09 00:00:00,F1_R4,14,1,1.11,0,9,2,12.82,30.5,420.02,0.2
2025-02-09 01:00:00,F1_R4,14,1,1.11,1,9,2,13.31,30.81,420.05,0.2
2025-02-09 02:00:00,F1_R4,14,1,1.11,2,9,2,13.18,32.14,420.15,0.2
2025-02-09 03:00:00,F1_R4,14,1,1.11,3,9,2,13.02,33.9,420.47,0.2
2025-02-09 04:00:00,F1_R4,14,1,1.11,4,9,2,13.11,34.8,421.38,0.201
2025-02-09 05:00:00,F1_R4,14,1,1.11,5,9,2,13.73,37.08,424.17,0.202
2025-02-09 06:00:00,F1_R4,14,1,1.11,6,9,2,14.17,40.76,432.67,0.208
2025-02-09 07:00:00,F1_R4,14,1,1.11,7,9,2,15.14,43.52,455.57,0.228
2025-02-09 08:00:00,F1_R4,14,1,1.11,8,9,2,16.16,46.31,508.57,0.286
2025-02-09 09:00:00,F1_R4,14,1,1.11,9,9,2,17.68,50.23,601.33,0.415
2025-02-09 10:00:00,F1_R4,14,1,1.11,10,9,2,18.68,52.83,688.99,0.525
2025-02-09 11:00:00,F1_R4,14,1,1.11,11,9,2,20.87,55.33,742.29,0.584
2025-02-09 12:00:00,F1_R4,14,1,1.11,12,9,2,22.66,57.31,767.42,0.617
2025-02-09 13:00:00,F1_R4,14,1,1.11,13,9,2,23.05,56.79,762.35,0.578
2025-02-09 14:00:00,F1_R4,14,1,1.11,14,9,2,23.07,56.32,757.97,0.578
2025-02-09 15:00:00,F1_R4,14,1,1.11,15,9,2,22.96,55.28,741.86,0.582
2025-02-09 16:00:00,F1_R4,14,1,1.11,16,9,2,21.52,52.55,686.92,0.516
2025-02-09 17:00:00,F1_R4,14,1,1.11,17,9,2,20.07,50.11,600.76,0.413
2025-02-09 18:00:00,F1_R4,14,1,1.11,18,9,2,19.29,46.09,508.03,0.284
2025-02-09 19:00:00,F1_R4,14,1,1.11,19,9,2,17.41,42.43,454.51,0.225
2025-02-09 20:00:00,F1_R4,14,1,1.11,20,9,2,15.83,40.7,432.65,0.208
2025-02-09 21:00:00,F1_R4,14,1,1.11,21,9,2,14.88,37.08,424.17,0.202
2025-02-09 22:00:00,F1_R4,14,1,1.11,22,9,2,14.0,34.95,421.39,0.201
2025-02-09 23:00:00,F1_R4,14,1,1.11,23,9,2,13.82,32.42,420.45,0.2
2025-02-10 00:00:00,F1_R4,14,1,1.11,0,10,2,12.82,30.5,420.02,0.2
2025-02-10 01:00:00,F1_R4,14,1,1.11,1,10,2,13.31,30.81,420.05,0.2
2025-02-10 02:00:00,F1_R4,14,1,1.11,2,10,2,13.18,32.14,420.15,0.2
2025-02-10 03:00:00,F1_R4,14,1,1.11,3,10,2,13.02,33.9,420.47,0.2
2025-02-10 04:00:00,F1_R4,14,1,1.11,4,10,2,13.11,34.8,421.38,0.201
2025-02-10 05:00:00,F1_R4,14,1,1.11,5,10,2,13.73,37.08,424.17,0.205
2025-02-10 06:00:00,F1_R4,14,1,1.11,6,10,2,14.17,40.76,432.67,0.219
2025-02-10 07:00:00,F1_R4,14,1,1.11,7,10,2,15.14,43.52,455.57,0.267
2025-02-10 08:00:00,F1_R4,14,1,1.11,8,10,2,16.16,46.31,508.57,0.411
2025-02-10 09:00:00,F1_R4,14,1,1.11,9,10,2,17.68,50.23,601.33,0.715
2025-02-10 10:00:00,F1_R4,14,1,1.11,10,10,2,18.68,52.83,688.99,1.0
2025-02-10 11:00:00,F1_R4,14,1,1.11,11,10,2,20.87,55.33,742.29,1.145
2025-02-10 12:00:00,F1_R4,14,1,1.11,12,10,2,22.66,57.31,767.42,1.205
2025-02-10 13:00:00,F1_R4,14,1,1.11,13,10,2,23.05,56.79,762.35,1.172
2025-02-10 14:00:00,F1_R4,14,1,1.11,14,10,2,23.07,56.32,757.97,1.167
2025-02-10 15:00:00,F1_R4,14,1,1.11,15,10,2,22.96,55.28,741.86,1.143
2025-02-10 16:00:00,F1_R4,14,1,1.11,16,10,2,21.52,52.55,686.92,0.991
2025-02-10 17:00:00,F1_R4,14,1,1.11,17,10,2,20.07,50.11,600.76,0.713
2025-02-10 18:00:00,F1_R4,14,1,1.11,18,10,2,19.29,46.09,508.03,0.409
2025-02-10 19:00:00,F1_R4,14,1,1.11,19,10,2,17.41,42.43,454.51,0.264
2025-02-10 20:00:00,F1_R4,14,1,1.11,20,10,2,15.83,40.7,432.65,0.219
2025-02-10 21:00:00,F1_R4,14,1,1.11,21,10,2,14.88,37.08,424.17,0.205
2025-02-10 22:00:00,F1_R4,14,1,1.11,22,10,2,14.0,34.95,421.39,0.201
2025-02-10 23:00:00,F1_R4,14,1,1.11,23,10,2,13.82,32.42,420.45,0.2
2025-02-11 00:00:00,F1_R4,14,1,1.11,0,11,2,12.82,30.5,420.02,0.2
2025-02-11 01:00:00,F1_R4,14,1,1.11,1,11,2,13.31,30.81,420.05,0.2
2025-02-11 02:00:00,F1_R4,14,1,1.11,2,11,2,13.18,32.14,420.15,0.2
2025-02-11 03:00:00,F1_R4,14,1,1.11,3,11,2,13.02,33.9,420.47,0.2
2025-02-11 04:00:00,F1_R4,14,1,1.11,4,11,2,13.11,34.8,421.38,0.201
2025-02-11 05:00:00,F1_R4,14,1,1.11,5,11,2,13.73,37.08,424.17,0.205
2025-02-11 06:00:00,F1_R4,14,1,1.11,6,11,2,14.17,40.76,432.67,0.219
2025-02-11 07:00:00,F1_R4,14,1,1.11,7,11,2,15.14,43.52,455.57,0.267
2025-02-11 08:00:00,F1_R4,14,1,1.11,8,11,2,16.16,46.31,508.57,0.411
2025-02-11 09:00:00,F1_R4,14,1,1.11,9,11,2,17.68,50.23,601.33,0.715
2025-02-11 10:00:00,F1_R4,14,1,1.11,10,11,2,18.68,52.83,688.99,1.0
2025-02-11 11:00:00,F1_R4,14,1,1.11,11,11,2,20.87,55.33,742.29,1.145
2025-02-11 12:00:00,F1_R4,14,1,1.11,12,11,2,22.66,57.31,767.42,1.205
2025-02-11 13:00:00,F1_R4,14,1,1.11,13,11,2,23.05,56.79,762.35,1.172
2025-02-11 14:00:00,F1_R4,14,1,1.11,14,11,2,23.07,56.32,757.97,1.167
2025-02-11 15:00:00,F1_R4,14,1,1.11,15,11,2,22.96,55.28,741.86,1.143
2025-02-11 16:00:00,F1_R4,14,1,1.11,16,11,2,21.52,52.55,686.92,0.991
2025-02-11 17:00:00,F1_R4,14,1,1.11,17,11,2,20.07,50.11,600.76,0.713
2025-02-11 18:00:00,F1_R4,14,1,1.11,18,11,2,19.29,46.09,508.03,0.409
2025-02-11 19:00:00,F1_R4,14,1,1.11,19,11,2,17.41,42.43,454.51,0.264
2025-02-11 20:00:00,F1_R4,14,1,1.11,20,11,2,15.83,40.7,432.65,0.219
2025-02-11 21:00:00,F1_R4,14,1,1.11,21,11,2,14.88,37.08,424.17,0.205
2025-02-11 22:00:00,F1_R4,14,1,1.11,22,11,2,14.0,34.95,421.39,0.201
2025-02-11 23:00:00,F1_R4,14,1,1.11,23,11,2,13.82,32.42,420.45,0.2
2025-02-12 00:00:00,F1_R4,14,1,1.11,0,12,2,12.82,30.5,420.02,0.2
2025-02-12 01:00:00,F1_R4,14,1,1.11,1,12,2,13.31,30.81,420.05,0.2
2025-02-12 02:00:00,F1_R4,14,1,1.11,2,12,2,13.18,32.14,420.15,0.2
2025-02-12 03:00:00,F1_R4,14,1,1.11,3,12,2,13.02,33.9,420.47,0.2
2025-02-12 04:00:00,F1_R4,14,1,1.11,4,12,2,13.11,34.8,421.38,0.201
2025-02-12 05:00:00,F1_R4,14,1,1.11,5,12,2,13.73,37.08,424.17,0.202
2025-02-12 06:00:00,F1_R4,14,1,1.11,6,12,2,14.17,40.76,432.67,0.208
2025-02-12 07:00:00,F1_R4,14,1,1.11,7,12,2,15.14,43.52,455.57,0.228
2025-02-12 08:00:00,F1_R4,14,1,1.11,8,12,2,16.16,46.31,508.57,0.286
2025-02-12 09:00:00,F1_R4,14,1,1.11,9,12,2,17.68,50.23,601.33,0.415
2025-02-12 10:00:00,F1_R4,14,1,1.11,10,12,2,18.68,52.83,688.99,0.525
2025-02-12 11:00:00,F1_R4,14,1,1.11,11,12,2,20.87,55.33,742.29,0.584
2025-02-12 12:00:00,F1_R4,14,1,1.11,12,12,2,22.66,57.31,767.42,0.617
2025-02-12 13:00:00,F1_R4,14,1,1.11,13,12,2,23.05,56.79,762.35,0.578
2025-02-12 14:00:00,F1_R4,14,1,1.11,14,12,2,23.07,56.32,757.97,0.578
2025-02-12 15:00:00,F1_R4,14,1,1.11,15,12,2,22.96,55.28,741.86,0.582
2025-02-12 16:00:00,F1_R4,14,1,1.11,16,12,2,21.52,52.55,686.92,0.516
2025-02-12 17:00:00,F1_R4,14,1,1.11,17,12,2,20.07,50.11,600.76,0.413
2025-02-12 18:00:00,F1_R4,14,1,1.11,18,12,2,19.29,46.09,508.03,0.284
2025-02-12 19:00:00,F1_R4,14,1,1.11,19,12,2,17.41,42.43,454.51,0.225
2025-02-12 20:00:00,F1_R4,14,1,1.11,20,12,2,15.83,40.7,432.65,0.208
2025-02-12 21:00:00,F1_R4,14,1,1.11,21,12,2,14.88,37.08,424.17,0.202
2025-02-12 22:00:00,F1_R4,14,1,1.11,22,12,2,14.0,34.95,421.39,0.201
2025-02-12 23:00:00,F1_R4,14,1,1.11,23,12,2,13.82,32.42,420.45,0.2
2025-02-13 00:00:00,F1_R4,14,1,1.11,0,13,2,12.82,30.5,420.02,0.2
2025-02-13 01:00:00,F1_R4,14,1,1.11,1,13,2,13.31,30.81,420.05,0.2
2025-02-13 02:00:00,F1_R4,14,1,1.11,2,13,2,13.18,32.14,420.15,0.2
2025-02-13 03:00:00,F1_R4,14,1,1.11,3,13,2,13.02,33.9,420.47,0.2
2025-02-13 04:00:00,F1_R4,14,1,1.11,4,13,2,13.11,34.8,421.38,0.201
2025-02-13 05:00:00,F1_R4,14,1,1.11,5,13,2,13.73,37.08,424.17,0.202
2025-02-13 06:00:00,F1_R4,14,1,1.11,6,13,2,14.17,40.76,432.67,0.208
2025-02-13 07:00:00,F1_R4,14,1,1.11,7,13,2,15.14,43.52,455.57,0.228
2025-02-13 08:00:00,F1_R4,14,1,1.11,8,13,2,16.16,46.31,508.57,0.286
2025-02-13 09:00:00,F1_R4,14,1,1.11,9,13,2,17.68,50.23,601.33,0.415
2025-02-13 10:00:00,F1_R4,14,1,1.11,10,13,2,18.68,52.83,688.99,0.525
2025-02-13 11:00:00,F1_R4,14,1,1.11,11,13,2,20.87,55.33,742.29,0.584
2025-02-13 12:00:00,F1_R4,14,1,1.11,12,13,2,22.66,57.31,767.42,0.617
2025-02-13 13:00:00,F1_R4,14,1,1.11,13,13,2,23.05,56.79,762.35,0.578
2025-02-13 14:00:00,F1_R4,14,1,1.11,14,13,2,23.07,56.32,757.97,0.578
2025-02-13 15:00:00,F1_R4,14,1,1.11,15,13,2,22.96,55.28,741.86,0.582
2025-02-13 16:00:00,F1_R4,14,1,1.11,16,13,2,21.52,52.55,686.92,0.516
2025-02-13 17:00:00,F1_R4,14,1,1.11,17,13,2,20.07,50.11,600.76,0.413
2025-02-13 18:00:00,F1_R4,14,1,1.11,18,13,2,19.29,46.09,508.03,0.284
2025-02-13 19:00:00,F1_R4,14,1,1.11,19,13,2,17.41,42.43,454.51,0.225
2025-02-13 20:00:00,F1_R4,14,1,1.11,20,13,2,15.83,40.7,432.65,0.208
2025-02-13 21:00:00,F1_R4,14,1,1.11,21,13,2,14.88,37.08,424.17,0.202
2025-02-13 22:00:00,F1_R4,14,1,1.11,22,13,2,14.0,34.95,421.39,0.201
2025-02-13 23:00:00,F1_R4,14,1,1.11,23,13,2,13.82,32.42,420.45,0.2
2025-02-14 00:00:00,F1_R4,14,1,1.11,0,14,2,12.82,30.5,420.02,0.2
2025-02-14 01:00:00,F1_R4,14,1,1.11,1,14,2,13.31,30.81,420.05,0.2
2025-02-14 02:00:00,F1_R4,14,1,1.11,2,14,2,13.18,32.14,420.15,0.2
2025-02-14 03:00:00,F1_R4,14,1,1.11,3,14,2,13.02,33.9,420.47,0.2
2025-02-14 04:00:00,F1_R4,14,1,1.11,4,14,2,13.11,34.8,421.38,0.201
2025-02-14 05:00:00,F1_R4,14,1,1.11,5,14,2,13.73,37.08,424.17,0.202
2025-02-14 06:00:00,F1_R4,14,1,1.11,6,14,2,14.17,40.76,432.67,0.208
2025-02-14 07:00:00,F1_R4,14,1,1.11,7,14,2,15.14,43.52,455.57,0.228
2025-02-14 08:00:00,F1_R4,14,1,1.11,8,14,2,16.16,46.31,508.57,0.286
2025-02-14 09:00:00,F1_R4,14,1,1.11,9,14,2,17.68,50.23,601.33,0.415
2025-02-14 10:00:00,F1_R4,14,1,1.11,10,14,2,18.68,52.83,688.99,0.525
2025-02-14 11:00:00,F1_R4,14,1,1.11,11,14,2,20.87,55.33,742.29,0.584
2025-02-14 12:00:00,F1_R4,14,1,1.11,12,14,2,22.66,57.31,767.42,0.617
2025-02-14 13:00:00,F1_R4,14,1,1.11,13,14,2,23.05,56.79,762.35,0.578
2025-02-14 14:00:00,F1_R4,14,1,1.11,14,14,2,23.07,56.32,757.97,0.578
2025-02-14 15:00:00,F1_R4,14,1,1.11,15,14,2,22.96,55.28,741.86,0.582
2025-02-14 16:00:00,F1_R4,14,1,1.11,16,14,2,21.52,52.55,686.92,0.516
2025-02-14 17:00:00,F1_R4,14,1,1.11,17,14,2,20.07,50.11,600.76,0.413
2025-02-14 18:00:00,F1_R4,14,1,1.11,18,14,2,19.29,46.09,508.03,0.284
2025-02-14 19:00:00,F1_R4,14,1,1.11,19,14,2,17.41,42.43,454.51,0.225
2025-02-14 20:00:00,F1_R4,14,1,1.11,20,14,2,15.83,40.7,432.65,0.208
2025-02-14 21:00:00,F1_R4,14,1,1.11,21,14,2,14.88,37.08,424.17,0.202
2025-02-14 22:00:00,F1_R4,14,1,1.11,22,14,2,14.0,34.95,421.39,0.201
2025-02-14 23:00:00,F1_R4,14,1,1.11,23,14,2,13.82,32.42,420.45,0.2
2025-02-15 00:00:00,F1_R4,14,1,1.11,0,15,2,12.82,30.5,420.02,0.2
2025-02-15 01:00:00,F1_R4,14,1,1.11,1,15,2,13.31,30.81,420.05,0.2
2025-02-15 02:00:00,F1_R4,14,1,1.11,2,15,2,13.18,32.14,420.15,0.2
2025-02-15 03:00:00,F1_R4,14,1,1.11,3,15,2,13.02,33.9,420.47,0.2
2025-02-15 04:00:00,F1_R4,14,1,1.11,4,15,2,13.11,34.8,421.38,0.201
2025-02-15 05:00:00,F1_R4,14,1,1.11,5,15,2,13.73,37.08,424.17,0.202
2025-02-15 06:00:00,F1_R4,14,1,1.11,6,15,2,14.17,40.76,432.67,0.208
2025-02-15 07:00:00,F1_R4,14,1,1.11,7,15,2,15.14,43.52,455.57,0.228
2025-02-15 08:00:00,F1_R4,14,1,1.11,8,15,2,16.16,46.31,508.57,0.286
2025-02-15 09:00:00,F1_R4,14,1,1.11,9,15,2,17.68,50.23,601.33,0.415
2025-02-15 10:00:00,F1_R4,14,1,1.11,10,15,2,18.68,52.83,688.99,0.525
2025-02-15 11:00:00,F1_R4,14,1,1.11,11,15,2,20.87,55.33,742.29,0.584
2025-02-15 12:00:00,F1_R4,14,1,1.11,12,15,2,22.66,57.31,767.42,0.617
2025-02-15 13:00:00,F1_R4,14,1,1.11,13,15,2,23.05,56.79,762.35,0.578
2025-02-15 14:00:00,F1_R4,14,1,1.11,14,15,2,23.07,56.32,757.97,0.578
2025-02-15 15:00:00,F1_R4,14,1,1.11,15,15,2,22.96,55.28,741.86,0.582
2025-02-15 16:00:00,F1_R4,14,1,1.11,16,15,2,21.52,52.55,686.92,0.516
2025-02-15 17:00:00,F1_R4,14,1,1.11,17,15,2,20.07,50.11,600.76,0.413
2025-02-15 18:00:00,F1_R4,14,1,1.11,18,15,2,19.29,46.09,508.03,0.284
2025-02-15 19:00:00,F1_R4,14,1,1.11,19,15,2,17.41,42.43,454.51,0.225
2025-02-15 20:00:00,F1_R4,14,1,1.11,20,15,2,15.83,40.7,432.65,0.208
2025-02-15 21:00:00,F1_R4,14,1,1.11,21,15,2,14.88,37.08,424.17,0.202
2025-02-15 22:00:00,F1_R4,14,1,1.11,22,15,2,14.0,34.95,421.39,0.201
2025-02-15 23:00:00,F1_R4,14,1,1.11,23,15,2,13.82,32.42,420.45,0.2
2025-02-16 00:00:00,F1_R4,14,1,1.11,0,16,2,12.82,30.5,420.02,0.2
2025-02-16 01:00:00,F1_R4,14,1,1.11,1,16,2,13.31,30.81,420.05,0.2
2025-02-16 02:00:00,F1_R4,14,1,1.11,2,16,2,13.18,32.14,420.15,0.2
2025-02-16 03:00:00,F1_R4,14,1,1.11,3,16,2,13.02,33.9,420.47,0.2
2025-02-16 04:00:00,F1_R4,14,1,1.11,4,16,2,13.11,34.8,421.38,0.201
2025-02-16 05:00:00,F1_R4,14,1,1.11,5,16,2,13.73,37.08,424.17,0.202
2025-02-16 06:00:00,F1_R4,14,1,1.11,6,16,2,14.17,40.76,432.67,0.208
2025-02-16 07:00:00,F1_R4,14,1,1.11,7,16,2,15.14,43.52,455.57,0.228
2025-02-16 08:00:00,F1_R4,14,1,1.11,8,16,2,16.16,46.31,508.57,0.286
2025-02-16 09:00:00,F1_R4,14,1,1.11,9,16,2,17.68,50.23,601.33,0.415
2025-02-16 10:00:00,F1_R4,14,1,1.11,10,16,2,18.68,52.83,688.99,0.525
2025-02-16 11:00:00,F1_R4,14,1,1.11,11,16,2,20.87,55.33,742.29,0.584
2025-02-16 12:00:00,F1_R4,14,1,1.11,12,16,2,22.66,57.31,767.42,0.617
2025-02-16 13:00:00,F1_R4,14,1,1.11,13,16,2,23.05,56.79,762.35,0.578
2025-02-16 14:00:00,F1_R4,14,1,1.11,14,16,2,23.07,56.32,757.97,0.578
2025-02-16 15:00:00,F1_R4,14,1,1.11,15,16,2,22.96,55.28,741.86,0.582
2025-02-16 16:00:00,F1_R4,14,1,1.11,16,16,2,21.52,52.55,686.92,0.516
2025-02-16 17:00:00,F1_R4,14,1,1.11,17,16,2,20.07,50.11,600.76,0.413
2025-02-16 18:00:00,F1_R4,14,1,1.11,18,16,2,19.29,46.09,508.03,0.284
2025-02-16 19:00:00,F1_R4,14,1,1.11,19,16,2,17.41,42.43,454.51,0.225
2025-02-16 20:00:00,F1_R4,14,1,1.11,20,16,2,15.83,40.7,432.65,0.208
2025-02-16 21:00:00,F1_R4,14,1,1.11,21,16,2,14.88,37.08,424.17,0.202
2025-02-16 22:00:00,F1_R4,14,1,1.11,22,16,2,14.0,34.95,421.39,0.201
2025-02-16 23:00:00,F1_R4,14,1,1.11,23,16,2,13.82,32.42,420.45,0.2
2025-02-17 00:00:00,F1_R4,14,1,1.11,0,17,2,12.82,30.5,420.02,0.2
2025-02-17 01:00:00,F1_R4,14,1,1.11,1,17,2,13.31,30.81,420.05,0.2
2025-02-17 02:00:00,F1_R4,14,1,1.11,2,17,2,13.18,32.14,420.15,0.2
2025-02-17 03:00:00,F1_R4,14,1,1.11,3,17,2,13.02,33.9,420.47,0.2
2025-02-17 04:00:00,F1_R4,14,1,1.11,4,17,2,13.11,34.8,421.38,0.201
2025-02-17 05:00:00,F1_R4,14,1,1.11,5,17,2,13.73,37.08,424.17,0.205
2025-02-17 06:00:00,F1_R4,14,1,1.11,6,17,2,14.17,40.76,432.67,0.219
2025-02-17 07:00:00,F1_R4,14,1,1.11,7,17,2,15.14,43.52,455.57,0.267
2025-02-17 08:00:00,F1_R4,14,1,1.11,8,17,2,16.16,46.31,508.57,0.411
2025-02-17 09:00:00,F1_R4,14,1,1.11,9,17,2,17.68,50.23,601.33,0.715
2025-02-17 10:00:00,F1_R4,14,1,1.11,10,17,2,18.68,52.83,688.99,1.0
2025-02-17 11:00:00,F1_R4,14,1,1.11,11,17,2,20.87,55.33,742.29,1.145
2025-02-17 12:00:00,F1_R4,14,1,1.11,12,17,2,22.66,57.31,767.42,1.205
2025-02-17 13:00:00,F1_R4,14,1,1.11,13,17,2,23.05,56.79,762.35,1.172
2025-02-17 14:00:00,F1_R4,14,1,1.11,14,17,2,23.07,56.32,757.97,1.167
2025-02-17 15:00:00,F1_R4,14,1,1.11,15,17,2,22.96,55.28,741.86,1.143
2025-02-17 16:00:00,F1_R4,14,1,1.11,16,17,2,21.52,52.55,686.92,0.991
2025-02-17 17:00:00,F1_R4,14,1,1.11,17,17,2,20.07,50.11,600.76,0.713
2025-02-17 18:00:00,F1_R4,14,1,1.11,18,17,2,19.29,46.09,508.03,0.409
2025-02-17 19:00:00,F1_R4,14,1,1.11,19,17,2,17.41,42.43,454.51,0.264
2025-02-17 20:00:00,F1_R4,14,1,1.11,20,17,2,15.83,40.7,432.65,0.219
2025-02-17 21:00:00,F1_R4,14,1,1.11,21,17,2,14.88,37.08,424.17,0.205
2025-02-17 22:00:00,F1_R4,14,1,1.11,22,17,2,14.0,34.95,421.39,0.201
2025-02-17 23:00:00,F1_R4,14,1,1.11,23,17,2,13.82,32.42,420.45,0.2
2025-02-18 00:00:00,F1_R4,14,1,1.11,0,18,2,12.82,30.5,420.02,0.2
2025-02-18 01:00:00,F1_R4,14,1,1.11,1,18,2,13.31,30.81,420.05,0.2
2025-02-18 02:00:00,F1_R4,14,1,1.11,2,18,2,13.18,32.14,420.15,0.2
2025-02-18 03:00:00,F1_R4,14,1,1.11,3,18,2,13.02,33.9,420.47,0.2
2025-02-18 04:00:00,F1_R4,14,1,1.11,4,18,2,13.11,34.8,421.38,0.201
2025-02-18 05:00:00,F1_R4,14,1,1.11,5,18,2,13.73,37.08,424.17,0.205
2025-02-18 06:00:00,F1_R4,14,1,1.11,6,18,2,14.17,40.76,432.67,0.219
2025-02-18 07:00:00,F1_R4,14,1,1.11,7,18,2,15.14,43.52,455.57,0.267
2025-02-18 08:00:00,F1_R4,14,1,1.11,8,18,2,16.16,46.31,508.57,0.411
2025-02-18 09:00:00,F1_R4,14,1,1.11,9,18,2,17.68,50.23,601.33,0.715
2025-02-18 10:00:00,F1_R4,14,1,1.11,10,18,2,18.68,52.83,688.99,1.0
2025-02-18 11:00:00,F1_R4,14,1,1.11,11,18,2,20.87,55.33,742.29,1.145
2025-02-18 12:00:00,F1_R4,14,1,1.11,12,18,2,22.66,57.31,767.42,1.205
2025-02-18 13:00:00,F1_R4,14,1,1.11,13,18,2,23.05,56.79,762.35,1.172
2025-02-18 14:00:00,F1_R4,14,1,1.11,14,18,2,23.07,56.32,757.97,1.167
2025-02-18 15:00:00,F1_R4,14,1,1.11,15,18,2,22.96,55.28,741.86,1.143
2025-02-18 16:00:00,F1_R4,14,1,1.11,16,18,2,21.52,52.55,686.92,0.991
2025-02-18 17:00:00,F1_R4,14,1,1.11,17,18,2,20.07,50.11,600.76,0.713
2025-02-18 18:00:00,F1_R4,14,1,1.11,18,18,2,19.29,46.09,508.03,0.409
2025-02-18 19:00:00,F1_R4,14,1,1.11,19,18,2,17.41,42.43,454.51,0.264
2025-02-18 20:00:00,F1_R4,14,1,1.11,20,18,2,15.83,40.7,432.65,0.219
2025-02-18 21:00:00,F1_R4,14,1,1.11,21,18,2,14.88,37.08,424.17,0.205
2025-02-18 22:00:00,F1_R4,14,1,1.11,22,18,2,14.0,34.95,421.39,0.201
2025-02-18 23:00:00,F1_R4,14,1,1.11,23,18,2,13.82,32.42,420.45,0.2
2025-02-19 00:00:00,F1_R4,14,1,1.11,0,19,2,12.82,30.5,420.02,0.2
2025-02-19 01:00:00,F1_R4,14,1,1.11,1,19,2,13.31,30.81,420.05,0.2
2025-02-19 02:00:00,F1_R4,14,1,1.11,2,19,2,13.18,32.14,420.15,0.2
2025-02-19 03:00:00,F1_R4,14,1,1.11,3,19,2,13.02,33.9,420.47,0.2
2025-02-19 04:00:00,F1_R4,14,1,1.11,4,19,2,13.11,34.8,421.38,0.201
2025-02-19 05:00:00,F1_R4,14,1,1.11,5,19,2,13.73,37.08,424.17,0.202
2025-02-19 06:00:00,F1_R4,14,1,1.11,6,19,2,14.17,40.76,432.67,0.208
2025-02-19 07:00:00,F1_R4,14,1,1.11,7,19,2,15.14,43.52,455.57,0.228
2025-02-19 08:00:00,F1_R4,14,1,1.11,8,19,2,16.16,46.31,508.57,0.286
2025-02-19 09:00:00,F1_R4,14,1,1.11,9,19,2,17.68,50.23,601.33,0.415
2025-02-19 10:00:00,F1_R4,14,1,1.11,10,19,2,18.68,52.83,688.99,0.525
2025-02-19 11:00:00,F1_R4,14,1,1.11,11,19,2,20.87,55.33,742.29,0.584
2025-02-19 12:00:00,F1_R4,14,1,1.11,12,19,2,22.66,57.31,767.42,0.617
2025-02-19 13:00:00,F1_R4,14,1,1.11,13,19,2,23.05,56.79,762.35,0.578
2025-02-19 14:00:00,F1_R4,14,1,1.11,14,19,2,23.07,56.32,757.97,0.578
2025-02-19 15:00:00,F1_R4,14,1,1.11,15,19,2,22.96,55.28,741.86,0.582
2025-02-19 16:00:00,F1_R4,14,1,1.11,16,19,2,21.52,52.55,686.92,0.516
2025-02-19 17:00:00,F1_R4,14,1,1.11,17,19,2,20.07,50.11,600.76,0.413
2025-02-19 18:00:00,F1_R4,14,1,1.11,18,19,2,19.29,46.09,508.03,0.284
2025-02-19 19:00:00,F1_R4,14,1,1.11,19,19,2,17.41,42.43,454.51,0.225
2025-02-19 20:00:00,F1_R4,14,1,1.11,20,19,2,15.83,40.7,432.65,0.208
2025-02-19 21:00:00,F1_R4,14,1,1.11,21,19,2,14.88,37.08,424.17,0.202
2025-02-19 22:00:00,F1_R4,14,1,1.11,22,19,2,14.0,34.95,421.39,0.201
2025-02-19 23:00:00,F1_R4,14,1,1.11,23,19,2,13.82,32.42,420.45,0.2
2025-02-20 00:00:00,F1_R4,14,1,1.11,0,20,2,12.82,30.5,420.02,0.2
2025-02-20 01:00:00,F1_R4,14,1,1.11,1,20,2,13.31,30.81,420.05,0.2
2025-02-20 02:00:00,F1_R4,14,1,1.11,2,20,2,13.18,32.14,420.15,0.2
2025-02-20 03:00:00,F1_R4,14,1,1.11,3,20,2,13.02,33.9,420.47,0.2
2025-02-20 04:00:00,F1_R4,14,1,1.11,4,20,2,13.11,34.8,421.38,0.201
2025-02-20 05:00:00,F1_R4,14,1,1.11,5,20,2,13.73,37.08,424.17,0.202
2025-02-20 06:00:00,F1_R4,14,1,1.11,6,20,2,14.17,40.76,432.67,0.208
2025-02-20 07:00:00,F1_R4,14,1,1.11,7,20,2,15.14,43.52,455.57,0.228
2025-02-20 08:00:00,F1_R4,14,1,1.11,8,20,2,16.16,46.31,508.57,0.286
2025-02-20 09:00:00,F1_R4,14,1,1.11,9,20,2,17.68,50.23,601.33,0.415
2025-02-20 10:00:00,F1_R4,14,1,1.11,10,20,2,18.68,52.83,688.99,0.525
2025-02-20 11:00:00,F1_R4,14,1,1.11,11,20,2,20.87,55.33,742.29,0.584
2025-02-20 12:00:00,F1_R4,14,1,1.11,12,20,2,22.66,57.31,767.42,0.617
2025-02-20 13:00:00,F1_R4,14,1,1.11,13,20,2,23.05,56.79,762.35,0.578
2025-02-20 14:00:00,F1_R4,14,1,1.11,14,20,2,23.07,56.32,757.97,0.578
2025-02-20 15:00:00,F1_R4,14,1,1.11,15,20,2,22.96,55.28,741.86,0.582
2025-02-20 16:00:00,F1_R4,14,1,1.11,16,20,2,21.52,52.55,686.92,0.516
2025-02-20 17:00:00,F1_R4,14,1,1.11,17,20,2,20.07,50.11,600.76,0.413
2025-02-20 18:00:00,F1_R4,14,1,1.11,18,20,2,19.29,46.09,508.03,0.284
2025-02-20 19:00:00,F1_R4,14,1,1.11,19,20,2,17.41,42.43,454.51,0.225
2025-02-20 20:00:00,F1_R4,14,1,1.11,20,20,2,15.83,40.7,432.65,0.208
2025-02-20 21:00:00,F1_R4,14,1,1.11,21,20,2,14.88,37.08,424.17,0.202
2025-02-20 22:00:00,F1_R4,14,1,1.11,22,20,2,14.0,34.95,421.39,0.201
2025-02-20 23:00:00,F1_R4,14,1,1.11,23,20,2,13.82,32.42,420.45,0.2
2025-02-21 00:00:00,F1_R4,14,1,1.11,0,21,2,12.82,30.5,420.02,0.2
2025-02-21 01:00:00,F1_R4,14,1,1.11,1,21,2,13.31,30.81,420.05,0.2
2025-02-21 02:00:00,F1_R4,14,1,1.11,2,21,2,13.18,32.14,420.15,0.2
2025-02-21 03:00:00,F1_R4,14,1,1.11,3,21,2,13.02,33.9,420.47,0.2
2025-02-21 04:00:00,F1_R4,14,1,1.11,4,21,2,13.11,34.8,421.38,0.201
2025-02-21 05:00:00,F1_R4,14,1,1.11,5,21,2,13.73,37.08,424.17,0.202
2025-02-21 06:00:00,F1_R4,14,1,1.11,6,21,2,14.17,40.76,432.67,0.208
2025-02-21 07:00:00,F1_R4,14,1,1.11,7,21,2,15.14,43.52,455.57,0.228
2025-02-21 08:00:00,F1_R4,14,1,1.11,8,21,2,16.16,46.31,508.57,0.286
2025-02-21 09:00:00,F1_R4,14,1,1.11,9,21,2,17.68,50.23,601.33,0.415
2025-02-21 10:00:00,F1_R4,14,1,1.11,10,21,2,18.68,52.83,688.99,0.525
2025-02-21 11:00:00,F1_R4,14,1,1.11,11,21,2,20.87,55.33,742.29,0.584
2025-02-21 12:00:00,F1_R4,14,1,1.11,12,21,2,22.66,57.31,767.42,0.617
2025-02-21 13:00:00,F1_R4,14,1,1.11,13,21,2,23.05,56.79,762.35,0.578
2025-02-21 14:00:00,F1_R4,14,1,1.11,14,21,2,23.07,56.32,757.97,0.578
2025-02-21 15:00:00,F1_R4,14,1,1.11,15,21,2,22.96,55.28,741.86,0.582
2025-02-21 16:00:00,F1_R4,14,1,1.11,16,21,2,21.52,52.55,686.92,0.516
2025-02-21 17:00:00,F1_R4,14,1,1.11,17,21,2,20.07,50.11,600.76,0.413
2025-02-21 18:00:00,F1_R4,14,1,1.11,18,21,2,19.29,46.09,508.03,0.284
2025-02-21 19:00:00,F1_R4,14,1,1.11,19,21,2,17.41,42.43,454.51,0.225
2025-02-21 20:00:00,F1_R4,14,1,1.11,20,21,2,15.83,40.7,432.65,0.208
2025-02-21 21:00:00,F1_R4,14,1,1.11,21,21,2,14.88,37.08,424.17,0.202
2025-02-21 22:00:00,F1_R4,14,1,1.11,22,21,2,14.0,34.95,421.39,0.201
2025-02-21 23:00:00,F1_R4,14,1,1.11,23,21,2,13.82,32.42,420.45,0.2
2025-02-22 00:00:00,F1_R4,14,1,1.11,0,22,2,12.82,30.5,420.02,0.2
2025-02-22 01:00:00,F1_R4,14,1,1.11,1,22,2,13.31,30.81,420.05,0.2
2025-02-22 02:00:00,F1_R4,14,1,1.11,2,22,2,13.18,32.14,420.15,0.2
2025-02-22 03:00:00,F1_R4,14,1,1.11,3,22,2,13.02,33.9,420.47,0.2
2025-02-22 04:00:00,F1_R4,14,1,1.11,4,22,2,13.11,34.8,421.38,0.201
2025-02-22 05:00:00,F1_R4,14,1,1.11,5,22,2,13.73,37.08,424.17,0.202
2025-02-22 06:00:00,F1_R4,14,1,1.11,6,22,2,14.17,40.76,432.67,0.208
2025-02-22 07:00:00,F1_R4,14,1,1.11,7,22,2,15.14,43.52,455.57,0.228
2025-02-22 08:00:00,F1_R4,14,1,1.11,8,22,2,16.16,46.31,508.57,0.286
2025-02-22 09:00:00,F1_R4,14,1,1.11,9,22,2,17.68,50.23,601.33,0.415
2025-02-22 10:00:00,F1_R4,14,1,1.11,10,22,2,18.68,52.83,688.99,0.525
2025-02-22 11:00:00,F1_R4,14,1,1.11,11,22,2,20.87,55.33,742.29,0.584
2025-02-22 12:00:00,F1_R4,14,1,1.11,12,22,2,22.66,57.31,767.42,0.617
2025-02-22 13:00:00,F1_R4,14,1,1.11,13,22,2,23.05,56.79,762.35,0.578
2025-02-22 14:00:00,F1_R4,14,1,1.11,14,22,2,23.07,56.32,757.97,0.578
2025-02-22 15:00:00,F1_R4,14,1,1.11,15,22,2,22.96,55.28,741.86,0.582
2025-02-22 16:00:00,F1_R4,14,1,1.11,16,22,2,21.52,52.55,686.92,0.516
2025-02-22 17:00:00,F1_R4,14,1,1.11,17,22,2,20.07,50.11,600.76,0.413
2025-02-22 18:00:00,F1_R4,14,1,1.11,18,22,2,19.29,46.09,508.03,0.284
2025-02-22 19:00:00,F1_R4,14,1,1.11,19,22,2,17.41,42.43,454.51,0.225
2025-02-22 20:00:00,F1_R4,14,1,1.11,20,22,2,15.83,40.7,432.65,0.208
2025-02-22 21:00:00,F1_R4,14,1,1.11,21,22,2,14.88,37.08,424.17,0.202
2025-02-22 22:00:00,F1_R4,14,1,1.11,22,22,2,14.0,34.95,421.39,0.201
2025-02-22 23:00:00,F1_R4,14,1,1.11,23,22,2,13.82,32.42,420.45,0.2
2025-02-23 00:00:00,F1_R4,14,1,1.11,0,23,2,12.82,30.5,420.02,0.2
2025-02-23 01:00:00,F1_R4,14,1,1.11,1,23,2,13.31,30.81,420.05,0.2
2025-02-23 02:00:00,F1_R4,14,1,1.11,2,23,2,13.18,32.14,420.15,0.2
2025-02-23 03:00:00,F1_R4,14,1,1.11,3,23,2,13.02,33.9,420.47,0.2
2025-02-23 04:00:00,F1_R4,14,1,1.11,4,23,2,13.11,34.8,421.38,0.201
2025-02-23 05:00:00,F1_R4,14,1,1.11,5,23,2,13.73,37.08,424.17,0.202
2025-02-23 06:00:00,F1_R4,14,1,1.11,6,23,2,14.17,40.76,432.67,0.208
2025-02-23 07:00:00,F1_R4,14,1,1.11,7,23,2,15.14,43.52,455.57,0.228
2025-02-23 08:00:00,F1_R4,14,1,1.11,8,23,2,16.16,46.31,508.57,0.286
2025-02-23 09:00:00,F1_R4,14,1,1.11,9,23,2,17.68,50.23,601.33,0.415
2025-02-23 10:00:00,F1_R4,14,1,1.11,10,23,2,18.68,52.83,688.99,0.525
2025-02-23 11:00:00,F1_R4,14,1,1.11,11,23,2,20.87,55.33,742.29,0.584
2025-02-23 12:00:00,F1_R4,14,1,1.11,12,23,2,22.66,57.31,767.42,0.617
2025-02-23 13:00:00,F1_R4,14,1,1.11,13,23,2,23.05,56.79,762.35,0.578
2025-02-23 14:00:00,F1_R4,14,1,1.11,14,23,2,23.07,56.32,757.97,0.578
2025-02-23 15:00:00,F1_R4,14,1,1.11,15,23,2,22.96,55.28,741.86,0.582
2025-02-23 16:00:00,F1_R4,14,1,1.11,16,23,2,21.52,52.55,686.92,0.516
2025-02-23 17:00:00,F1_R4,14,1,1.11,17,23,2,20.07,50.11,600.76,0.413
2025-02-23 18:00:00,F1_R4,14,1,1.11,18,23,2,19.29,46.09,508.03,0.284
2025-02-23 19:00:00,F1_R4,14,1,1.11,19,23,2,17.41,42.43,454.51,0.225
2025-02-23 20:00:00,F1_R4,14,1,1.11,20,23,2,15.83,40.7,432.65,0.208
2025-02-23 21:00:00,F1_R4,14,1,1.11,21,23,2,14.88,37.08,424.17,0.202
2025-02-23 22:00:00,F1_R4,14,1,1.11,22,23,2,14.0,34.95,421.39,0.201
2025-02-23 23:00:00,F1_R4,14,1,1.11,23,23,2,13.82,32.42,420.45,0.2
2025-02-24 00:00:00,F1_R4,14,1,1.11,0,24,2,12.82,30.5,420.02,0.2
2025-02-24 01:00:00,F1_R4,14,1,1.11,1,24,2,13.31,30.81,420.05,0.2
2025-02-24 02:00:00,F1_R4,14,1,1.11,2,24,2,13.18,32.14,420.15,0.2
2025-02-24 03:00:00,F1_R4,14,1,1.11,3,24,2,13.02,33.9,420.47,0.2
2025-02-24 04:00:00,F1_R4,14,1,1.11,4,24,2,13.11,34.8,421.38,0.201
2025-02-24 05:00:00,F1_R4,14,1,1.11,5,24,2,13.73,37.08,424.17,0.205
2025-02-24 06:00:00,F1_R4,14,1,1.11,6,24,2,14.17,40.76,432.67,0.219
2025-02-24 07:00:00,F1_R4,14,1,1.11,7,24,2,15.14,43.52,455.57,0.267
2025-02-24 08:00:00,F1_R4,14,1,1.11,8,24,2,16.16,46.31,508.57,0.411
2025-02-24 09:00:00,F1_R4,14,1,1.11,9,24,2,17.68,50.23,601.33,0.715
2025-02-24 10:00:00,F1_R4,14,1,1.11,10,24,2,18.68,52.83,688.99,1.0
2025-02-24 11:00:00,F1_R4,14,1,1.11,11,24,2,20.87,55.33,742.29,1.145
2025-02-24 12:00:00,F1_R4,14,1,1.11,12,24,2,22.66,57.31,767.42,1.205
2025-02-24 13:00:00,F1_R4,14,1,1.11,13,24,2,23.05,56.79,762.35,1.172
2025-02-24 14:00:00,F1_R4,14,1,1.11,14,24,2,23.07,56.32,757.97,1.167
2025-02-24 15:00:00,F1_R4,14,1,1.11,15,24,2,22.96,55.28,741.86,1.143
2025-02-24 16:00:00,F1_R4,14,1,1.11,16,24,2,21.52,52.55,686.92,0.991
2025-02-24 17:00:00,F1_R4,14,1,1.11,17,24,2,20.07,50.11,600.76,0.713
2025-02-24 18:00:00,F1_R4,14,1,1.11,18,24,2,19.29,46.09,508.03,0.409
2025-02-24 19:00:00,F1_R4,14,1,1.11,19,24,2,17.41,42.43,454.51,0.264
2025-02-24 20:00:00,F1_R4,14,1,1.11,20,24,2,15.83,40.7,432.65,0.219
2025-02-24 21:00:00,F1_R4,14,1,1.11,21,24,2,14.88,37.08,424.17,0.205
2025-02-24 22:00:00,F1_R4,14,1,1.11,22,24,2,14.0,34.95,421.39,0.201
2025-02-24 23:00:00,F1_R4,14,1,1.11,23,24,2,13.82,32.42,420.45,0.2
2025-02-25 00:00:00,F1_R4,14,1,1.11,0,25,2,12.82,30.5,420.02,0.2
2025-02-25 01:00:00,F1_R4,14,1,1.11,1,25,2,13.31,30.81,420.05,0.2
2025-02-25 02:00:00,F1_R4,14,1,1.11,2,25,2,13.18,32.14,420.15,0.2
2025-02-25 03:00:00,F1_R4,14,1,1.11,3,25,2,13.02,33.9,420.47,0.2
2025-02-25 04:00:00,F1_R4,14,1,1.11,4,25,2,13.11,34.8,421.38,0.201
2025-02-25 05:00:00,F1_R4,14,1,1.11,5,25,2,13.73,37.08,424.17,0.205
2025-02-25 06:00:00,F1_R4,14,1,1.11,6,25,2,14.17,40.76,432.67,0.219
2025-02-25 07:00:00,F1_R4,14,1,1.11,7,25,2,15.14,43.52,455.57,0.267
2025-02-25 08:00:00,F1_R4,14,1,1.11,8,25,2,16.16,46.31,508.57,0.411
2025-02-25 09:00:00,F1_R4,14,1,1.11,9,25,2,17.68,50.23,601.33,0.715
2025-02-25 10:00:00,F1_R4,14,1,1.11,10,25,2,18.68,52.83,688.99,1.0
2025-02-25 11:00:00,F1_R4,14,1,1.11,11,25,2,20.87,55.33,742.29,1.145
2025-02-25 12:00:00,F1_R4,14,1,1.11,12,25,2,22.66,57.31,767.42,1.205
2025-02-25 13:00:00,F1_R4,14,1,1.11,13,25,2,23.05,56.79,762.35,1.172
2025-02-25 14:00:00,F1_R4,14,1,1.11,14,25,2,23.07,56.32,757.97,1.167
2025-02-25 15:00:00,F1_R4,14,1,1.11,15,25,2,22.96,55.28,741.86,1.143
2025-02-25 16:00:00,F1_R4,14,1,1.11,16,25,2,21.52,52.55,686.92,0.991
2025-02-25 17:00:00,F1_R4,14,1,1.11,17,25,2,20.07,50.11,600.76,0.713
2025-02-25 18:00:00,F1_R4,14,1,1.11,18,25,2,19.29,46.09,508.03,0.409
2025-02-25 19:00:00,F1_R4,14,1,1.11,19,25,2,17.41,42.43,454.51,0.264
2025-02-25 20:00:00,F1_R4,14,1,1.11,20,25,2,15.83,40.7,432.65,0.219
2025-02-25 21:00:00,F1_R4,14,1,1.11,21,25,2,14.88,37.08,424.17,0.205
2025-02-25 22:00:00,F1_R4,14,1,1.11,22,25,2,14.0,34.95,421.39,0.201
2025-02-25 23:00:00,F1_R4,14,1,1.11,23,25,2,13.82,32.42,420.45,0.2
2025-02-26 00:00:00,F1_R4,14,1,1.11,0,26,2,12.82,30.5,420.02,0.2
2025-02-26 01:00:00,F1_R4,14,1,1.11,1,26,2,13.31,30.81,420.05,0.2
2025-02-26 02:00:00,F1_R4,14,1,1.11,2,26,2,13.18,32.14,420.15,0.2
2025-02-26 03:00:00,F1_R4,14,1,1.11,3,26,2,13.02,33.9,420.47,0.2
2025-02-26 04:00:00,F1_R4,14,1,1.11,4,26,2,13.11,34.8,421.38,0.201
2025-02-26 05:00:00,F1_R4,14,1,1.11,5,26,2,13.73,37.08,424.17,0.202
2025-02-26 06:00:00,F1_R4,14,1,1.11,6,26,2,14.17,40.76,432.67,0.208
2025-02-26 07:00:00,F1_R4,14,1,1.11,7,26,2,15.14,43.52,455.57,0.228
2025-02-26 08:00:00,F1_R4,14,1,1.11,8,26,2,16.16,46.31,508.57,0.286
2025-02-26 09:00:00,F1_R4,14,1,1.11,9,26,2,17.68,50.23,601.33,0.415
2025-02-26 10:00:00,F1_R4,14,1,1.11,10,26,2,18.68,52.83,688.99,0.525
2025-02-26 11:00:00,F1_R4,14,1,1.11,11,26,2,20.87,55.33,742.29,0.584
2025-02-26 12:00:00,F1_R4,14,1,1.11,12,26,2,22.66,57.31,767.42,0.617
2025-02-26 13:00:00,F1_R4,14,1,1.11,13,26,2,23.05,56.79,762.35,0.578
2025-02-26 14:00:00,F1_R4,14,1,1.11,14,26,2,23.07,56.32,757.97,0.578
2025-02-26 15:00:00,F1_R4,14,1,1.11,15,26,2,22.96,55.28,741.86,0.582
2025-02-26 16:00:00,F1_R4,14,1,1.11,16,26,2,21.52,52.55,686.92,0.516
2025-02-26 17:00:00,F1_R4,14,1,1.11,17,26,2,20.07,50.11,600.76,0.413
2025-02-26 18:00:00,F1_R4,14,1,1.11,18,26,2,19.29,46.09,508.03,0.284
2025-02-26 19:00:00,F1_R4,14,1,1.11,19,26,2,17.41,42.43,454.51,0.225
2025-02-26 20:00:00,F1_R4,14,1,1.11,20,26,2,15.83,40.7,432.65,0.208
2025-02-26 21:00:00,F1_R4,14,1,1.11,21,26,2,14.88,37.08,424.17,0.202
2025-02-26 22:00:00,F1_R4,14,1,1.11,22,26,2,14.0,34.95,421.39,0.201
2025-02-26 23:00:00,F1_R4,14,1,1.11,23,26,2,13.82,32.42,420.45,0.2
2025-02-27 00:00:00,F1_R4,14,1,1.11,0,27,2,12.82,30.5,420.02,0.2
2025-02-27 01:00:00,F1_R4,14,1,1.11,1,27,2,13.31,30.81,420.05,0.2
2025-02-27 02:00:00,F1_R4,14,1,1.11,2,27,2,13.18,32.14,420.15,0.2
2025-02-27 03:00:00,F1_R4,14,1,1.11,3,27,2,13.02,33.9,420.47,0.2
2025-02-27 04:00:00,F1_R4,14,1,1.11,4,27,2,13.11,34.8,421.38,0.201
2025-02-27 05:00:00,F1_R4,14,1,1.11,5,27,2,13.73,37.08,424.17,0.202
2025-02-27 06:00:00,F1_R4,14,1,1.11,6,27,2,14.17,40.76,432.67,0.208
2025-02-27 07:00:00,F1_R4,14,1,1.11,7,27,2,15.14,43.52,455.57,0.228
2025-02-27 08:00:00,F1_R4,14,1,1.11,8,27,2,16.16,46.31,508.57,0.286
2025-02-27 09:00:00,F1_R4,14,1,1.11,9,27,2,17.68,50.23,601.33,0.415
2025-02-27 10:00:00,F1_R4,14,1,1.11,10,27,2,18.68,52.83,688.99,0.525
2025-02-27 11:00:00,F1_R4,14,1,1.11,11,27,2,20.87,55.33,742.29,0.584
2025-02-27 12:00:00,F1_R4,14,1,1.11,12,27,2,22.66,57.31,767.42,0.617
2025-02-27 13:00:00,F1_R4,14,1,1.11,13,27,2,23.05,56.79,762.35,0.578
2025-02-27 14:00:00,F1_R4,14,1,1.11,14,27,2,23.07,56.32,757.97,0.578
2025-02-27 15:00:00,F1_R4,14,1,1.11,15,27,2,22.96,55.28,741.86,0.582
2025-02-27 16:00:00,F1_R4,14,1,1.11,16,27,2,21.52,52.55,686.92,0.516
2025-02-27 17:00:00,F1_R4,14,1,1.11,17,27,2,20.07,50.11,600.76,0.413
2025-02-27 18:00:00,F1_R4,14,1,1.11,18,27,2,19.29,46.09,508.03,0.284
2025-02-27 19:00:00,F1_R4,14,1,1.11,19,27,2,17.41,42.43,454.51,0.225
2025-02-27 20:00:00,F1_R4,14,1,1.11,20,27,2,15.83,40.7,432.65,0.208
2025-02-27 21:00:00,F1_R4,14,1,1.11,21,27,2,14.88,37.08,424.17,0.202
2025-02-27 22:00:00,F1_R4,14,1,1.11,22,27,2,14.0,34.95,421.39,0.201
2025-02-27 23:00:00,F1_R4,14,1,1.11,23,27,2,13.82,32.42,420.45,0.2
2025-02-28 00:00:00,F1_R4,14,1,1.11,0,28,2,12.82,30.5,420.02,0.2
2025-02-28 01:00:00,F1_R4,14,1,1.11,1,28,2,13.31,30.81,420.05,0.2
2025-02-28 02:00:00,F1_R4,14,1,1.11,2,28,2,13.18,32.14,420.15,0.2
2025-02-28 03:00:00,F1_R4,14,1,1.11,3,28,2,13.02,33.9,420.47,0.2
2025-02-28 04:00:00,F1_R4,14,1,1.11,4,28,2,13.11,34.8,421.38,0.201
2025-02-28 05:00:00,F1_R4,14,1,1.11,5,28,2,13.73,37.08,424.17,0.202
2025-02-28 06:00:00,F1_R4,14,1,1.11,6,28,2,14.17,40.76,432.67,0.208
2025-02-28 07:00:00,F1_R4,14,1,1.11,7,28,2,15.14,43.52,455.57,0.228
2025-02-28 08:00:00,F1_R4,14,1,1.11,8,28,2,16.16,46.31,508.57,0.286
2025-02-28 09:00:00,F1_R4,14,1,1.11,9,28,2,17.68,50.23,601.33,0.415
2025-02-28 10:00:00,F1_R4,14,1,1.11,10,28,2,18.68,52.83,688.99,0.525
2025-02-28 11:00:00,F1_R4,14,1,1.11,11,28,2,20.87,55.33,742.29,0.584
2025-02-28 12:00:00,F1_R4,14,1,1.11,12,28,2,22.66,57.31,767.42,0.617
2025-02-28 13:00:00,F1_R4,14,1,1.11,13,28,2,23.05,56.79,762.35,0.578
2025-02-28 14:00:00,F1_R4,14,1,1.11,14,28,2,23.07,56.32,757.97,0.578
2025-02-28 15:00:00,F1_R4,14,1,1.11,15,28,2,22.96,55.28,741.86,0.582
2025-02-28 16:00:00,F1_R4,14,1,1.11,16,28,2,21.52,52.55,686.92,0.516
2025-02-28 17:00:00,F1_R4,14,1,1.11,17,28,2,20.07,50.11,600.76,0.413
2025-02-28 18:00:00,F1_R4,14,1,1.11,18,28,2,19.29,46.09,508.03,0.284
2025-02-28 19:00:00,F1_R4,14,1,1.11,19,28,2,17.41,42.43,454.51,0.225
2025-02-28 20:00:00,F1_R4,14,1,1.11,20,28,2,15.83,40.7,432.65,0.208
2025-02-28 21:00:00,F1_R4,14,1,1.11,21,28,2,14.88,37.08,424.17,0.202
2025-02-28 22:00:00,F1_R4,14,1,1.11,22,28,2,14.0,34.95,421.39,0.201
2025-02-28 23:00:00,F1_R4,14,1,1.11,23,28,2,13.82,32.42,420.45,0.2
2025-03-01 00:00:00,F1_R4,14,1,1.11,0,1,3,12.82,30.5,420.02,0.2
2025-03-01 01:00:00,F1_R4,14,1,1.11,1,1,3,13.31,30.81,420.05,0.2
2025-03-01 02:00:00,F1_R4,14,1,1.11,2,1,3,13.18,32.14,420.15,0.2
2025-03-01 03:00:00,F1_R4,14,1,1.11,3,1,3,13.02,33.9,420.47,0.2
2025-03-01 04:00:00,F1_R4,14,1,1.11,4,1,3,13.11,34.8,421.38,0.201
2025-03-01 05:00:00,F1_R4,14,1,1.11,5,1,3,13.73,37.08,424.17,0.202
2025-03-01 06:00:00,F1_R4,14,1,1.11,6,1,3,14.17,40.76,432.67,0.208
2025-03-01 07:00:00,F1_R4,14,1,1.11,7,1,3,15.14,43.52,455.57,0.228
2025-03-01 08:00:00,F1_R4,14,1,1.11,8,1,3,16.16,46.31,508.57,0.286
2025-03-01 09:00:00,F1_R4,14,1,1.11,9,1,3,17.68,50.23,601.33,0.415
2025-03-01 10:00:00,F1_R4,14,1,1.11,10,1,3,18.68,52.83,688.99,0.525
2025-03-01 11:00:00,F1_R4,14,1,1.11,11,1,3,20.87,55.33,742.29,0.584
2025-03-01 12:00:00,F1_R4,14,1,1.11,12,1,3,22.66,57.31,767.42,0.617
2025-03-01 13:00:00,F1_R4,14,1,1.11,13,1,3,23.05,56.79,762.35,0.578
2025-03-01 14:00:00,F1_R4,14,1,1.11,14,1,3,23.07,56.32,757.97,0.578
2025-03-01 15:00:00,F1_R4,14,1,1.11,15,1,3,22.96,55.28,741.86,0.582
2025-03-01 16:00:00,F1_R4,14,1,1.11,16,1,3,21.52,52.55,686.92,0.516
2025-03-01 17:00:00,F1_R4,14,1,1.11,17,1,3,20.07,50.11,600.76,0.413
2025-03-01 18:00:00,F1_R4,14,1,1.11,18,1,3,19.29,46.09,508.03,0.284
2025-03-01 19:00:00,F1_R4,14,1,1.11,19,1,3,17.41,42.43,454.51,0.225
2025-03-01 20:00:00,F1_R4,14,1,1.11,20,1,3,15.83,40.7,432.65,0.208
2025-03-01 21:00:00,F1_R4,14,1,1.11,21,1,3,14.88,37.08,424.17,0.202
2025-03-01 22:00:00,F1_R4,14,1,1.11,22,1,3,14.0,34.95,421.39,0.201
2025-03-01 23:00:00,F1_R4,14,1,1.11,23,1,3,13.82,32.42,420.45,0.2
2025-03-02 00:00:00,F1_R4,14,1,1.11,0,2,3,12.82,30.5,420.02,0.2
2025-03-02 01:00:00,F1_R4,14,1,1.11,1,2,3,13.31,30.81,420.05,0.2
2025-03-02 02:00:00,F1_R4,14,1,1.11,2,2,3,13.18,32.14,420.15,0.2
2025-03-02 03:00:00,F1_R4,14,1,1.11,3,2,3,13.02,33.9,420.47,0.2
2025-03-02 04:00:00,F1_R4,14,1,1.11,4,2,3,13.11,34.8,421.38,0.201
2025-03-02 05:00:00,F1_R4,14,1,1.11,5,2,3,13.73,37.08,424.17,0.202
2025-03-02 06:00:00,F1_R4,14,1,1.11,6,2,3,14.17,40.76,432.67,0.208
2025-03-02 07:00:00,F1_R4,14,1,1.11,7,2,3,15.14,43.52,455.57,0.228
2025-03-02 08:00:00,F1_R4,14,1,1.11,8,2,3,16.16,46.31,508.57,0.286
2025-03-02 09:00:00,F1_R4,14,1,1.11,9,2,3,17.68,50.23,601.33,0.415
2025-03-02 10:00:00,F1_R4,14,1,1.11,10,2,3,18.68,52.83,688.99,0.525
2025-03-02 11:00:00,F1_R4,14,1,1.11,11,2,3,20.87,55.33,742.29,0.584
2025-03-02 12:00:00,F1_R4,14,1,1.11,12,2,3,22.66,57.31,767.42,0.617
2025-03-02 13:00:00,F1_R4,14,1,1.11,13,2,3,23.05,56.79,762.35,0.578
2025-03-02 14:00:00,F1_R4,14,1,1.11,14,2,3,23.07,56.32,757.97,0.578
2025-03-02 15:00:00,F1_R4,14,1,1.11,15,2,3,22.96,55.28,741.86,0.582
2025-03-02 16:00:00,F1_R4,14,1,1.11,16,2,3,21.52,52.55,686.92,0.516
2025-03-02 17:00:00,F1_R4,14,1,1.11,17,2,3,20.07,50.11,600.76,0.413
2025-03-02 18:00:00,F1_R4,14,1,1.11,18,2,3,19.29,46.09,508.03,0.284
2025-03-02 19:00:00,F1_R4,14,1,1.11,19,2,3,17.41,42.43,454.51,0.225
2025-03-02 20:00:00,F1_R4,14,1,1.11,20,2,3,15.83,40.7,432.65,0.208
2025-03-02 21:00:00,F1_R4,14,1,1.11,21,2,3,14.88,37.08,424.17,0.202
2025-03-02 22:00:00,F1_R4,14,1,1.11,22,2,3,14.0,34.95,421.39,0.201
2025-03-02 23:00:00,F1_R4,14,1,1.11,23,2,3,13.82,32.42,420.45,0.2
2025-03-03 00:00:00,F1_R4,14,1,1.11,0,3,3,12.82,30.5,420.02,0.2
2025-03-03 01:00:00,F1_R4,14,1,1.11,1,3,3,13.31,30.81,420.05,0.2
2025-03-03 02:00:00,F1_R4,14,1,1.11,2,3,3,13.18,32.14,420.15,0.2
2025-03-03 03:00:00,F1_R4,14,1,1.11,3,3,3,13.02,33.9,420.47,0.2
2025-03-03 04:00:00,F1_R4,14,1,1.11,4,3,3,13.11,34.8,421.38,0.201
2025-03-03 05:00:00,F1_R4,14,1,1.11,5,3,3,13.73,37.08,424.17,0.205
2025-03-03 06:00:00,F1_R4,14,1,1.11,6,3,3,14.17,40.76,432.67,0.219
2025-03-03 07:00:00,F1_R4,14,1,1.11,7,3,3,15.14,43.52,455.57,0.267
2025-03-03 08:00:00,F1_R4,14,1,1.11,8,3,3,16.16,46.31,508.57,0.411
2025-03-03 09:00:00,F1_R4,14,1,1.11,9,3,3,17.68,50.23,601.33,0.715
2025-03-03 10:00:00,F1_R4,14,1,1.11,10,3,3,18.68,52.83,688.99,1.0
2025-03-03 11:00:00,F1_R4,14,1,1.11,11,3,3,20.87,55.33,742.29,1.145
2025-03-03 12:00:00,F1_R4,14,1,1.11,12,3,3,22.66,57.31,767.42,1.205
2025-03-03 13:00:00,F1_R4,14,1,1.11,13,3,3,23.05,56.79,762.35,1.172
2025-03-03 14:00:00,F1_R4,14,1,1.11,14,3,3,23.07,56.32,757.97,1.167
2025-03-03 15:00:00,F1_R4,14,1,1.11,15,3,3,22.96,55.28,741.86,1.143
2025-03-03 16:00:00,F1_R4,14,1,1.11,16,3,3,21.52,52.55,686.92,0.991
2025-03-03 17:00:00,F1_R4,14,1,1.11,17,3,3,20.07,50.11,600.76,0.713
2025-03-03 18:00:00,F1_R4,14,1,1.11,18,3,3,19.29,46.09,508.03,0.409
2025-03-03 19:00:00,F1_R4,14,1,1.11,19,3,3,17.41,42.43,454.51,0.264
2025-03-03 20:00:00,F1_R4,14,1,1.11,20,3,3,15.83,40.7,432.65,0.219
2025-03-03 21:00:00,F1_R4,14,1,1.11,21,3,3,14.88,37.08,424.17,0.205
2025-03-03 22:00:00,F1_R4,14,1,1.11,22,3,3,14.0,34.95,421.39,0.201
2025-03-03 23:00:00,F1_R4,14,1,1.11,23,3,3,13.82,32.42,420.45,0.2
2025-03-04 00:00:00,F1_R4,14,1,1.11,0,4,3,12.82,30.5,420.02,0.2
2025-03-04 01:00:00,F1_R4,14,1,1.11,1,4,3,13.31,30.81,420.05,0.2
2025-03-04 02:00:00,F1_R4,14,1,1.11,2,4,3,13.18,32.14,420.15,0.2
2025-03-04 03:00:00,F1_R4,14,1,1.11,3,4,3,13.02,33.9,420.47,0.2
2025-03-04 04:00:00,F1_R4,14,1,1.11,4,4,3,13.11,34.8,421.38,0.201
2025-03-04 05:00:00,F1_R4,14,1,1.11,5,4,3,13.73,37.08,424.17,0.205
2025-03-04 06:00:00,F1_R4,14,1,1.11,6,4,3,14.17,40.76,432.67,0.219
2025-03-04 07:00:00,F1_R4,14,1,1.11,7,4,3,15.14,43.52,455.57,0.267
2025-03-04 08:00:00,F1_R4,14,1,1.11,8,4,3,16.16,46.31,508.57,0.411
2025-03-04 09:00:00,F1_R4,14,1,1.11,9,4,3,17.68,50.23,601.33,0.715
2025-03-04 10:00:00,F1_R4,14,1,1.11,10,4,3,18.68,52.83,688.99,1.0
2025-03-04 11:00:00,F1_R4,14,1,1.11,11,4,3,20.87,55.33,742.29,1.145
2025-03-04 12:00:00,F1_R4,14,1,1.11,12,4,3,22.66,57.31,767.42,1.205
2025-03-04 13:00:00,F1_R4,14,1,1.11,13,4,3,23.05,56.79,762.35,1.172
2025-03-04 14:00:00,F1_R4,14,1,1.11,14,4,3,23.07,56.32,757.97,1.167
2025-03-04 15:00:00,F1_R4,14,1,1.11,15,4,3,22.96,55.28,741.86,1.143
2025-03-04 16:00:00,F1_R4,14,1,1.11,16,4,3,21.52,52.55,686.92,0.991
2025-03-04 17:00:00,F1_R4,14,1,1.11,17,4,3,20.07,50.11,600.76,0.713
2025-03-04 18:00:00,F1_R4,14,1,1.11,18,4,3,19.29,46.09,508.03,0.409
2025-03-04 19:00:00,F1_R4,14,1,1.11,19,4,3,17.41,42.43,454.51,0.264
2025-03-04 20:00:00,F1_R4,14,1,1.11,20,4,3,15.83,40.7,432.65,0.219
2025-03-04 21:00:00,F1_R4,14,1,1.11,21,4,3,14.88,37.08,424.17,0.205
2025-03-04 22:00:00,F1_R4,14,1,1.11,22,4,3,14.0,34.95,421.39,0.201
2025-03-04 23:00:00,F1_R4,14,1,1.11,23,4,3,13.82,32.42,420.45,0.2
2025-03-05 00:00:00,F1_R4,14,1,1.11,0,5,3,12.82,30.5,420.02,0.2
2025-03-05 01:00:00,F1_R4,14,1,1.11,1,5,3,13.31,30.81,420.05,0.2
2025-03-05 02:00:00,F1_R4,14,1,1.11,2,5,3,13.18,32.14,420.15,0.2
2025-03-05 03:00:00,F1_R4,14,1,1.11,3,5,3,13.02,33.9,420.47,0.2
2025-03-05 04:00:00,F1_R4,14,1,1.11,4,5,3,13.11,34.8,421.38,0.201
2025-03-05 05:00:00,F1_R4,14,1,1.11,5,5,3,13.73,37.08,424.17,0.202
2025-03-05 06:00:00,F1_R4,14,1,1.11,6,5,3,14.17,40.76,432.67,0.208
2025-03-05 07:00:00,F1_R4,14,1,1.11,7,5,3,15.14,43.52,455.57,0.228
2025-03-05 08:00:00,F1_R4,14,1,1.11,8,5,3,16.16,46.31,508.57,0.286
2025-03-05 09:00:00,F1_R4,14,1,1.11,9,5,3,17.68,50.23,601.33,0.415
2025-03-05 10:00:00,F1_R4,14,1,1.11,10,5,3,18.68,52.83,688.99,0.525
2025-03-05 11:00:00,F1_R4,14,1,1.11,11,5,3,20.87,55.33,742.29,0.584
2025-03-05 12:00:00,F1_R4,14,1,1.11,12,5,3,22.66,57.31,767.42,0.617
2025-03-05 13:00:00,F1_R4,14,1,1.11,13,5,3,23.05,56.79,762.35,0.578
2025-03-05 14:00:00,F1_R4,14,1,1.11,14,5,3,23.07,56.32,757.97,0.578
2025-03-05 15:00:00,F1_R4,14,1,1.11,15,5,3,22.96,55.28,741.86,0.582
2025-03-05 16:00:00,F1_R4,14,1,1.11,16,5,3,21.52,52.55,686.92,0.516
2025-03-05 17:00:00,F1_R4,14,1,1.11,17,5,3,20.07,50.11,600.76,0.413
2025-03-05 18:00:00,F1_R4,14,1,1.11,18,5,3,19.29,46.09,508.03,0.284
2025-03-05 19:00:00,F1_R4,14,1,1.11,19,5,3,17.41,42.43,454.51,0.225
2025-03-05 20:00:00,F1_R4,14,1,1.11,20,5,3,15.83,40.7,432.65,0.208
2025-03-05 21:00:00,F1_R4,14,1,1.11,21,5,3,14.88,37.08,424.17,0.202
2025-03-05 22:00:00,F1_R4,14,1,1.11,22,5,3,14.0,34.95,421.39,0.201
2025-03-05 23:00:00,F1_R4,14,1,1.11,23,5,3,13.82,32.42,420.45,0.2
2025-03-06 00:00:00,F1_R4,14,1,1.11,0,6,3,12.82,30.5,420.02,0.2
2025-03-06 01:00:00,F1_R4,14,1,1.11,1,6,3,13.31,30.81,420.05,0.2
2025-03-06 02:00:00,F1_R4,14,1,1.11,2,6,3,13.18,32.14,420.15,0.2
2025-03-06 03:00:00,F1_R4,14,1,1.11,3,6,3,13.02,33.9,420.47,0.2
2025-03-06 04:00:00,F1_R4,14,1,1.11,4,6,3,13.11,34.8,421.38,0.201
2025-03-06 05:00:00,F1_R4,14,1,1.11,5,6,3,13.73,37.08,424.17,0.202
2025-03-06 06:00:00,F1_R4,14,1,1.11,6,6,3,14.17,40.76,432.67,0.208
2025-03-06 07:00:00,F1_R4,14,1,1.11,7,6,3,15.14,43.52,455.57,0.228
2025-03-06 08:00:00,F1_R4,14,1,1.11,8,6,3,16.16,46.31,508.57,0.286
2025-03-06 09:00:00,F1_R4,14,1,1.11,9,6,3,17.68,50.23,601.33,0.415
2025-03-06 10:00:00,F1_R4,14,1,1.11,10,6,3,18.68,52.83,688.99,0.525
2025-03-06 11:00:00,F1_R4,14,1,1.11,11,6,3,20.87,55.33,742.29,0.584
2025-03-06 12:00:00,F1_R4,14,1,1.11,12,6,3,22.66,57.31,767.42,0.617
2025-03-06 13:00:00,F1_R4,14,1,1.11,13,6,3,23.05,56.79,762.35,0.578
2025-03-06 14:00:00,F1_R4,14,1,1.11,14,6,3,23.07,56.32,757.97,0.578
2025-03-06 15:00:00,F1_R4,14,1,1.11,15,6,3,22.96,55.28,741.86,0.582
2025-03-06 16:00:00,F1_R4,14,1,1.11,16,6,3,21.52,52.55,686.92,0.516
2025-03-06 17:00:00,F1_R4,14,1,1.11,17,6,3,20.07,50.11,600.76,0.413
2025-03-06 18:00:00,F1_R4,14,1,1.11,18,6,3,19.29,46.09,508.03,0.284
2025-03-06 19:00:00,F1_R4,14,1,1.11,19,6,3,17.41,42.43,454.51,0.225
2025-03-06 20:00:00,F1_R4,14,1,1.11,20,6,3,15.83,40.7,432.65,0.208
2025-03-06 21:00:00,F1_R4,14,1,1.11,21,6,3,14.88,37.08,424.17,0.202
2025-03-06 22:00:00,F1_R4,14,1,1.11,22,6,3,14.0,34.95,421.39,0.201
2025-03-06 23:00:00,F1_R4,14,1,1.11,23,6,3,13.82,32.42,420.45,0.2
2025-03-07 00:00:00,F1_R4,14,1,1.11,0,7,3,12.82,30.5,420.02,0.2
2025-03-07 01:00:00,F1_R4,14,1,1.11,1,7,3,13.31,30.81,420.05,0.2
2025-03-07 02:00:00,F1_R4,14,1,1.11,2,7,3,13.18,32.14,420.15,0.2
2025-03-07 03:00:00,F1_R4,14,1,1.11,3,7,3,13.02,33.9,420.47,0.2
2025-03-07 04:00:00,F1_R4,14,1,1.11,4,7,3,13.11,34.8,421.38,0.201
2025-03-07 05:00:00,F1_R4,14,1,1.11,5,7,3,13.73,37.08,424.17,0.202
2025-03-07 06:00:00,F1_R4,14,1,1.11,6,7,3,14.17,40.76,432.67,0.208
2025-03-07 07:00:00,F1_R4,14,1,1.11,7,7,3,15.14,43.52,455.57,0.228
2025-03-07 08:00:00,F1_R4,14,1,1.11,8,7,3,16.16,46.31,508.57,0.286
2025-03-07 09:00:00,F1_R4,14,1,1.11,9,7,3,17.68,50.23,601.33,0.415
2025-03-07 10:00:00,F1_R4,14,1,1.11,10,7,3,18.68,52.83,688.99,0.525
2025-03-07 11:00:00,F1_R4,14,1,1.11,11,7,3,20.87,55.33,742.29,0.584
2025-03-07 12:00:00,F1_R4,14,1,1.11,12,7,3,22.66,57.31,767.42,0.617
2025-03-07 13:00:00,F1_R4,14,1,1.11,13,7,3,23.05,56.79,762.35,0.578
2025-03-07 14:00:00,F1_R4,14,1,1.11,14,7,3,23.07,56.32,757.97,0.578
2025-03-07 15:00:00,F1_R4,14,1,1.11,15,7,3,22.96,55.28,741.86,0.582
2025-03-07 16:00:00,F1_R4,14,1,1.11,16,7,3,21.52,52.55,686.92,0.516
2025-03-07 17:00:00,F1_R4,14,1,1.11,17,7,3,20.07,50.11,600.76,0.413
2025-03-07 18:00:00,F1_R4,14,1,1.11,18,7,3,19.29,46.09,508.03,0.284
2025-03-07 19:00:00,F1_R4,14,1,1.11,19,7,3,17.41,42.43,454.51,0.225
2025-03-07 20:00:00,F1_R4,14,1,1.11,20,7,3,15.83,40.7,432.65,0.208
2025-03-07 21:00:00,F1_R4,14,1,1.11,21,7,3,14.88,37.08,424.17,0.202
2025-03-07 22:00:00,F1_R4,14,1,1.11,22,7,3,14.0,34.95,421.39,0.201
2025-03-07 23:00:00,F1_R4,14,1,1.11,23,7,3,13.82,32.42,420.45,0.2
2025-03-08 00:00:00,F1_R4,14,1,1.11,0,8,3,12.82,30.5,420.02,0.2
2025-03-08 01:00:00,F1_R4,14,1,1.11,1,8,3,13.31,30.81,420.05,0.2
2025-03-08 02:00:00,F1_R4,14,1,1.11,2,8,3,13.18,32.14,420.15,0.2
2025-03-08 03:00:00,F1_R4,14,1,1.11,3,8,3,13.02,33.9,420.47,0.2
2025-03-08 04:00:00,F1_R4,14,1,1.11,4,8,3,13.11,34.8,421.38,0.201
2025-03-08 05:00:00,F1_R4,14,1,1.11,5,8,3,13.73,37.08,424.17,0.202
2025-03-08 06:00:00,F1_R4,14,1,1.11,6,8,3,14.17,40.76,432.67,0.208
2025-03-08 07:00:00,F1_R4,14,1,1.11,7,8,3,15.14,43.52,455.57,0.228
2025-03-08 08:00:00,F1_R4,14,1,1.11,8,8,3,16.16,46.31,508.57,0.286
2025-03-08 09:00:00,F1_R4,14,1,1.11,9,8,3,17.68,50.23,601.33,0.415
2025-03-08 10:00:00,F1_R4,14,1,1.11,10,8,3,18.68,52.83,688.99,0.525
2025-03-08 11:00:00,F1_R4,14,1,1.11,11,8,3,20.87,55.33,742.29,0.584
2025-03-08 12:00:00,F1_R4,14,1,1.11,12,8,3,22.66,57.31,767.42,0.617
2025-03-08 13:00:00,F1_R4,14,1,1.11,13,8,3,23.05,56.79,762.35,0.578
2025-03-08 14:00:00,F1_R4,14,1,1.11,14,8,3,23.07,56.32,757.97,0.578
2025-03-08 15:00:00,F1_R4,14,1,1.11,15,8,3,22.96,55.28,741.86,0.582
2025-03-08 16:00:00,F1_R4,14,1,1.11,16,8,3,21.52,52.55,686.92,0.516
2025-03-08 17:00:00,F1_R4,14,1,1.11,17,8,3,20.07,50.11,600.76,0.413
2025-03-08 18:00:00,F1_R4,14,1,1.11,18,8,3,19.29,46.09,508.03,0.284
2025-03-08 19:00:00,F1_R4,14,1,1.11,19,8,3,17.41,42.43,454.51,0.225
2025-03-08 20:00:00,F1_R4,14,1,1.11,20,8,3,15.83,40.7,432.65,0.208
2025-03-08 21:00:00,F1_R4,14,1,1.11,21,8,3,14.88,37.08,424.17,0.202
2025-03-08 22:00:00,F1_R4,14,1,1.11,22,8,3,14.0,34.95,421.39,0.201
2025-03-08 23:00:00,F1_R4,14,1,1.11,23,8,3,13.82,32.42,420.45,0.2
2025-03-09 00:00:00,F1_R4,14,1,1.11,0,9,3,12.82,30.5,420.02,0.2
2025-03-09 01:00:00,F1_R4,14,1,1.11,1,9,3,13.31,30.81,420.05,0.2
2025-03-09 02:00:00,F1_R4,14,1,1.11,2,9,3,13.18,32.14,420.15,0.2
2025-03-09 03:00:00,F1_R4,14,1,1.11,3,9,3,13.02,33.9,420.47,0.2
2025-03-09 04:00:00,F1_R4,14,1,1.11,4,9,3,13.11,34.8,421.38,0.201
2025-03-09 05:00:00,F1_R4,14,1,1.11,5,9,3,13.73,37.08,424.17,0.202
2025-03-09 06:00:00,F1_R4,14,1,1.11,6,9,3,14.17,40.76,432.67,0.208
2025-03-09 07:00:00,F1_R4,14,1,1.11,7,9,3,15.14,43.52,455.57,0.228
2025-03-09 08:00:00,F1_R4,14,1,1.11,8,9,3,16.16,46.31,508.57,0.286
2025-03-09 09:00:00,F1_R4,14,1,1.11,9,9,3,17.68,50.23,601.33,0.415
2025-03-09 10:00:00,F1_R4,14,1,1.11,10,9,3,18.68,52.83,688.99,0.525
2025-03-09 11:00:00,F1_R4,14,1,1.11,11,9,3,20.87,55.33,742.29,0.584
2025-03-09 12:00:00,F1_R4,14,1,1.11,12,9,3,22.66,57.31,767.42,0.617
2025-03-09 13:00:00,F1_R4,14,1,1.11,13,9,3,23.05,56.79,762.35,0.578
2025-03-09 14:00:00,F1_R4,14,1,1.11,14,9,3,23.07,56.32,757.97,0.578
2025-03-09 15:00:00,F1_R4,14,1,1.11,15,9,3,22.96,55.28,741.86,0.582
2025-03-09 16:00:00,F1_R4,14,1,1.11,16,9,3,21.52,52.55,686.92,0.516
2025-03-09 17:00:00,F1_R4,14,1,1.11,17,9,3,20.07,50.11,600.76,0.413
2025-03-09 18:00:00,F1_R4,14,1,1.11,18,9,3,19.29,46.09,508.03,0.284
2025-03-09 19:00:00,F1_R4,14,1,1.11,19,9,3,17.41,42.43,454.51,0.225
2025-03-09 20:00:00,F1_R4,14,1,1.11,20,9,3,15.83,40.7,432.65,0.208
2025-03-09 21:00:00,F1_R4,14,1,1.11,21,9,3,14.88,37.08,424.17,0.202
2025-03-09 22:00:00,F1_R4,14,1,1.11,22,9,3,14.0,34.95,421.39,0.201
2025-03-09 23:00:00,F1_R4,14,1,1.11,23,9,3,13.82,32.42,420.45,0.2
2025-03-10 00:00:00,F1_R4,14,1,1.11,0,10,3,12.82,30.5,420.02,0.2
2025-03-10 01:00:00,F1_R4,14,1,1.11,1,10,3,13.31,30.81,420.05,0.2
2025-03-10 02:00:00,F1_R4,14,1,1.11,2,10,3,13.18,32.14,420.15,0.2
2025-03-10 03:00:00,F1_R4,14,1,1.11,3,10,3,13.02,33.9,420.47,0.2
2025-03-10 04:00:00,F1_R4,14,1,1.11,4,10,3,13.11,34.8,421.38,0.201
2025-03-10 05:00:00,F1_R4,14,1,1.11,5,10,3,13.73,37.08,424.17,0.205
2025-03-10 06:00:00,F1_R4,14,1,1.11,6,10,3,14.17,40.76,432.67,0.219
2025-03-10 07:00:00,F1_R4,14,1,1.11,7,10,3,15.14,43.52,455.57,0.267
2025-03-10 08:00:00,F1_R4,14,1,1.11,8,10,3,16.16,46.31,508.57,0.411
2025-03-10 09:00:00,F1_R4,14,1,1.11,9,10,3,17.68,50.23,601.33,0.715
2025-03-10 10:00:00,F1_R4,14,1,1.11,10,10,3,18.68,52.83,688.99,1.0
2025-03-10 11:00:00,F1_R4,14,1,1.11,11,10,3,20.87,55.33,742.29,1.145
2025-03-10 12:00:00,F1_R4,14,1,1.11,12,10,3,22.66,57.31,767.42,1.205
2025-03-10 13:00:00,F1_R4,14,1,1.11,13,10,3,23.05,56.79,762.35,1.172
2025-03-10 14:00:00,F1_R4,14,1,1.11,14,10,3,23.07,56.32,757.97,1.167
2025-03-10 15:00:00,F1_R4,14,1,1.11,15,10,3,22.96,55.28,741.86,1.143
2025-03-10 16:00:00,F1_R4,14,1,1.11,16,10,3,21.52,52.55,686.92,0.991
2025-03-10 17:00:00,F1_R4,14,1,1.11,17,10,3,20.07,50.11,600.76,0.713
2025-03-10 18:00:00,F1_R4,14,1,1.11,18,10,3,19.29,46.09,508.03,0.409
2025-03-10 19:00:00,F1_R4,14,1,1.11,19,10,3,17.41,42.43,454.51,0.264
2025-03-10 20:00:00,F1_R4,14,1,1.11,20,10,3,15.83,40.7,432.65,0.219
2025-03-10 21:00:00,F1_R4,14,1,1.11,21,10,3,14.88,37.08,424.17,0.205
2025-03-10 22:00:00,F1_R4,14,1,1.11,22,10,3,14.0,34.95,421.39,0.201
2025-03-10 23:00:00,F1_R4,14,1,1.11,23,10,3,13.82,32.42,420.45,0.2
2025-03-11 00:00:00,F1_R4,14,1,1.11,0,11,3,12.82,30.5,420.02,0.2
2025-03-11 01:00:00,F1_R4,14,1,1.11,1,11,3,13.31,30.81,420.05,0.2
2025-03-11 02:00:00,F1_R4,14,1,1.11,2,11,3,13.18,32.14,420.15,0.2
2025-03-11 03:00:00,F1_R4,14,1,1.11,3,11,3,13.02,33.9,420.47,0.2
2025-03-11 04:00:00,F1_R4,14,1,1.11,4,11,3,13.11,34.8,421.38,0.201
2025-03-11 05:00:00,F1_R4,14,1,1.11,5,11,3,13.73,37.08,424.17,0.205
2025-03-11 06:00:00,F1_R4,14,1,1.11,6,11,3,14.17,40.76,432.67,0.219
2025-03-11 07:00:00,F1_R4,14,1,1.11,7,11,3,15.14,43.52,455.57,0.267
2025-03-11 08:00:00,F1_R4,14,1,1.11,8,11,3,16.16,46.31,508.57,0.411
2025-03-11 09:00:00,F1_R4,14,1,1.11,9,11,3,17.68,50.23,601.33,0.715
2025-03-11 10:00:00,F1_R4,14,1,1.11,10,11,3,18.68,52.83,688.99,1.0
2025-03-11 11:00:00,F1_R4,14,1,1.11,11,11,3,20.87,55.33,742.29,1.145
2025-03-11 12:00:00,F1_R4,14,1,1.11,12,11,3,22.66,57.31,767.42,1.205
2025-03-11 13:00:00,F1_R4,14,1,1.11,13,11,3,23.05,56.79,762.35,1.172
2025-03-11 14:00:00,F1_R4,14,1,1.11,14,11,3,23.07,56.32,757.97,1.167
2025-03-11 15:00:00,F1_R4,14,1,1.11,15,11,3,22.96,55.28,741.86,1.143
2025-03-11 16:00:00,F1_R4,14,1,1.11,16,11,3,21.52,52.55,686.92,0.991
2025-03-11 17:00:00,F1_R4,14,1,1.11,17,11,3,20.07,50.11,600.76,0.713
2025-03-11 18:00:00,F1_R4,14,1,1.11,18,11,3,19.29,46.09,508.03,0.409
2025-03-11 19:00:00,F1_R4,14,1,1.11,19,11,3,17.41,42.43,454.51,0.264
2025-03-11 20:00:00,F1_R4,14,1,1.11,20,11,3,15.83,40.7,432.65,0.219
2025-03-11 21:00:00,F1_R4,14,1,1.11,21,11,3,14.88,37.08,424.17,0.205
2025-03-11 22:00:00,F1_R4,14,1,1.11,22,11,3,14.0,34.95,421.39,0.201
2025-03-11 23:00:00,F1_R4,14,1,1.11,23,11,3,13.82,32.42,420.45,0.2
2025-03-12 00:00:00,F1_R4,14,1,1.11,0,12,3,12.82,30.5,420.02,0.2
2025-03-12 01:00:00,F1_R4,14,1,1.11,1,12,3,13.31,30.81,420.05,0.2
2025-03-12 02:00:00,F1_R4,14,1,1.11,2,12,3,13.18,32.14,420.15,0.2
2025-03-12 03:00:00,F1_R4,14,1,1.11,3,12,3,13.02,33.9,420.47,0.2
2025-03-12 04:00:00,F1_R4,14,1,1.11,4,12,3,13.11,34.8,421.38,0.201
2025-03-12 05:00:00,F1_R4,14,1,1.11,5,12,3,13.73,37.08,424.17,0.202
2025-03-12 06:00:00,F1_R4,14,1,1.11,6,12,3,14.17,40.76,432.67,0.208
2025-03-12 07:00:00,F1_R4,14,1,1.11,7,12,3,15.14,43.52,455.57,0.228
2025-03-12 08:00:00,F1_R4,14,1,1.11,8,12,3,16.16,46.31,508.57,0.286
2025-03-12 09:00:00,F1_R4,14,1,1.11,9,12,3,17.68,50.23,601.33,0.415
2025-03-12 10:00:00,F1_R4,14,1,1.11,10,12,3,18.68,52.83,688.99,0.525
2025-03-12 11:00:00,F1_R4,14,1,1.11,11,12,3,20.87,55.33,742.29,0.584
2025-03-12 12:00:00,F1_R4,14,1,1.11,12,12,3,22.66,57.31,767.42,0.617
2025-03-12 13:00:00,F1_R4,14,1,1.11,13,12,3,23.05,56.79,762.35,0.578
2025-03-12 14:00:00,F1_R4,14,1,1.11,14,12,3,23.07,56.32,757.97,0.578
2025-03-12 15:00:00,F1_R4,14,1,1.11,15,12,3,22.96,55.28,741.86,0.582
2025-03-12 16:00:00,F1_R4,14,1,1.11,16,12,3,21.52,52.55,686.92,0.516
2025-03-12 17:00:00,F1_R4,14,1,1.11,17,12,3,20.07,50.11,600.76,0.413
2025-03-12 18:00:00,F1_R4,14,1,1.11,18,12,3,19.29,46.09,508.03,0.284
2025-03-12 19:00:00,F1_R4,14,1,1.11,19,12,3,17.41,42.43,454.51,0.225
2025-03-12 20:00:00,F1_R4,14,1,1.11,20,12,3,15.83,40.7,432.65,0.208
2025-03-12 21:00:00,F1_R4,14,1,1.11,21,12,3,14.88,37.08,424.17,0.202
2025-03-12 22:00:00,F1_R4,14,1,1.11,22,12,3,14.0,34.95,421.39,0.201
2025-03-12 23:00:00,F1_R4,14,1,1.11,23,12,3,13.82,32.42,420.45,0.2
2025-03-13 00:00:00,F1_R4,14,1,1.11,0,13,3,12.82,30.5,420.02,0.2
2025-03-13 01:00:00,F1_R4,14,1,1.11,1,13,3,13.31,30.81,420.05,0.2
2025-03-13 02:00:00,F1_R4,14,1,1.11,2,13,3,13.18,32.14,420.15,0.2
2025-03-13 03:00:00,F1_R4,14,1,1.11,3,13,3,13.02,33.9,420.47,0.2
2025-03-13 04:00:00,F1_R4,14,1,1.11,4,13,3,13.11,34.8,421.38,0.201
2025-03-13 05:00:00,F1_R4,14,1,1.11,5,13,3,13.73,37.08,424.17,0.202
2025-03-13 06:00:00,F1_R4,14,1,1.11,6,13,3,14.17,40.76,432.67,0.208
2025-03-13 07:00:00,F1_R4,14,1,1.11,7,13,3,15.14,43.52,455.57,0.228
2025-03-13 08:00:00,F1_R4,14,1,1.11,8,13,3,16.16,46.31,508.57,0.286
2025-03-13 09:00:00,F1_R4,14,1,1.11,9,13,3,17.68,50.23,601.33,0.415
2025-03-13 10:00:00,F1_R4,14,1,1.11,10,13,3,18.68,52.83,688.99,0.525
2025-03-13 11:00:00,F1_R4,14,1,1.11,11,13,3,20.87,55.33,742.29,0.584
2025-03-13 12:00:00,F1_R4,14,1,1.11,12,13,3,22.66,57.31,767.42,0.617
2025-03-13 13:00:00,F1_R4,14,1,1.11,13,13,3,23.05,56.79,762.35,0.578
2025-03-13 14:00:00,F1_R4,14,1,1.11,14,13,3,23.07,56.32,757.97,0.578
2025-03-13 15:00:00,F1_R4,14,1,1.11,15,13,3,22.96,55.28,741.86,0.582
2025-03-13 16:00:00,F1_R4,14,1,1.11,16,13,3,21.52,52.55,686.92,0.516
2025-03-13 17:00:00,F1_R4,14,1,1.11,17,13,3,20.07,50.11,600.76,0.413
2025-03-13 18:00:00,F1_R4,14,1,1.11,18,13,3,19.29,46.09,508.03,0.284
2025-03-13 19:00:00,F1_R4,14,1,1.11,19,13,3,17.41,42.43,454.51,0.225
2025-03-13 20:00:00,F1_R4,14,1,1.11,20,13,3,15.83,40.7,432.65,0.208
2025-03-13 21:00:00,F1_R4,14,1,1.11,21,13,3,14.88,37.08,424.17,0.202
2025-03-13 22:00:00,F1_R4,14,1,1.11,22,13,3,14.0,34.95,421.39,0.201
2025-03-13 23:00:00,F1_R4,14,1,1.11,23,13,3,13.82,32.42,420.45,0.2
2025-03-14 00:00:00,F1_R4,14,1,1.11,0,14,3,12.82,30.5,420.02,0.2
2025-03-14 01:00:00,F1_R4,14,1,1.11,1,14,3,13.31,30.81,420.05,0.2
2025-03-14 02:00:00,F1_R4,14,1,1.11,2,14,3,13.18,32.14,420.15,0.2
2025-03-14 03:00:00,F1_R4,14,1,1.11,3,14,3,13.02,33.9,420.47,0.2
2025-03-14 04:00:00,F1_R4,14,1,1.11,4,14,3,13.11,34.8,421.38,0.201
2025-03-14 05:00:00,F1_R4,14,1,1.11,5,14,3,13.73,37.08,424.17,0.202
2025-03-14 06:00:00,F1_R4,14,1,1.11,6,14,3,14.17,40.76,432.67,0.208
2025-03-14 07:00:00,F1_R4,14,1,1.11,7,14,3,15.14,43.52,455.57,0.228
2025-03-14 08:00:00,F1_R4,14,1,1.11,8,14,3,16.16,46.31,508.57,0.286
2025-03-14 09:00:00,F1_R4,14,1,1.11,9,14,3,17.68,50.23,601.33,0.415
2025-03-14 10:00:00,F1_R4,14,1,1.11,10,14,3,18.68,52.83,688.99,0.525
2025-03-14 11:00:00,F1_R4,14,1,1.11,11,14,3,20.87,55.33,742.29,0.584
2025-03-14 12:00:00,F1_R4,14,1,1.11,12,14,3,22.66,57.31,767.42,0.617
2025-03-14 13:00:00,F1_R4,14,1,1.11,13,14,3,23.05,56.79,762.35,0.578
2025-03-14 14:00:00,F1_R4,14,1,1.11,14,14,3,23.07,56.32,757.97,0.578
2025-03-14 15:00:00,F1_R4,14,1,1.11,15,14,3,22.96,55.28,741.86,0.582
2025-03-14 16:00:00,F1_R4,14,1,1.11,16,14,3,21.52,52.55,686.92,0.516
2025-03-14 17:00:00,F1_R4,14,1,1.11,17,14,3,20.07,50.11,600.76,0.413
2025-03-14 18:00:00,F1_R4,14,1,1.11,18,14,3,19.29,46.09,508.03,0.284
2025-03-14 19:00:00,F1_R4,14,1,1.11,19,14,3,17.41,42.43,454.51,0.225
2025-03-14 20:00:00,F1_R4,14,1,1.11,20,14,3,15.83,40.7,432.65,0.208
2025-03-14 21:00:00,F1_R4,14,1,1.11,21,14,3,14.88,37.08,424.17,0.202
2025-03-14 22:00:00,F1_R4,14,1,1.11,22,14,3,14.0,34.95,421.39,0.201
2025-03-14 23:00:00,F1_R4,14,1,1.11,23,14,3,13.82,32.42,420.45,0.2
2025-03-15 00:00:00,F1_R4,14,1,1.11,0,15,3,12.82,30.5,420.02,0.2
2025-03-15 01:00:00,F1_R4,14,1,1.11,1,15,3,13.31,30.81,420.05,0.2
2025-03-15 02:00:00,F1_R4,14,1,1.11,2,15,3,13.18,32.14,420.15,0.2
2025-03-15 03:00:00,F1_R4,14,1,1.11,3,15,3,13.02,33.9,420.47,0.2
2025-03-15 04:00:00,F1_R4,14,1,1.11,4,15,3,13.11,34.8,421.38,0.201
2025-03-15 05:00:00,F1_R4,14,1,1.11,5,15,3,13.73,37.08,424.17,0.202
2025-03-15 06:00:00,F1_R4,14,1,1.11,6,15,3,14.17,40.76,432.67,0.208
2025-03-15 07:00:00,F1_R4,14,1,1.11,7,15,3,15.14,43.52,455.57,0.228
2025-03-15 08:00:00,F1_R4,14,1,1.11,8,15,3,16.16,46.31,508.57,0.286
2025-03-15 09:00:00,F1_R4,14,1,1.11,9,15,3,17.68,50.23,601.33,0.415
2025-03-15 10:00:00,F1_R4,14,1,1.11,10,15,3,18.68,52.83,688.99,0.525
2025-03-15 11:00:00,F1_R4,14,1,1.11,11,15,3,20.87,55.33,742.29,0.584
2025-03-15 12:00:00,F1_R4,14,1,1.11,12,15,3,22.66,57.31,767.42,0.617
2025-03-15 13:00:00,F1_R4,14,1,1.11,13,15,3,23.05,56.79,762.35,0.578
2025-03-15 14:00:00,F1_R4,14,1,1.11,14,15,3,23.07,56.32,757.97,0.578
2025-03-15 15:00:00,F1_R4,14,1,1.11,15,15,3,22.96,55.28,741.86,0.582
2025-03-15 16:00:00,F1_R4,14,1,1.11,16,15,3,21.52,52.55,686.92,0.516
2025-03-15 17:00:00,F1_R4,14,1,1.11,17,15,3,20.07,50.11,600.76,0.413
2025-03-15 18:00:00,F1_R4,14,1,1.11,18,15,3,19.29,46.09,508.03,0.284
2025-03-15 19:00:00,F1_R4,14,1,1.11,19,15,3,17.41,42.43,454.51,0.225
2025-03-15 20:00:00,F1_R4,14,1,1.11,20,15,3,15.83,40.7,432.65,0.208
2025-03-15 21:00:00,F1_R4,14,1,1.11,21,15,3,14.88,37.08,424.17,0.202
2025-03-15 22:00:00,F1_R4,14,1,1.11,22,15,3,14.0,34.95,421.39,0.201
2025-03-15 23:00:00,F1_R4,14,1,1.11,23,15,3,13.82,32.42,420.45,0.2
2025-03-16 00:00:00,F1_R4,14,1,1.11,0,16,3,12.82,30.5,420.02,0.2
2025-03-16 01:00:00,F1_R4,14,1,1.11,1,16,3,13.31,30.81,420.05,0.2
2025-03-16 02:00:00,F1_R4,14,1,1.11,2,16,3,13.18,32.14,420.15,0.2
2025-03-16 03:00:00,F1_R4,14,1,1.11,3,16,3,13.02,33.9,420.47,0.2
2025-03-16 04:00:00,F1_R4,14,1,1.11,4,16,3,13.11,34.8,421.38,0.201
2025-03-16 05:00:00,F1_R4,14,1,1.11,5,16,3,13.73,37.08,424.17,0.202
2025-03-16 06:00:00,F1_R4,14,1,1.11,6,16,3,14.17,40.76,432.67,0.208
2025-03-16 07:00:00,F1_R4,14,1,1.11,7,16,3,15.14,43.52,455.57,0.228
2025-03-16 08:00:00,F1_R4,14,1,1.11,8,16,3,16.16,46.31,508.57,0.286
2025-03-16 09:00:00,F1_R4,14,1,1.11,9,16,3,17.68,50.23,601.33,0.415
2025-03-16 10:00:00,F1_R4,14,1,1.11,10,16,3,18.68,52.83,688.99,0.525
2025-03-16 11:00:00,F1_R4,14,1,1.11,11,16,3,20.87,55.33,742.29,0.584
2025-03-16 12:00:00,F1_R4,14,1,1.11,12,16,3,22.66,57.31,767.42,0.617
2025-03-16 13:00:00,F1_R4,14,1,1.11,13,16,3,23.05,56.79,762.35,0.578
2025-03-16 14:00:00,F1_R4,14,1,1.11,14,16,3,23.07,56.32,757.97,0.578
2025-03-16 15:00:00,F1_R4,14,1,1.11,15,16,3,22.96,55.28,741.86,0.582
2025-03-16 16:00:00,F1_R4,14,1,1.11,16,16,3,21.52,52.55,686.92,0.516
2025-03-16 17:00:00,F1_R4,14,1,1.11,17,16,3,20.07,50.11,600.76,0.413
2025-03-16 18:00:00,F1_R4,14,1,1.11,18,16,3,19.29,46.09,508.03,0.284
2025-03-16 19:00:00,F1_R4,14,1,1.11,19,16,3,17.41,42.43,454.51,0.225
2025-03-16 20:00:00,F1_R4,14,1,1.11,20,16,3,15.83,40.7,432.65,0.208
2025-03-16 21:00:00,F1_R4,14,1,1.11,21,16,3,14.88,37.08,424.17,0.202
2025-03-16 22:00:00,F1_R4,14,1,1.11,22,16,3,14.0,34.95,421.39,0.201
2025-03-16 23:00:00,F1_R4,14,1,1.11,23,16,3,13.82,32.42,420.45,0.2
2025-03-17 00:00:00,F1_R4,14,1,1.11,0,17,3,12.82,30.5,420.02,0.2
2025-03-17 01:00:00,F1_R4,14,1,1.11,1,17,3,13.31,30.81,420.05,0.2
2025-03-17 02:00:00,F1_R4,14,1,1.11,2,17,3,13.18,32.14,420.15,0.2
2025-03-17 03:00:00,F1_R4,14,1,1.11,3,17,3,13.02,33.9,420.47,0.2
2025-03-17 04:00:00,F1_R4,14,1,1.11,4,17,3,13.11,34.8,421.38,0.201
2025-03-17 05:00:00,F1_R4,14,1,1.11,5,17,3,13.73,37.08,424.17,0.205
2025-03-17 06:00:00,F1_R4,14,1,1.11,6,17,3,14.17,40.76,432.67,0.219
2025-03-17 07:00:00,F1_R4,14,1,1.11,7,17,3,15.14,43.52,455.57,0.267
2025-03-17 08:00:00,F1_R4,14,1,1.11,8,17,3,16.16,46.31,508.57,0.411
2025-03-17 09:00:00,F1_R4,14,1,1.11,9,17,3,17.68,50.23,601.33,0.715
2025-03-17 10:00:00,F1_R4,14,1,1.11,10,17,3,18.68,52.83,688.99,1.0
2025-03-17 11:00:00,F1_R4,14,1,1.11,11,17,3,20.87,55.33,742.29,1.145
2025-03-17 12:00:00,F1_R4,14,1,1.11,12,17,3,22.66,57.31,767.42,1.205
2025-03-17 13:00:00,F1_R4,14,1,1.11,13,17,3,23.05,56.79,762.35,1.172
2025-03-17 14:00:00,F1_R4,14,1,1.11,14,17,3,23.07,56.32,757.97,1.167
2025-03-17 15:00:00,F1_R4,14,1,1.11,15,17,3,22.96,55.28,741.86,1.143
2025-03-17 16:00:00,F1_R4,14,1,1.11,16,17,3,21.52,52.55,686.92,0.991
2025-03-17 17:00:00,F1_R4,14,1,1.11,17,17,3,20.07,50.11,600.76,0.713
2025-03-17 18:00:00,F1_R4,14,1,1.11,18,17,3,19.29,46.09,508.03,0.409
2025-03-17 19:00:00,F1_R4,14,1,1.11,19,17,3,17.41,42.43,454.51,0.264
2025-03-17 20:00:00,F1_R4,14,1,1.11,20,17,3,15.83,40.7,432.65,0.219
2025-03-17 21:00:00,F1_R4,14,1,1.11,21,17,3,14.88,37.08,424.17,0.205
2025-03-17 22:00:00,F1_R4,14,1,1.11,22,17,3,14.0,34.95,421.39,0.201
2025-03-17 23:00:00,F1_R4,14,1,1.11,23,17,3,13.82,32.42,420.45,0.2
2025-03-18 00:00:00,F1_R4,14,1,1.11,0,18,3,12.82,30.5,420.02,0.2
2025-03-18 01:00:00,F1_R4,14,1,1.11,1,18,3,13.31,30.81,420.05,0.2
2025-03-18 02:00:00,F1_R4,14,1,1.11,2,18,3,13.18,32.14,420.15,0.2
2025-03-18 03:00:00,F1_R4,14,1,1.11,3,18,3,13.02,33.9,420.47,0.2
2025-03-18 04:00:00,F1_R4,14,1,1.11,4,18,3,13.11,34.8,421.38,0.201
2025-03-18 05:00:00,F1_R4,14,1,1.11,5,18,3,13.73,37.08,424.17,0.205
2025-03-18 06:00:00,F1_R4,14,1,1.11,6,18,3,14.17,40.76,432.67,0.219
2025-03-18 07:00:00,F1_R4,14,1,1.11,7,18,3,15.14,43.52,455.57,0.267
2025-03-18 08:00:00,F1_R4,14,1,1.11,8,18,3,16.16,46.31,508.57,0.411
2025-03-18 09:00:00,F1_R4,14,1,1.11,9,18,3,17.68,50.23,601.33,0.715
2025-03-18 10:00:00,F1_R4,14,1,1.11,10,18,3,18.68,52.83,688.99,1.0
2025-03-18 11:00:00,F1_R4,14,1,1.11,11,18,3,20.87,55.33,742.29,1.145
2025-03-18 12:00:00,F1_R4,14,1,1.11,12,18,3,22.66,57.31,767.42,1.205
2025-03-18 13:00:00,F1_R4,14,1,1.11,13,18,3,23.05,56.79,762.35,1.172
2025-03-18 14:00:00,F1_R4,14,1,1.11,14,18,3,23.07,56.32,757.97,1.167
2025-03-18 15:00:00,F1_R4,14,1,1.11,15,18,3,22.96,55.28,741.86,1.143
2025-03-18 16:00:00,F1_R4,14,1,1.11,16,18,3,21.52,52.55,686.92,0.991
2025-03-18 17:00:00,F1_R4,14,1,1.11,17,18,3,20.07,50.11,600.76,0.713
2025-03-18 18:00:00,F1_R4,14,1,1.11,18,18,3,19.29,46.09,508.03,0.409
2025-03-18 19:00:00,F1_R4,14,1,1.11,19,18,3,17.41,42.43,454.51,0.264
2025-03-18 20:00:00,F1_R4,14,1,1.11,20,18,3,15.83,40.7,432.65,0.219
2025-03-18 21:00:00,F1_R4,14,1,1.11,21,18,3,14.88,37.08,424.17,0.205
2025-03-18 22:00:00,F1_R4,14,1,1.11,22,18,3,14.0,34.95,421.39,0.201
2025-03-18 23:00:00,F1_R4,14,1,1.11,23,18,3,13.82,32.42,420.45,0.2
2025-03-19 00:00:00,F1_R4,14,1,1.11,0,19,3,12.82,30.5,420.02,0.2
2025-03-19 01:00:00,F1_R4,14,1,1.11,1,19,3,13.31,30.81,420.05,0.2
2025-03-19 02:00:00,F1_R4,14,1,1.11,2,19,3,13.18,32.14,420.15,0.2
2025-03-19 03:00:00,F1_R4,14,1,1.11,3,19,3,13.02,33.9,420.47,0.2
2025-03-19 04:00:00,F1_R4,14,1,1.11,4,19,3,13.11,34.8,421.38,0.201
2025-03-19 05:00:00,F1_R4,14,1,1.11,5,19,3,13.73,37.08,424.17,0.202
2025-03-19 06:00:00,F1_R4,14,1,1.11,6,19,3,14.17,40.76,432.67,0.208
2025-03-19 07:00:00,F1_R4,14,1,1.11,7,19,3,15.14,43.52,455.57,0.228
2025-03-19 08:00:00,F1_R4,14,1,1.11,8,19,3,16.16,46.31,508.57,0.286
2025-03-19 09:00:00,F1_R4,14,1,1.11,9,19,3,17.68,50.23,601.33,0.415
2025-03-19 10:00:00,F1_R4,14,1,1.11,10,19,3,18.68,52.83,688.99,0.525
2025-03-19 11:00:00,F1_R4,14,1,1.11,11,19,3,20.87,55.33,742.29,0.584
2025-03-19 12:00:00,F1_R4,14,1,1.11,12,19,3,22.66,57.31,767.42,0.617
2025-03-19 13:00:00,F1_R4,14,1,1.11,13,19,3,23.05,56.79,762.35,0.578
2025-03-19 14:00:00,F1_R4,14,1,1.11,14,19,3,23.07,56.32,757.97,0.578
2025-03-19 15:00:00,F1_R4,14,1,1.11,15,19,3,22.96,55.28,741.86,0.582
2025-03-19 16:00:00,F1_R4,14,1,1.11,16,19,3,21.52,52.55,686.92,0.516
2025-03-19 17:00:00,F1_R4,14,1,1.11,17,19,3,20.07,50.11,600.76,0.413
2025-03-19 18:00:00,F1_R4,14,1,1.11,18,19,3,19.29,46.09,508.03,0.284
2025-03-19 19:00:00,F1_R4,14,1,1.11,19,19,3,17.41,42.43,454.51,0.225
2025-03-19 20:00:00,F1_R4,14,1,1.11,20,19,3,15.83,40.7,432.65,0.208
2025-03-19 21:00:00,F1_R4,14,1,1.11,21,19,3,14.88,37.08,424.17,0.202
2025-03-19 22:00:00,F1_R4,14,1,1.11,22,19,3,14.0,34.95,421.39,0.201
2025-03-19 23:00:00,F1_R4,14,1,1.11,23,19,3,13.82,32.42,420.45,0.2
2025-03-20 00:00:00,F1_R4,14,1,1.11,0,20,3,12.82,30.5,420.02,0.2
2025-03-20 01:00:00,F1_R4,14,1,1.11,1,20,3,13.31,30.81,420.05,0.2
2025-03-20 02:00:00,F1_R4,14,1,1.11,2,20,3,13.18,32.14,420.15,0.2
2025-03-20 03:00:00,F1_R4,14,1,1.11,3,20,3,13.02,33.9,420.47,0.2
2025-03-20 04:00:00,F1_R4,14,1,1.11,4,20,3,13.11,34.8,421.38,0.201
2025-03-20 05:00:00,F1_R4,14,1,1.11,5,20,3,13.73,37.08,424.17,0.202
2025-03-20 06:00:00,F1_R4,14,1,1.11,6,20,3,14.17,40.76,432.67,0.208
2025-03-20 07:00:00,F1_R4,14,1,1.11,7,20,3,15.14,43.52,455.57,0.228
2025-03-20 08:00:00,F1_R4,14,1,1.11,8,20,3,16.16,46.31,508.57,0.286
2025-03-20 09:00:00,F1_R4,14,1,1.11,9,20,3,17.68,50.23,601.33,0.415
2025-03-20 10:00:00,F1_R4,14,1,1.11,10,20,3,18.68,52.83,688.99,0.525
2025-03-20 11:00:00,F1_R4,14,1,1.11,11,20,3,20.87,55.33,742.29,0.584
2025-03-20 12:00:00,F1_R4,14,1,1.11,12,20,3,22.66,57.31,767.42,0.617
2025-03-20 13:00:00,F1_R4,14,1,1.11,13,20,3,23.05,56.79,762.35,0.578
2025-03-20 14:00:00,F1_R4,14,1,1.11,14,20,3,23.07,56.32,757.97,0.578
2025-03-20 15:00:00,F1_R4,14,1,1.11,15,20,3,22.96,55.28,741.86,0.582
2025-03-20 16:00:00,F1_R4,14,1,1.11,16,20,3,21.52,52.55,686.92,0.516
2025-03-20 17:00:00,F1_R4,14,1,1.11,17,20,3,20.07,50.11,600.76,0.413
2025-03-20 18:00:00,F1_R4,14,1,1.11,18,20,3,19.29,46.09,508.03,0.284
2025-03-20 19:00:00,F1_R4,14,1,1.11,19,20,3,17.41,42.43,454.51,0.225
2025-03-20 20:00:00,F1_R4,14,1,1.11,20,20,3,15.83,40.7,432.65,0.208
2025-03-20 21:00:00,F1_R4,14,1,1.11,21,20,3,14.88,37.08,424.17,0.202
2025-03-20 22:00:00,F1_R4,14,1,1.11,22,20,3,14.0,34.95,421.39,0.201
2025-03-20 23:00:00,F1_R4,14,1,1.11,23,20,3,13.82,32.42,420.45,0.2
2025-03-21 00:00:00,F1_R4,14,1,1.11,0,21,3,12.82,30.5,420.02,0.2
2025-03-21 01:00:00,F1_R4,14,1,1.11,1,21,3,13.31,30.81,420.05,0.2
2025-03-21 02:00:00,F1_R4,14,1,1.11,2,21,3,13.18,32.14,420.15,0.2
2025-03-21 03:00:00,F1_R4,14,1,1.11,3,21,3,13.02,33.9,420.47,0.2
2025-03-21 04:00:00,F1_R4,14,1,1.11,4,21,3,13.11,34.8,421.38,0.201
2025-03-21 05:00:00,F1_R4,14,1,1.11,5,21,3,13.73,37.08,424.17,0.202
2025-03-21 06:00:00,F1_R4,14,1,1.11,6,21,3,14.17,40.76,432.67,0.208
2025-03-21 07:00:00,F1_R4,14,1,1.11,7,21,3,15.14,43.52,455.57,0.228
2025-03-21 08:00:00,F1_R4,14,1,1.11,8,21,3,16.16,46.31,508.57,0.286
2025-03-21 09:00:00,F1_R4,14,1,1.11,9,21,3,17.68,50.23,601.33,0.415
2025-03-21 10:00:00,F1_R4,14,1,1.11,10,21,3,18.68,52.83,688.99,0.525
2025-03-21 11:00:00,F1_R4,14,1,1.11,11,21,3,20.87,55.33,742.29,0.584
2025-03-21 12:00:00,F1_R4,14,1,1.11,12,21,3,22.66,57.31,767.42,0.617
2025-03-21 13:00:00,F1_R4,14,1,1.11,13,21,3,23.05,56.79,762.35,0.578
2025-03-21 14:00:00,F1_R4,14,1,1.11,14,21,3,23.07,56.32,757.97,0.578
2025-03-21 15:00:00,F1_R4,14,1,1.11,15,21,3,22.96,55.28,741.86,0.582
2025-03-21 16:00:00,F1_R4,14,1,1.11,16,21,3,21.52,52.55,686.92,0.516
2025-03-21 17:00:00,F1_R4,14,1,1.11,17,21,3,20.07,50.11,600.76,0.413
2025-03-21 18:00:00,F1_R4,14,1,1.11,18,21,3,19.29,46.09,508.03,0.284
2025-03-21 19:00:00,F1_R4,14,1,1.11,19,21,3,17.41,42.43,454.51,0.225
2025-03-21 20:00:00,F1_R4,14,1,1.11,20,21,3,15.83,40.7,432.65,0.208
2025-03-21 21:00:00,F1_R4,14,1,1.11,21,21,3,14.88,37.08,424.17,0.202
2025-03-21 22:00:00,F1_R4,14,1,1.11,22,21,3,14.0,34.95,421.39,0.201
2025-03-21 23:00:00,F1_R4,14,1,1.11,23,21,3,13.82,32.42,420.45,0.2
2025-03-22 00:00:00,F1_R4,14,1,1.11,0,22,3,12.82,30.5,420.02,0.2
2025-03-22 01:00:00,F1_R4,14,1,1.11,1,22,3,13.31,30.81,420.05,0.2
2025-03-22 02:00:00,F1_R4,14,1,1.11,2,22,3,13.18,32.14,420.15,0.2
2025-03-22 03:00:00,F1_R4,14,1,1.11,3,22,3,13.02,33.9,420.47,0.2
2025-03-22 04:00:00,F1_R4,14,1,1.11,4,22,3,13.11,34.8,421.38,0.201
2025-03-22 05:00:00,F1_R4,14,1,1.11,5,22,3,13.73,37.08,424.17,0.202
2025-03-22 06:00:00,F1_R4,14,1,1.11,6,22,3,14.17,40.76,432.67,0.208
2025-03-22 07:00:00,F1_R4,14,1,1.11,7,22,3,15.14,43.52,455.57,0.228
2025-03-22 08:00:00,F1_R4,14,1,1.11,8,22,3,16.16,46.31,508.57,0.286
2025-03-22 09:00:00,F1_R4,14,1,1.11,9,22,3,17.68,50.23,601.33,0.415
2025-03-22 10:00:00,F1_R4,14,1,1.11,10,22,3,18.68,52.83,688.99,0.525
2025-03-22 11:00:00,F1_R4,14,1,1.11,11,22,3,20.87,55.33,742.29,0.584
2025-03-22 12:00:00,F1_R4,14,1,1.11,12,22,3,22.66,57.31,767.42,0.617
2025-03-22 13:00:00,F1_R4,14,1,1.11,13,22,3,23.05,56.79,762.35,0.578
2025-03-22 14:00:00,F1_R4,14,1,1.11,14,22,3,23.07,56.32,757.97,0.578
2025-03-22 15:00:00,F1_R4,14,1,1.11,15,22,3,22.96,55.28,741.86,0.582
2025-03-22 16:00:00,F1_R4,14,1,1.11,16,22,3,21.52,52.55,686.92,0.516
2025-03-22 17:00:00,F1_R4,14,1,1.11,17,22,3,20.07,50.11,600.76,0.413
2025-03-22 18:00:00,F1_R4,14,1,1.11,18,22,3,19.29,46.09,508.03,0.284
2025-03-22 19:00:00,F1_R4,14,1,1.11,19,22,3,17.41,42.43,454.51,0.225
2025-03-22 20:00:00,F1_R4,14,1,1.11,20,22,3,15.83,40.7,432.65,0.208
2025-03-22 21:00:00,F1_R4,14,1,1.11,21,22,3,14.88,37.08,424.17,0.202
2025-03-22 22:00:00,F1_R4,14,1,1.11,22,22,3,14.0,34.95,421.39,0.201
2025-03-22 23:00:00,F1_R4,14,1,1.11,23,22,3,13.82,32.42,420.45,0.2
2025-03-23 00:00:00,F1_R4,14,1,1.11,0,23,3,12.82,30.5,420.02,0.2
2025-03-23 01:00:00,F1_R4,14,1,1.11,1,23,3,13.31,30.81,420.05,0.2
2025-03-23 02:00:00,F1_R4,14,1,1.11,2,23,3,13.18,32.14,420.15,0.2
2025-03-23 03:00:00,F1_R4,14,1,1.11,3,23,3,13.02,33.9,420.47,0.2
2025-03-23 04:00:00,F1_R4,14,1,1.11,4,23,3,13.11,34.8,421.38,0.201
2025-03-23 05:00:00,F1_R4,14,1,1.11,5,23,3,13.73,37.08,424.17,0.202
2025-03-23 06:00:00,F1_R4,14,1,1.11,6,23,3,14.17,40.76,432.67,0.208
2025-03-23 07:00:00,F1_R4,14,1,1.11,7,23,3,15.14,43.52,455.57,0.228
2025-03-23 08:00:00,F1_R4,14,1,1.11,8,23,3,16.16,46.31,508.57,0.286
2025-03-23 09:00:00,F1_R4,14,1,1.11,9,23,3,17.68,50.23,601.33,0.415
2025-03-23 10:00:00,F1_R4,14,1,1.11,10,23,3,18.68,52.83,688.99,0.525
2025-03-23 11:00:00,F1_R4,14,1,1.11,11,23,3,20.87,55.33,742.29,0.584
2025-03-23 12:00:00,F1_R4,14,1,1.11,12,23,3,22.66,57.31,767.42,0.617
2025-03-23 13:00:00,F1_R4,14,1,1.11,13,23,3,23.05,56.79,762.35,0.578
2025-03-23 14:00:00,F1_R4,14,1,1.11,14,23,3,23.07,56.32,757.97,0.578
2025-03-23 15:00:00,F1_R4,14,1,1.11,15,23,3,22.96,55.28,741.86,0.582
2025-03-23 16:00:00,F1_R4,14,1,1.11,16,23,3,21.52,52.55,686.92,0.516
2025-03-23 17:00:00,F1_R4,14,1,1.11,17,23,3,20.07,50.11,600.76,0.413
2025-03-23 18:00:00,F1_R4,14,1,1.11,18,23,3,19.29,46.09,508.03,0.284
2025-03-23 19:00:00,F1_R4,14,1,1.11,19,23,3,17.41,42.43,454.51,0.225
2025-03-23 20:00:00,F1_R4,14,1,1.11,20,23,3,15.83,40.7,432.65,0.208
2025-03-23 21:00:00,F1_R4,14,1,1.11,21,23,3,14.88,37.08,424.17,0.202
2025-03-23 22:00:00,F1_R4,14,1,1.11,22,23,3,14.0,34.95,421.39,0.201
2025-03-23 23:00:00,F1_R4,14,1,1.11,23,23,3,13.82,32.42,420.45,0.2
2025-03-24 00:00:00,F1_R4,14,1,1.11,0,24,3,12.82,30.5,420.02,0.2
2025-03-24 01:00:00,F1_R4,14,1,1.11,1,24,3,13.31,30.81,420.05,0.2
2025-03-24 02:00:00,F1_R4,14,1,1.11,2,24,3,13.18,32.14,420.15,0.2
2025-03-24 03:00:00,F1_R4,14,1,1.11,3,24,3,13.02,33.9,420.47,0.2
2025-03-24 04:00:00,F1_R4,14,1,1.11,4,24,3,13.11,34.8,421.38,0.201
2025-03-24 05:00:00,F1_R4,14,1,1.11,5,24,3,13.73,37.08,424.17,0.205
2025-03-24 06:00:00,F1_R4,14,1,1.11,6,24,3,14.17,40.76,432.67,0.219
2025-03-24 07:00:00,F1_R4,14,1,1.11,7,24,3,15.14,43.52,455.57,0.267
2025-03-24 08:00:00,F1_R4,14,1,1.11,8,24,3,16.16,46.31,508.57,0.411
2025-03-24 09:00:00,F1_R4,14,1,1.11,9,24,3,17.68,50.23,601.33,0.715
2025-03-24 10:00:00,F1_R4,14,1,1.11,10,24,3,18.68,52.83,688.99,1.0
2025-03-24 11:00:00,F1_R4,14,1,1.11,11,24,3,20.87,55.33,742.29,1.145
2025-03-24 12:00:00,F1_R4,14,1,1.11,12,24,3,22.66,57.31,767.42,1.205
2025-03-24 13:00:00,F1_R4,14,1,1.11,13,24,3,23.05,56.79,762.35,1.172
2025-03-24 14:00:00,F1_R4,14,1,1.11,14,24,3,23.07,56.32,757.97,1.167
2025-03-24 15:00:00,F1_R4,14,1,1.11,15,24,3,22.96,55.28,741.86,1.143
2025-03-24 16:00:00,F1_R4,14,1,1.11,16,24,3,21.52,52.55,686.92,0.991
2025-03-24 17:00:00,F1_R4,14,1,1.11,17,24,3,20.07,50.11,600.76,0.713
2025-03-24 18:00:00,F1_R4,14,1,1.11,18,24,3,19.29,46.09,508.03,0.409
2025-03-24 19:00:00,F1_R4,14,1,1.11,19,24,3,17.41,42.43,454.51,0.264
2025-03-24 20:00:00,F1_R4,14,1,1.11,20,24,3,15.83,40.7,432.65,0.219
2025-03-24 21:00:00,F1_R4,14,1,1.11,21,24,3,14.88,37.08,424.17,0.205
2025-03-24 22:00:00,F1_R4,14,1,1.11,22,24,3,14.0,34.95,421.39,0.201
2025-03-24 23:00:00,F1_R4,14,1,1.11,23,24,3,13.82,32.42,420.45,0.2
2025-03-25 00:00:00,F1_R4,14,1,1.11,0,25,3,12.82,30.5,420.02,0.2
2025-03-25 01:00:00,F1_R4,14,1,1.11,1,25,3,13.31,30.81,420.05,0.2
2025-03-25 02:00:00,F1_R4,14,1,1.11,2,25,3,13.18,32.14,420.15,0.2
2025-03-25 03:00:00,F1_R4,14,1,1.11,3,25,3,13.02,33.9,420.47,0.2
2025-03-25 04:00:00,F1_R4,14,1,1.11,4,25,3,13.11,34.8,421.38,0.201
2025-03-25 05:00:00,F1_R4,14,1,1.11,5,25,3,13.73,37.08,424.17,0.205
2025-03-25 06:00:00,F1_R4,14,1,1.11,6,25,3,14.17,40.76,432.67,0.219
2025-03-25 07:00:00,F1_R4,14,1,1.11,7,25,3,15.14,43.52,455.57,0.267
2025-03-25 08:00:00,F1_R4,14,1,1.11,8,25,3,16.16,46.31,508.57,0.411
2025-03-25 09:00:00,F1_R4,14,1,1.11,9,25,3,17.68,50.23,601.33,0.715
2025-03-25 10:00:00,F1_R4,14,1,1.11,10,25,3,18.68,52.83,688.99,1.0
2025-03-25 11:00:00,F1_R4,14,1,1.11,11,25,3,20.87,55.33,742.29,1.145
2025-03-25 12:00:00,F1_R4,14,1,1.11,12,25,3,22.66,57.31,767.42,1.205
2025-03-25 13:00:00,F1_R4,14,1,1.11,13,25,3,23.05,56.79,762.35,1.172
2025-03-25 14:00:00,F1_R4,14,1,1.11,14,25,3,23.07,56.32,757.97,1.167
2025-03-25 15:00:00,F1_R4,14,1,1.11,15,25,3,22.96,55.28,741.86,1.143
2025-03-25 16:00:00,F1_R4,14,1,1.11,16,25,3,21.52,52.55,686.92,0.991
2025-03-25 17:00:00,F1_R4,14,1,1.11,17,25,3,20.07,50.11,600.76,0.713
2025-03-25 18:00:00,F1_R4,14,1,1.11,18,25,3,19.29,46.09,508.03,0.409
2025-03-25 19:00:00,F1_R4,14,1,1.11,19,25,3,17.41,42.43,454.51,0.264
2025-03-25 20:00:00,F1_R4,14,1,1.11,20,25,3,15.83,40.7,432.65,0.219
2025-03-25 21:00:00,F1_R4,14,1,1.11,21,25,3,14.88,37.08,424.17,0.205
2025-03-25 22:00:00,F1_R4,14,1,1.11,22,25,3,14.0,34.95,421.39,0.201
2025-03-25 23:00:00,F1_R4,14,1,1.11,23,25,3,13.82,32.42,420.45,0.2
2025-03-26 00:00:00,F1_R4,14,1,1.11,0,26,3,12.82,30.5,420.02,0.2
2025-03-26 01:00:00,F1_R4,14,1,1.11,1,26,3,13.31,30.81,420.05,0.2
2025-03-26 02:00:00,F1_R4,14,1,1.11,2,26,3,13.18,32.14,420.15,0.2
2025-03-26 03:00:00,F1_R4,14,1,1.11,3,26,3,13.02,33.9,420.47,0.2
2025-03-26 04:00:00,F1_R4,14,1,1.11,4,26,3,13.11,34.8,421.38,0.201
2025-03-26 05:00:00,F1_R4,14,1,1.11,5,26,3,13.73,37.08,424.17,0.202
2025-03-26 06:00:00,F1_R4,14,1,1.11,6,26,3,14.17,40.76,432.67,0.208
2025-03-26 07:00:00,F1_R4,14,1,1.11,7,26,3,15.14,43.52,455.57,0.228
2025-03-26 08:00:00,F1_R4,14,1,1.11,8,26,3,16.16,46.31,508.57,0.286
2025-03-26 09:00:00,F1_R4,14,1,1.11,9,26,3,17.68,50.23,601.33,0.415
2025-03-26 10:00:00,F1_R4,14,1,1.11,10,26,3,18.68,52.83,688.99,0.525
2025-03-26 11:00:00,F1_R4,14,1,1.11,11,26,3,20.87,55.33,742.29,0.584
2025-03-26 12:00:00,F1_R4,14,1,1.11,12,26,3,22.66,57.31,767.42,0.617
2025-03-26 13:00:00,F1_R4,14,1,1.11,13,26,3,23.05,56.79,762.35,0.578
2025-03-26 14:00:00,F1_R4,14,1,1.11,14,26,3,23.07,56.32,757.97,0.578
2025-03-26 15:00:00,F1_R4,14,1,1.11,15,26,3,22.96,55.28,741.86,0.582
2025-03-26 16:00:00,F1_R4,14,1,1.11,16,26,3,21.52,52.55,686.92,0.516
2025-03-26 17:00:00,F1_R4,14,1,1.11,17,26,3,20.07,50.11,600.76,0.413
2025-03-26 18:00:00,F1_R4,14,1,1.11,18,26,3,19.29,46.09,508.03,0.284
2025-03-26 19:00:00,F1_R4,14,1,1.11,19,26,3,17.41,42.43,454.51,0.225
2025-03-26 20:00:00,F1_R4,14,1,1.11,20,26,3,15.83,40.7,432.65,0.208
2025-03-26 21:00:00,F1_R4,14,1,1.11,21,26,3,14.88,37.08,424.17,0.202
2025-03-26 22:00:00,F1_R4,14,1,1.11,22,26,3,14.0,34.95,421.39,0.201
2025-03-26 23:00:00,F1_R4,14,1,1.11,23,26,3,13.82,32.42,420.45,0.2
2025-03-27 00:00:00,F1_R4,14,1,1.11,0,27,3,12.82,30.5,420.02,0.2
2025-03-27 01:00:00,F1_R4,14,1,1.11,1,27,3,13.31,30.81,420.05,0.2
2025-03-27 02:00:00,F1_R4,14,1,1.11,2,27,3,13.18,32.14,420.15,0.2
2025-03-27 03:00:00,F1_R4,14,1,1.11,3,27,3,13.02,33.9,420.47,0.2
2025-03-27 04:00:00,F1_R4,14,1,1.11,4,27,3,13.11,34.8,421.38,0.201
2025-03-27 05:00:00,F1_R4,14,1,1.11,5,27,3,13.73,37.08,424.17,0.202
2025-03-27 06:00:00,F1_R4,14,1,1.11,6,27,3,14.17,40.76,432.67,0.208
2025-03-27 07:00:00,F1_R4,14,1,1.11,7,27,3,15.14,43.52,455.57,0.228
2025-03-27 08:00:00,F1_R4,14,1,1.11,8,27,3,16.16,46.31,508.57,0.286
2025-03-27 09:00:00,F1_R4,14,1,1.11,9,27,3,17.68,50.23,601.33,0.415
2025-03-27 10:00:00,F1_R4,14,1,1.11,10,27,3,18.68,52.83,688.99,0.525
2025-03-27 11:00:00,F1_R4,14,1,1.11,11,27,3,20.87,55.33,742.29,0.584
2025-03-27 12:00:00,F1_R4,14,1,1.11,12,27,3,22.66,57.31,767.42,0.617
2025-03-27 13:00:00,F1_R4,14,1,1.11,13,27,3,23.05,56.79,762.35,0.578
2025-03-27 14:00:00,F1_R4,14,1,1.11,14,27,3,23.07,56.32,757.97,0.578
2025-03-27 15:00:00,F1_R4,14,1,1.11,15,27,3,22.96,55.28,741.86,0.582
2025-03-27 16:00:00,F1_R4,14,1,1.11,16,27,3,21.52,52.55,686.92,0.516
2025-03-27 17:00:00,F1_R4,14,1,1.11,17,27,3,20.07,50.11,600.76,0.413
2025-03-27 18:00:00,F1_R4,14,1,1.11,18,27,3,19.29,46.09,508.03,0.284
2025-03-27 19:00:00,F1_R4,14,1,1.11,19,27,3,17.41,42.43,454.51,0.225
2025-03-27 20:00:00,F1_R4,14,1,1.11,20,27,3,15.83,40.7,432.65,0.208
2025-03-27 21:00:00,F1_R4,14,1,1.11,21,27,3,14.88,37.08,424.17,0.202
2025-03-27 22:00:00,F1_R4,14,1,1.11,22,27,3,14.0,34.95,421.39,0.201
2025-03-27 23:00:00,F1_R4,14,1,1.11,23,27,3,13.82,32.42,420.45,0.2
2025-03-28 00:00:00,F1_R4,14,1,1.11,0,28,3,12.82,30.5,420.02,0.2
2025-03-28 01:00:00,F1_R4,14,1,1.11,1,28,3,13.31,30.81,420.05,0.2
2025-03-28 02:00:00,F1_R4,14,1,1.11,2,28,3,13.18,32.14,420.15,0.2
2025-03-28 03:00:00,F1_R4,14,1,1.11,3,28,3,13.02,33.9,420.47,0.2
2025-03-28 04:00:00,F1_R4,14,1,1.11,4,28,3,13.11,34.8,421.38,0.201
2025-03-28 05:00:00,F1_R4,14,1,1.11,5,28,3,13.73,37.08,424.17,0.202
2025-03-28 06:00:00,F1_R4,14,1,1.11,6,28,3,14.17,40.76,432.67,0.208
2025-03-28 07:00:00,F1_R4,14,1,1.11,7,28,3,15.14,43.52,455.57,0.228
2025-03-28 08:00:00,F1_R4,14,1,1.11,8,28,3,16.16,46.31,508.57,0.286
2025-03-28 09:00:00,F1_R4,14,1,1.11,9,28,3,17.68,50.23,601.33,0.415
2025-03-28 10:00:00,F1_R4,14,1,1.11,10,28,3,18.68,52.83,688.99,0.525
2025-03-28 11:00:00,F1_R4,14,1,1.11,11,28,3,20.87,55.33,742.29,0.584
2025-03-28 12:00:00,F1_R4,14,1,1.11,12,28,3,22.66,57.31,767.42,0.617
2025-03-28 13:00:00,F1_R4,14,1,1.11,13,28,3,23.05,56.79,762.35,0.578
2025-03-28 14:00:00,F1_R4,14,1,1.11,14,28,3,23.07,56.32,757.97,0.578
2025-03-28 15:00:00,F1_R4,14,1,1.11,15,28,3,22.96,55.28,741.86,0.582
2025-03-28 16:00:00,F1_R4,14,1,1.11,16,28,3,21.52,52.55,686.92,0.516
2025-03-28 17:00:00,F1_R4,14,1,1.11,17,28,3,20.07,50.11,600.76,0.413
2025-03-28 18:00:00,F1_R4,14,1,1.11,18,28,3,19.29,46.09,508.03,0.284
2025-03-28 19:00:00,F1_R4,14,1,1.11,19,28,3,17.41,42.43,454.51,0.225
2025-03-28 20:00:00,F1_R4,14,1,1.11,20,28,3,15.83,40.7,432.65,0.208
2025-03-28 21:00:00,F1_R4,14,1,1.11,21,28,3,14.88,37.08,424.17,0.202
2025-03-28 22:00:00,F1_R4,14,1,1.11,22,28,3,14.0,34.95,421.39,0.201
2025-03-28 23:00:00,F1_R4,14,1,1.11,23,28,3,13.82,32.42,420.45,0.2
2025-03-29 00:00:00,F1_R4,14,1,1.11,0,29,3,12.82,30.5,420.02,0.2
2025-03-29 01:00:00,F1_R4,14,1,1.11,1,29,3,13.31,30.81,420.05,0.2
2025-03-29 02:00:00,F1_R4,14,1,1.11,2,29,3,13.18,32.14,420.15,0.2
2025-03-29 03:00:00,F1_R4,14,1,1.11,3,29,3,13.02,33.9,420.47,0.2
2025-03-29 04:00:00,F1_R4,14,1,1.11,4,29,3,13.11,34.8,421.38,0.201
2025-03-29 05:00:00,F1_R4,14,1,1.11,5,29,3,13.73,37.08,424.17,0.202
2025-03-29 06:00:00,F1_R4,14,1,1.11,6,29,3,14.17,40.76,432.67,0.208
2025-03-29 07:00:00,F1_R4,14,1,1.11,7,29,3,15.14,43.52,455.57,0.228
2025-03-29 08:00:00,F1_R4,14,1,1.11,8,29,3,16.16,46.31,508.57,0.286
2025-03-29 09:00:00,F1_R4,14,1,1.11,9,29,3,17.68,50.23,601.33,0.415
2025-03-29 10:00:00,F1_R4,14,1,1.11,10,29,3,18.68,52.83,688.99,0.525
2025-03-29 11:00:00,F1_R4,14,1,1.11,11,29,3,20.87,55.33,742.29,0.584
2025-03-29 12:00:00,F1_R4,14,1,1.11,12,29,3,22.66,57.31,767.42,0.617
2025-03-29 13:00:00,F1_R4,14,1,1.11,13,29,3,23.05,56.79,762.35,0.578
2025-03-29 14:00:00,F1_R4,14,1,1.11,14,29,3,23.07,56.32,757.97,0.578
2025-03-29 15:00:00,F1_R4,14,1,1.11,15,29,3,22.96,55.28,741.86,0.582
2025-03-29 16:00:00,F1_R4,14,1,1.11,16,29,3,21.52,52.55,686.92,0.516
2025-03-29 17:00:00,F1_R4,14,1,1.11,17,29,3,20.07,50.11,600.76,0.413
2025-03-29 18:00:00,F1_R4,14,1,1.11,18,29,3,19.29,46.09,508.03,0.284
2025-03-29 19:00:00,F1_R4,14,1,1.11,19,29,3,17.41,42.43,454.51,0.225
2025-03-29 20:00:00,F1_R4,14,1,1.11,20,29,3,15.83,40.7,432.65,0.208
2025-03-29 21:00:00,F1_R4,14,1,1.11,21,29,3,14.88,37.08,424.17,0.202
2025-03-29 22:00:00,F1_R4,14,1,1.11,22,29,3,14.0,34.95,421.39,0.201
2025-03-29 23:00:00,F1_R4,14,1,1.11,23,29,3,13.82,32.42,420.45,0.2
2025-03-30 00:00:00,F1_R4,14,1,1.11,0,30,3,12.82,30.5,420.02,0.2
2025-03-30 01:00:00,F1_R4,14,1,1.11,1,30,3,13.31,30.81,420.05,0.2
2025-03-30 02:00:00,F1_R4,14,1,1.11,2,30,3,13.18,32.14,420.15,0.2
2025-03-30 03:00:00,F1_R4,14,1,1.11,3,30,3,13.02,33.9,420.47,0.2
2025-03-30 04:00:00,F1_R4,14,1,1.11,4,30,3,13.11,34.8,421.38,0.201
2025-03-30 05:00:00,F1_R4,14,1,1.11,5,30,3,13.73,37.08,424.17,0.202
2025-03-30 06:00:00,F1_R4,14,1,1.11,6,30,3,14.17,40.76,432.67,0.208
2025-03-30 07:00:00,F1_R4,14,1,1.11,7,30,3,15.14,43.52,455.57,0.228
2025-03-30 08:00:00,F1_R4,14,1,1.11,8,30,3,16.16,46.31,508.57,0.286
2025-03-30 09:00:00,F1_R4,14,1,1.11,9,30,3,17.68,50.23,601.33,0.415
2025-03-30 10:00:00,F1_R4,14,1,1.11,10,30,3,18.68,52.83,688.99,0.525
2025-03-30 11:00:00,F1_R4,14,1,1.11,11,30,3,20.87,55.33,742.29,0.584
2025-03-30 12:00:00,F1_R4,14,1,1.11,12,30,3,22.66,57.31,767.42,0.617
2025-03-30 13:00:00,F1_R4,14,1,1.11,13,30,3,23.05,56.79,762.35,0.578
2025-03-30 14:00:00,F1_R4,14,1,1.11,14,30,3,23.07,56.32,757.97,0.578
2025-03-30 15:00:00,F1_R4,14,1,1.11,15,30,3,22.96,55.28,741.86,0.582
2025-03-30 16:00:00,F1_R4,14,1,1.11,16,30,3,21.52,52.55,686.92,0.516
2025-03-30 17:00:00,F1_R4,14,1,1.11,17,30,3,20.07,50.11,600.76,0.413
2025-03-30 18:00:00,F1_R4,14,1,1.11,18,30,3,19.29,46.09,508.03,0.284
2025-03-30 19:00:00,F1_R4,14,1,1.11,19,30,3,17.41,42.43,454.51,0.225
2025-03-30 20:00:00,F1_R4,14,1,1.11,20,30,3,15.83,40.7,432.65,0.208
2025-03-30 21:00:00,F1_R4,14,1,1.11,21,30,3,14.88,37.08,424.17,0.202
2025-03-30 22:00:00,F1_R4,14,1,1.11,22,30,3,14.0,34.95,421.39,0.201
2025-03-30 23:00:00,F1_R4,14,1,1.11,23,30,3,13.82,32.42,420.45,0.2
2025-03-31 00:00:00,F1_R4,14,1,1.11,0,31,3,12.82,30.5,420.02,0.2
2025-03-31 01:00:00,F1_R4,14,1,1.11,1,31,3,13.31,30.81,420.05,0.2
2025-03-31 02:00:00,F1_R4,14,1,1.11,2,31,3,13.18,32.14,420.15,0.2
2025-03-31 03:00:00,F1_R4,14,1,1.11,3,31,3,13.02,33.9,420.47,0.2
2025-03-31 04:00:00,F1_R4,14,1,1.11,4,31,3,13.11,34.8,421.38,0.201
2025-03-31 05:00:00,F1_R4,14,1,1.11,5,31,3,13.73,37.08,424.17,0.205
2025-03-31 06:00:00,F1_R4,14,1,1.11,6,31,3,14.17,40.76,432.67,0.219
2025-03-31 07:00:00,F1_R4,14,1,1.11,7,31,3,15.14,43.52,455.57,0.267
2025-03-31 08:00:00,F1_R4,14,1,1.11,8,31,3,16.16,46.31,508.57,0.411
2025-03-31 09:00:00,F1_R4,14,1,1.11,9,31,3,17.68,50.23,601.33,0.715
2025-03-31 10:00:00,F1_R4,14,1,1.11,10,31,3,18.68,52.83,688.99,1.0
2025-03-31 11:00:00,F1_R4,14,1,1.11,11,31,3,20.87,55.33,742.29,1.145
2025-03-31 12:00:00,F1_R4,14,1,1.11,12,31,3,22.66,57.31,767.42,1.205
2025-03-31 13:00:00,F1_R4,14,1,1.11,13,31,3,23.05,56.79,762.35,1.172
2025-03-31 14:00:00,F1_R4,14,1,1.11,14,31,3,23.07,56.32,757.97,1.167
2025-03-31 15:00:00,F1_R4,14,1,1.11,15,31,3,22.96,55.28,741.86,1.143
2025-03-31 16:00:00,F1_R4,14,1,1.11,16,31,3,21.52,52.55,686.92,0.991
2025-03-31 17:00:00,F1_R4,14,1,1.11,17,31,3,20.07,50.11,600.76,0.713
2025-03-31 18:00:00,F1_R4,14,1,1.11,18,31,3,19.29,46.09,508.03,0.409
2025-03-31 19:00:00,F1_R4,14,1,1.11,19,31,3,17.41,42.43,454.51,0.264
2025-03-31 20:00:00,F1_R4,14,1,1.11,20,31,3,15.83,40.7,432.65,0.219
2025-03-31 21:00:00,F1_R4,14,1,1.11,21,31,3,14.88,37.08,424.17,0.205
2025-03-31 22:00:00,F1_R4,14,1,1.11,22,31,3,14.0,34.95,421.39,0.201
2025-03-31 23:00:00,F1_R4,14,1,1.11,23,31,3,13.82,32.42,420.45,0.2
2025-04-01 00:00:00,F1_R4,14,1,1.11,0,1,4,12.82,30.5,420.02,0.2
2025-04-01 01:00:00,F1_R4,14,1,1.11,1,1,4,13.31,30.81,420.05,0.2
2025-04-01 02:00:00,F1_R4,14,1,1.11,2,1,4,13.18,32.14,420.15,0.2
2025-04-01 03:00:00,F1_R4,14,1,1.11,3,1,4,13.02,33.9,420.47,0.2
2025-04-01 04:00:00,F1_R4,14,1,1.11,4,1,4,13.11,34.8,421.38,0.201
2025-04-01 05:00:00,F1_R4,14,1,1.11,5,1,4,13.73,37.08,424.17,0.205
2025-04-01 06:00:00,F1_R4,14,1,1.11,6,1,4,14.17,40.76,432.67,0.219
2025-04-01 07:00:00,F1_R4,14,1,1.11,7,1,4,15.14,43.52,455.57,0.267
2025-04-01 08:00:00,F1_R4,14,1,1.11,8,1,4,16.16,46.31,508.57,0.411
2025-04-01 09:00:00,F1_R4,14,1,1.11,9,1,4,17.68,50.23,601.33,0.715
2025-04-01 10:00:00,F1_R4,14,1,1.11,10,1,4,18.68,52.83,688.99,1.0
2025-04-01 11:00:00,F1_R4,14,1,1.11,11,1,4,20.87,55.33,742.29,1.145
2025-04-01 12:00:00,F1_R4,14,1,1.11,12,1,4,22.66,57.31,767.42,1.205
2025-04-01 13:00:00,F1_R4,14,1,1.11,13,1,4,23.05,56.79,762.35,1.172
2025-04-01 14:00:00,F1_R4,14,1,1.11,14,1,4,23.07,56.32,757.97,1.167
2025-04-01 15:00:00,F1_R4,14,1,1.11,15,1,4,22.96,55.28,741.86,1.143
2025-04-01 16:00:00,F1_R4,14,1,1.11,16,1,4,21.52,52.55,686.92,0.991
2025-04-01 17:00:00,F1_R4,14,1,1.11,17,1,4,20.07,50.11,600.76,0.713
2025-04-01 18:00:00,F1_R4,14,1,1.11,18,1,4,19.29,46.09,508.03,0.409
2025-04-01 19:00:00,F1_R4,14,1,1.11,19,1,4,17.41,42.43,454.51,0.264
2025-04-01 20:00:00,F1_R4,14,1,1.11,20,1,4,15.83,40.7,432.65,0.219
2025-04-01 21:00:00,F1_R4,14,1,1.11,21,1,4,14.88,37.08,424.17,0.205
2025-04-01 22:00:00,F1_R4,14,1,1.11,22,1,4,14.0,34.95,421.39,0.201
2025-04-01 23:00:00,F1_R4,14,1,1.11,23,1,4,13.82,32.42,420.45,0.2
2025-04-02 00:00:00,F1_R4,14,1,1.11,0,2,4,12.82,30.5,420.02,0.2
2025-04-02 01:00:00,F1_R4,14,1,1.11,1,2,4,13.31,30.81,420.05,0.2
2025-04-02 02:00:00,F1_R4,14,1,1.11,2,2,4,13.18,32.14,420.15,0.2
2025-04-02 03:00:00,F1_R4,14,1,1.11,3,2,4,13.02,33.9,420.47,0.2
2025-04-02 04:00:00,F1_R4,14,1,1.11,4,2,4,13.11,34.8,421.38,0.201
2025-04-02 05:00:00,F1_R4,14,1,1.11,5,2,4,13.73,37.08,424.17,0.202
2025-04-02 06:00:00,F1_R4,14,1,1.11,6,2,4,14.17,40.76,432.67,0.208
2025-04-02 07:00:00,F1_R4,14,1,1.11,7,2,4,15.14,43.52,455.57,0.228
2025-04-02 08:00:00,F1_R4,14,1,1.11,8,2,4,16.16,46.31,508.57,0.286
2025-04-02 09:00:00,F1_R4,14,1,1.11,9,2,4,17.68,50.23,601.33,0.415
2025-04-02 10:00:00,F1_R4,14,1,1.11,10,2,4,18.68,52.83,688.99,0.525
2025-04-02 11:00:00,F1_R4,14,1,1.11,11,2,4,20.87,55.33,742.29,0.584
2025-04-02 12:00:00,F1_R4,14,1,1.11,12,2,4,22.66,57.31,767.42,0.617
2025-04-02 13:00:00,F1_R4,14,1,1.11,13,2,4,23.05,56.79,762.35,0.578
2025-04-02 14:00:00,F1_R4,14,1,1.11,14,2,4,23.07,56.32,757.97,0.578
2025-04-02 15:00:00,F1_R4,14,1,1.11,15,2,4,22.96,55.28,741.86,0.582
2025-04-02 16:00:00,F1_R4,14,1,1.11,16,2,4,21.52,52.55,686.92,0.516
2025-04-02 17:00:00,F1_R4,14,1,1.11,17,2,4,20.07,50.11,600.76,0.413
2025-04-02 18:00:00,F1_R4,14,1,1.11,18,2,4,19.29,46.09,508.03,0.284
2025-04-02 19:00:00,F1_R4,14,1,1.11,19,2,4,17.41,42.43,454.51,0.225
2025-04-02 20:00:00,F1_R4,14,1,1.11,20,2,4,15.83,40.7,432.65,0.208
2025-04-02 21:00:00,F1_R4,14,1,1.11,21,2,4,14.88,37.08,424.17,0.202
2025-04-02 22:00:00,F1_R4,14,1,1.11,22,2,4,14.0,34.95,421.39,0.201
2025-04-02 23:00:00,F1_R4,14,1,1.11,23,2,4,13.82,32.42,420.45,0.2
2025-04-03 00:00:00,F1_R4,14,1,1.11,0,3,4,12.82,30.5,420.02,0.2
2025-04-03 01:00:00,F1_R4,14,1,1.11,1,3,4,13.31,30.81,420.05,0.2
2025-04-03 02:00:00,F1_R4,14,1,1.11,2,3,4,13.18,32.14,420.15,0.2
2025-04-03 03:00:00,F1_R4,14,1,1.11,3,3,4,13.02,33.9,420.47,0.2
2025-04-03 04:00:00,F1_R4,14,1,1.11,4,3,4,13.11,34.8,421.38,0.201
2025-04-03 05:00:00,F1_R4,14,1,1.11,5,3,4,13.73,37.08,424.17,0.202
2025-04-03 06:00:00,F1_R4,14,1,1.11,6,3,4,14.17,40.76,432.67,0.208
2025-04-03 07:00:00,F1_R4,14,1,1.11,7,3,4,15.14,43.52,455.57,0.228
2025-04-03 08:00:00,F1_R4,14,1,1.11,8,3,4,16.16,46.31,508.57,0.286
2025-04-03 09:00:00,F1_R4,14,1,1.11,9,3,4,17.68,50.23,601.33,0.415
2025-04-03 10:00:00,F1_R4,14,1,1.11,10,3,4,18.68,52.83,688.99,0.525
2025-04-03 11:00:00,F1_R4,14,1,1.11,11,3,4,20.87,55.33,742.29,0.584
2025-04-03 12:00:00,F1_R4,14,1,1.11,12,3,4,22.66,57.31,767.42,0.617
2025-04-03 13:00:00,F1_R4,14,1,1.11,13,3,4,23.05,56.79,762.35,0.578
2025-04-03 14:00:00,F1_R4,14,1,1.11,14,3,4,23.07,56.32,757.97,0.578
2025-04-03 15:00:00,F1_R4,14,1,1.11,15,3,4,22.96,55.28,741.86,0.582
2025-04-03 16:00:00,F1_R4,14,1,1.11,16,3,4,21.52,52.55,686.92,0.516
2025-04-03 17:00:00,F1_R4,14,1,1.11,17,3,4,20.07,50.11,600.76,0.413
2025-04-03 18:00:00,F1_R4,14,1,1.11,18,3,4,19.29,46.09,508.03,0.284
2025-04-03 19:00:00,F1_R4,14,1,1.11,19,3,4,17.41,42.43,454.51,0.225
2025-04-03 20:00:00,F1_R4,14,1,1.11,20,3,4,15.83,40.7,432.65,0.208
2025-04-03 21:00:00,F1_R4,14,1,1.11,21,3,4,14.88,37.08,424.17,0.202
2025-04-03 22:00:00,F1_R4,14,1,1.11,22,3,4,14.0,34.95,421.39,0.201
2025-04-03 23:00:00,F1_R4,14,1,1.11,23,3,4,13.82,32.42,420.45,0.2
2025-04-04 00:00:00,F1_R4,14,1,1.11,0,4,4,12.82,30.5,420.02,0.2
2025-04-04 01:00:00,F1_R4,14,1,1.11,1,4,4,13.31,30.81,420.05,0.2
2025-04-04 02:00:00,F1_R4,14,1,1.11,2,4,4,13.18,32.14,420.15,0.2
2025-04-04 03:00:00,F1_R4,14,1,1.11,3,4,4,13.02,33.9,420.47,0.2
2025-04-04 04:00:00,F1_R4,14,1,1.11,4,4,4,13.11,34.8,421.38,0.201
2025-04-04 05:00:00,F1_R4,14,1,1.11,5,4,4,13.73,37.08,424.17,0.202
2025-04-04 06:00:00,F1_R4,14,1,1.11,6,4,4,14.17,40.76,432.67,0.208
2025-04-04 07:00:00,F1_R4,14,1,1.11,7,4,4,15.14,43.52,455.57,0.228
2025-04-04 08:00:00,F1_R4,14,1,1.11,8,4,4,16.16,46.31,508.57,0.286
2025-04-04 09:00:00,F1_R4,14,1,1.11,9,4,4,17.68,50.23,601.33,0.415
2025-04-04 10:00:00,F1_R4,14,1,1.11,10,4,4,18.68,52.83,688.99,0.525
2025-04-04 11:00:00,F1_R4,14,1,1.11,11,4,4,20.87,55.33,742.29,0.584
2025-04-04 12:00:00,F1_R4,14,1,1.11,12,4,4,22.66,57.31,767.42,0.617
2025-04-04 13:00:00,F1_R4,14,1,1.11,13,4,4,23.05,56.79,762.35,0.578
2025-04-04 14:00:00,F1_R4,14,1,1.11,14,4,4,23.07,56.32,757.97,0.578
2025-04-04 15:00:00,F1_R4,14,1,1.11,15,4,4,22.96,55.28,741.86,0.582
2025-04-04 16:00:00,F1_R4,14,1,1.11,16,4,4,21.52,52.55,686.92,0.516
2025-04-04 17:00:00,F1_R4,14,1,1.11,17,4,4,20.07,50.11,600.76,0.413
2025-04-04 18:00:00,F1_R4,14,1,1.11,18,4,4,19.29,46.09,508.03,0.284
2025-04-04 19:00:00,F1_R4,14,1,1.11,19,4,4,17.41,42.43,454.51,0.225
2025-04-04 20:00:00,F1_R4,14,1,1.11,20,4,4,15.83,40.7,432.65,0.208
2025-04-04 21:00:00,F1_R4,14,1,1.11,21,4,4,14.88,37.08,424.17,0.202
2025-04-04 22:00:00,F1_R4,14,1,1.11,22,4,4,14.0,34.95,421.39,0.201
2025-04-04 23:00:00,F1_R4,14,1,1.11,23,4,4,13.82,32.42,420.45,0.2
2025-04-05 00:00:00,F1_R4,14,1,1.11,0,5,4,12.82,30.5,420.02,0.2
2025-04-05 01:00:00,F1_R4,14,1,1.11,1,5,4,13.31,30.81,420.05,0.2
2025-04-05 02:00:00,F1_R4,14,1,1.11,2,5,4,13.18,32.14,420.15,0.2
2025-04-05 03:00:00,F1_R4,14,1,1.11,3,5,4,13.02,33.9,420.47,0.2
2025-04-05 04:00:00,F1_R4,14,1,1.11,4,5,4,13.11,34.8,421.38,0.201
2025-04-05 05:00:00,F1_R4,14,1,1.11,5,5,4,13.73,37.08,424.17,0.202
2025-04-05 06:00:00,F1_R4,14,1,1.11,6,5,4,14.17,40.76,432.67,0.208
2025-04-05 07:00:00,F1_R4,14,1,1.11,7,5,4,15.14,43.52,455.57,0.228
2025-04-05 08:00:00,F1_R4,14,1,1.11,8,5,4,16.16,46.31,508.57,0.286
2025-04-05 09:00:00,F1_R4,14,1,1.11,9,5,4,17.68,50.23,601.33,0.415
2025-04-05 10:00:00,F1_R4,14,1,1.11,10,5,4,18.68,52.83,688.99,0.525
2025-04-05 11:00:00,F1_R4,14,1,1.11,11,5,4,20.87,55.33,742.29,0.584
2025-04-05 12:00:00,F1_R4,14,1,1.11,12,5,4,22.66,57.31,767.42,0.617
2025-04-05 13:00:00,F1_R4,14,1,1.11,13,5,4,23.05,56.79,762.35,0.578
2025-04-05 14:00:00,F1_R4,14,1,1.11,14,5,4,23.07,56.32,757.97,0.578
2025-04-05 15:00:00,F1_R4,14,1,1.11,15,5,4,22.96,55.28,741.86,0.582
2025-04-05 16:00:00,F1_R4,14,1,1.11,16,5,4,21.52,52.55,686.92,0.516
2025-04-05 17:00:00,F1_R4,14,1,1.11,17,5,4,20.07,50.11,600.76,0.413
2025-04-05 18:00:00,F1_R4,14,1,1.11,18,5,4,19.29,46.09,508.03,0.284
2025-04-05 19:00:00,F1_R4,14,1,1.11,19,5,4,17.41,42.43,454.51,0.225
2025-04-05 20:00:00,F1_R4,14,1,1.11,20,5,4,15.83,40.7,432.65,0.208
2025-04-05 21:00:00,F1_R4,14,1,1.11,21,5,4,14.88,37.08,424.17,0.202
2025-04-05 22:00:00,F1_R4,14,1,1.11,22,5,4,14.0,34.95,421.39,0.201
2025-04-05 23:00:00,F1_R4,14,1,1.11,23,5,4,13.82,32.42,420.45,0.2
2025-04-06 00:00:00,F1_R4,14,1,1.11,0,6,4,12.82,30.5,420.02,0.2
2025-04-06 01:00:00,F1_R4,14,1,1.11,1,6,4,13.31,30.81,420.05,0.2
2025-04-06 02:00:00,F1_R4,14,1,1.11,2,6,4,13.18,32.14,420.15,0.2
2025-04-06 03:00:00,F1_R4,14,1,1.11,3,6,4,13.02,33.9,420.47,0.2
2025-04-06 04:00:00,F1_R4,14,1,1.11,4,6,4,13.11,34.8,421.38,0.201
2025-04-06 05:00:00,F1_R4,14,1,1.11,5,6,4,13.73,37.08,424.17,0.202
2025-04-06 06:00:00,F1_R4,14,1,1.11,6,6,4,14.17,40.76,432.67,0.208
2025-04-06 07:00:00,F1_R4,14,1,1.11,7,6,4,15.14,43.52,455.57,0.228
2025-04-06 08:00:00,F1_R4,14,1,1.11,8,6,4,16.16,46.31,508.57,0.286
2025-04-06 09:00:00,F1_R4,14,1,1.11,9,6,4,17.68,50.23,601.33,0.415
2025-04-06 10:00:00,F1_R4,14,1,1.11,10,6,4,18.68,52.83,688.99,0.525
2025-04-06 11:00:00,F1_R4,14,1,1.11,11,6,4,20.87,55.33,742.29,0.584
2025-04-06 12:00:00,F1_R4,14,1,1.11,12,6,4,22.66,57.31,767.42,0.617
2025-04-06 13:00:00,F1_R4,14,1,1.11,13,6,4,23.05,56.79,762.35,0.578
2025-04-06 14:00:00,F1_R4,14,1,1.11,14,6,4,23.07,56.32,757.97,0.578
2025-04-06 15:00:00,F1_R4,14,1,1.11,15,6,4,22.96,55.28,741.86,0.582
2025-04-06 16:00:00,F1_R4,14,1,1.11,16,6,4,21.52,52.55,686.92,0.516
2025-04-06 17:00:00,F1_R4,14,1,1.11,17,6,4,20.07,50.11,600.76,0.413
2025-04-06 18:00:00,F1_R4,14,1,1.11,18,6,4,19.29,46.09,508.03,0.284
2025-04-06 19:00:00,F1_R4,14,1,1.11,19,6,4,17.41,42.43,454.51,0.225
2025-04-06 20:00:00,F1_R4,14,1,1.11,20,6,4,15.83,40.7,432.65,0.208
2025-04-06 21:00:00,F1_R4,14,1,1.11,21,6,4,14.88,37.08,424.17,0.202
2025-04-06 22:00:00,F1_R4,14,1,1.11,22,6,4,14.0,34.95,421.39,0.201
2025-04-06 23:00:00,F1_R4,14,1,1.11,23,6,4,13.82,32.42,420.45,0.2
2025-04-07 00:00:00,F1_R4,14,1,1.11,0,7,4,12.82,30.5,420.02,0.2
2025-04-07 01:00:00,F1_R4,14,1,1.11,1,7,4,13.31,30.81,420.05,0.2
2025-04-07 02:00:00,F1_R4,14,1,1.11,2,7,4,13.18,32.14,420.15,0.2
2025-04-07 03:00:00,F1_R4,14,1,1.11,3,7,4,13.02,33.9,420.47,0.2
2025-04-07 04:00:00,F1_R4,14,1,1.11,4,7,4,13.11,34.8,421.38,0.201
2025-04-07 05:00:00,F1_R4,14,1,1.11,5,7,4,13.73,37.08,424.17,0.205
2025-04-07 06:00:00,F1_R4,14,1,1.11,6,7,4,14.17,40.76,432.67,0.219
2025-04-07 07:00:00,F1_R4,14,1,1.11,7,7,4,15.14,43.52,455.57,0.267
2025-04-07 08:00:00,F1_R4,14,1,1.11,8,7,4,16.16,46.31,508.57,0.411
2025-04-07 09:00:00,F1_R4,14,1,1.11,9,7,4,17.68,50.23,601.33,0.715
2025-04-07 10:00:00,F1_R4,14,1,1.11,10,7,4,18.68,52.83,688.99,1.0
2025-04-07 11:00:00,F1_R4,14,1,1.11,11,7,4,20.87,55.33,742.29,1.145
2025-04-07 12:00:00,F1_R4,14,1,1.11,12,7,4,22.66,57.31,767.42,1.205
2025-04-07 13:00:00,F1_R4,14,1,1.11,13,7,4,23.05,56.79,762.35,1.172
2025-04-07 14:00:00,F1_R4,14,1,1.11,14,7,4,23.07,56.32,757.97,1.167
2025-04-07 15:00:00,F1_R4,14,1,1.11,15,7,4,22.96,55.28,741.86,1.143
2025-04-07 16:00:00,F1_R4,14,1,1.11,16,7,4,21.52,52.55,686.92,0.991
2025-04-07 17:00:00,F1_R4,14,1,1.11,17,7,4,20.07,50.11,600.76,0.713
2025-04-07 18:00:00,F1_R4,14,1,1.11,18,7,4,19.29,46.09,508.03,0.409
2025-04-07 19:00:00,F1_R4,14,1,1.11,19,7,4,17.41,42.43,454.51,0.264
2025-04-07 20:00:00,F1_R4,14,1,1.11,20,7,4,15.83,40.7,432.65,0.219
2025-04-07 21:00:00,F1_R4,14,1,1.11,21,7,4,14.88,37.08,424.17,0.205
2025-04-07 22:00:00,F1_R4,14,1,1.11,22,7,4,14.0,34.95,421.39,0.201
2025-04-07 23:00:00,F1_R4,14,1,1.11,23,7,4,13.82,32.42,420.45,0.2
2025-04-08 00:00:00,F1_R4,14,1,1.11,0,8,4,12.82,30.5,420.02,0.2
2025-04-08 01:00:00,F1_R4,14,1,1.11,1,8,4,13.31,30.81,420.05,0.2
2025-04-08 02:00:00,F1_R4,14,1,1.11,2,8,4,13.18,32.14,420.15,0.2
2025-04-08 03:00:00,F1_R4,14,1,1.11,3,8,4,13.02,33.9,420.47,0.2
2025-04-08 04:00:00,F1_R4,14,1,1.11,4,8,4,13.11,34.8,421.38,0.201
2025-04-08 05:00:00,F1_R4,14,1,1.11,5,8,4,13.73,37.08,424.17,0.205
2025-04-08 06:00:00,F1_R4,14,1,1.11,6,8,4,14.17,40.76,432.67,0.219
2025-04-08 07:00:00,F1_R4,14,1,1.11,7,8,4,15.14,43.52,455.57,0.267
2025-04-08 08:00:00,F1_R4,14,1,1.11,8,8,4,16.16,46.31,508.57,0.411
2025-04-08 09:00:00,F1_R4,14,1,1.11,9,8,4,17.68,50.23,601.33,0.715
2025-04-08 10:00:00,F1_R4,14,1,1.11,10,8,4,18.68,52.83,688.99,1.0
2025-04-08 11:00:00,F1_R4,14,1,1.11,11,8,4,20.87,55.33,742.29,1.145
2025-04-08 12:00:00,F1_R4,14,1,1.11,12,8,4,22.66,57.31,767.42,1.205
2025-04-08 13:00:00,F1_R4,14,1,1.11,13,8,4,23.05,56.79,762.35,1.172
2025-04-08 14:00:00,F1_R4,14,1,1.11,14,8,4,23.07,56.32,757.97,1.167
2025-04-08 15:00:00,F1_R4,14,1,1.11,15,8,4,22.96,55.28,741.86,1.143
2025-04-08 16:00:00,F1_R4,14,1,1.11,16,8,4,21.52,52.55,686.92,0.991
2025-04-08 17:00:00,F1_R4,14,1,1.11,17,8,4,20.07,50.11,600.76,0.713
2025-04-08 18:00:00,F1_R4,14,1,1.11,18,8,4,19.29,46.09,508.03,0.409
2025-04-08 19:00:00,F1_R4,14,1,1.11,19,8,4,17.41,42.43,454.51,0.264
2025-04-08 20:00:00,F1_R4,14,1,1.11,20,8,4,15.83,40.7,432.65,0.219
2025-04-08 21:00:00,F1_R4,14,1,1.11,21,8,4,14.88,37.08,424.17,0.205
2025-04-08 22:00:00,F1_R4,14,1,1.11,22,8,4,14.0,34.95,421.39,0.201
2025-04-08 23:00:00,F1_R4,14,1,1.11,23,8,4,13.82,32.42,420.45,0.2
2025-04-09 00:00:00,F1_R4,14,1,1.11,0,9,4,12.82,30.5,420.02,0.2
2025-04-09 01:00:00,F1_R4,14,1,1.11,1,9,4,13.31,30.81,420.05,0.2
2025-04-09 02:00:00,F1_R4,14,1,1.11,2,9,4,13.18,32.14,420.15,0.2
2025-04-09 03:00:00,F1_R4,14,1,1.11,3,9,4,13.02,33.9,420.47,0.2
2025-04-09 04:00:00,F1_R4,14,1,1.11,4,9,4,13.11,34.8,421.38,0.201
2025-04-09 05:00:00,F1_R4,14,1,1.11,5,9,4,13.73,37.08,424.17,0.202
2025-04-09 06:00:00,F1_R4,14,1,1.11,6,9,4,14.17,40.76,432.67,0.208
2025-04-09 07:00:00,F1_R4,14,1,1.11,7,9,4,15.14,43.52,455.57,0.228
2025-04-09 08:00:00,F1_R4,14,1,1.11,8,9,4,16.16,46.31,508.57,0.286
2025-04-09 09:00:00,F1_R4,14,1,1.11,9,9,4,17.68,50.23,601.33,0.415
2025-04-09 10:00:00,F1_R4,14,1,1.11,10,9,4,18.68,52.83,688.99,0.525
2025-04-09 11:00:00,F1_R4,14,1,1.11,11,9,4,20.87,55.33,742.29,0.584
2025-04-09 12:00:00,F1_R4,14,1,1.11,12,9,4,22.66,57.31,767.42,0.617
2025-04-09 13:00:00,F1_R4,14,1,1.11,13,9,4,23.05,56.79,762.35,0.578
2025-04-09 14:00:00,F1_R4,14,1,1.11,14,9,4,23.07,56.32,757.97,0.578
2025-04-09 15:00:00,F1_R4,14,1,1.11,15,9,4,22.96,55.28,741.86,0.582
2025-04-09 16:00:00,F1_R4,14,1,1.11,16,9,4,21.52,52.55,686.92,0.516
2025-04-09 17:00:00,F1_R4,14,1,1.11,17,9,4,20.07,50.11,600.76,0.413
2025-04-09 18:00:00,F1_R4,14,1,1.11,18,9,4,19.29,46.09,508.03,0.284
2025-04-09 19:00:00,F1_R4,14,1,1.11,19,9,4,17.41,42.43,454.51,0.225
2025-04-09 20:00:00,F1_R4,14,1,1.11,20,9,4,15.83,40.7,432.65,0.208
2025-04-09 21:00:00,F1_R4,14,1,1.11,21,9,4,14.88,37.08,424.17,0.202
2025-04-09 22:00:00,F1_R4,14,1,1.11,22,9,4,14.0,34.95,421.39,0.201
2025-04-09 23:00:00,F1_R4,14,1,1.11,23,9,4,13.82,32.42,420.45,0.2
2025-04-10 00:00:00,F1_R4,14,1,1.11,0,10,4,12.82,30.5,420.02,0.2
2025-04-10 01:00:00,F1_R4,14,1,1.11,1,10,4,13.31,30.81,420.05,0.2
2025-04-10 02:00:00,F1_R4,14,1,1.11,2,10,4,13.18,32.14,420.15,0.2
2025-04-10 03:00:00,F1_R4,14,1,1.11,3,10,4,13.02,33.9,420.47,0.2
2025-04-10 04:00:00,F1_R4,14,1,1.11,4,10,4,13.11,34.8,421.38,0.201
2025-04-10 05:00:00,F1_R4,14,1,1.11,5,10,4,13.73,37.08,424.17,0.202
2025-04-10 06:00:00,F1_R4,14,1,1.11,6,10,4,14.17,40.76,432.67,0.208
2025-04-10 07:00:00,F1_R4,14,1,1.11,7,10,4,15.14,43.52,455.57,0.228
2025-04-10 08:00:00,F1_R4,14,1,1.11,8,10,4,16.16,46.31,508.57,0.286
2025-04-10 09:00:00,F1_R4,14,1,1.11,9,10,4,17.68,50.23,601.33,0.415
2025-04-10 10:00:00,F1_R4,14,1,1.11,10,10,4,18.68,52.83,688.99,0.525
2025-04-10 11:00:00,F1_R4,14,1,1.11,11,10,4,20.87,55.33,742.29,0.584
2025-04-10 12:00:00,F1_R4,14,1,1.11,12,10,4,22.66,57.31,767.42,0.617
2025-04-10 13:00:00,F1_R4,14,1,1.11,13,10,4,23.05,56.79,762.35,0.578
2025-04-10 14:00:00,F1_R4,14,1,1.11,14,10,4,23.07,56.32,757.97,0.578
2025-04-10 15:00:00,F1_R4,14,1,1.11,15,10,4,22.96,55.28,741.86,0.582
2025-04-10 16:00:00,F1_R4,14,1,1.11,16,10,4,21.52,52.55,686.92,0.516
2025-04-10 17:00:00,F1_R4,14,1,1.11,17,10,4,20.07,50.11,600.76,0.413
2025-04-10 18:00:00,F1_R4,14,1,1.11,18,10,4,19.29,46.09,508.03,0.284
2025-04-10 19:00:00,F1_R4,14,1,1.11,19,10,4,17.41,42.43,454.51,0.225
2025-04-10 20:00:00,F1_R4,14,1,1.11,20,10,4,15.83,40.7,432.65,0.208
2025-04-10 21:00:00,F1_R4,14,1,1.11,21,10,4,14.88,37.08,424.17,0.202
2025-04-10 22:00:00,F1_R4,14,1,1.11,22,10,4,14.0,34.95,421.39,0.201
2025-04-10 23:00:00,F1_R4,14,1,1.11,23,10,4,13.82,32.42,420.45,0.2
2025-04-11 00:00:00,F1_R4,14,1,1.11,0,11,4,12.82,30.5,420.02,0.2
2025-04-11 01:00:00,F1_R4,14,1,1.11,1,11,4,13.31,30.81,420.05,0.2
2025-04-11 02:00:00,F1_R4,14,1,1.11,2,11,4,13.18,32.14,420.15,0.2
2025-04-11 03:00:00,F1_R4,14,1,1.11,3,11,4,13.02,33.9,420.47,0.2
2025-04-11 04:00:00,F1_R4,14,1,1.11,4,11,4,13.11,34.8,421.38,0.201
2025-04-11 05:00:00,F1_R4,14,1,1.11,5,11,4,13.73,37.08,424.17,0.202
2025-04-11 06:00:00,F1_R4,14,1,1.11,6,11,4,14.17,40.76,432.67,0.208
2025-04-11 07:00:00,F1_R4,14,1,1.11,7,11,4,15.14,43.52,455.57,0.228
2025-04-11 08:00:00,F1_R4,14,1,1.11,8,11,4,16.16,46.31,508.57,0.286
2025-04-11 09:00:00,F1_R4,14,1,1.11,9,11,4,17.68,50.23,601.33,0.415
2025-04-11 10:00:00,F1_R4,14,1,1.11,10,11,4,18.68,52.83,688.99,0.525
2025-04-11 11:00:00,F1_R4,14,1,1.11,11,11,4,20.87,55.33,742.29,0.584
2025-04-11 12:00:00,F1_R4,14,1,1.11,12,11,4,22.66,57.31,767.42,0.617
2025-04-11 13:00:00,F1_R4,14,1,1.11,13,11,4,23.05,56.79,762.35,0.578
2025-04-11 14:00:00,F1_R4,14,1,1.11,14,11,4,23.07,56.32,757.97,0.578
2025-04-11 15:00:00,F1_R4,14,1,1.11,15,11,4,22.96,55.28,741.86,0.582
2025-04-11 16:00:00,F1_R4,14,1,1.11,16,11,4,21.52,52.55,686.92,0.516
2025-04-11 17:00:00,F1_R4,14,1,1.11,17,11,4,20.07,50.11,600.76,0.413
2025-04-11 18:00:00,F1_R4,14,1,1.11,18,11,4,19.29,46.09,508.03,0.284
2025-04-11 19:00:00,F1_R4,14,1,1.11,19,11,4,17.41,42.43,454.51,0.225
2025-04-11 20:00:00,F1_R4,14,1,1.11,20,11,4,15.83,40.7,432.65,0.208
2025-04-11 21:00:00,F1_R4,14,1,1.11,21,11,4,14.88,37.08,424.17,0.202
2025-04-11 22:00:00,F1_R4,14,1,1.11,22,11,4,14.0,34.95,421.39,0.201
2025-04-11 23:00:00,F1_R4,14,1,1.11,23,11,4,13.82,32.42,420.45,0.2
2025-04-12 00:00:00,F1_R4,14,1,1.11,0,12,4,12.82,30.5,420.02,0.2
2025-04-12 01:00:00,F1_R4,14,1,1.11,1,12,4,13.31,30.81,420.05,0.2
2025-04-12 02:00:00,F1_R4,14,1,1.11,2,12,4,13.18,32.14,420.15,0.2
2025-04-12 03:00:00,F1_R4,14,1,1.11,3,12,4,13.02,33.9,420.47,0.2
2025-04-12 04:00:00,F1_R4,14,1,1.11,4,12,4,13.11,34.8,421.38,0.201
2025-04-12 05:00:00,F1_R4,14,1,1.11,5,12,4,13.73,37.08,424.17,0.202
2025-04-12 06:00:00,F1_R4,14,1,1.11,6,12,4,14.17,40.76,432.67,0.208
2025-04-12 07:00:00,F1_R4,14,1,1.11,7,12,4,15.14,43.52,455.57,0.228
2025-04-12 08:00:00,F1_R4,14,1,1.11,8,12,4,16.16,46.31,508.57,0.286
2025-04-12 09:00:00,F1_R4,14,1,1.11,9,12,4,17.68,50.23,601.33,0.415
2025-04-12 10:00:00,F1_R4,14,1,1.11,10,12,4,18.68,52.83,688.99,0.525
2025-04-12 11:00:00,F1_R4,14,1,1.11,11,12,4,20.87,55.33,742.29,0.584
2025-04-12 12:00:00,F1_R4,14,1,1.11,12,12,4,22.66,57.31,767.42,0.617
2025-04-12 13:00:00,F1_R4,14,1,1.11,13,12,4,23.05,56.79,762.35,0.578
2025-04-12 14:00:00,F1_R4,14,1,1.11,14,12,4,23.07,56.32,757.97,0.578
2025-04-12 15:00:00,F1_R4,14,1,1.11,15,12,4,22.96,55.28,741.86,0.582
2025-04-12 16:00:00,F1_R4,14,1,1.11,16,12,4,21.52,52.55,686.92,0.516
2025-04-12 17:00:00,F1_R4,14,1,1.11,17,12,4,20.07,50.11,600.76,0.413
2025-04-12 18:00:00,F1_R4,14,1,1.11,18,12,4,19.29,46.09,508.03,0.284
2025-04-12 19:00:00,F1_R4,14,1,1.11,19,12,4,17.41,42.43,454.51,0.225
2025-04-12 20:00:00,F1_R4,14,1,1.11,20,12,4,15.83,40.7,432.65,0.208
2025-04-12 21:00:00,F1_R4,14,1,1.11,21,12,4,14.88,37.08,424.17,0.202
2025-04-12 22:00:00,F1_R4,14,1,1.11,22,12,4,14.0,34.95,421.39,0.201
2025-04-12 23:00:00,F1_R4,14,1,1.11,23,12,4,13.82,32.42,420.45,0.2
2025-04-13 00:00:00,F1_R4,14,1,1.11,0,13,4,12.82,30.5,420.02,0.2
2025-04-13 01:00:00,F1_R4,14,1,1.11,1,13,4,13.31,30.81,420.05,0.2
2025-04-13 02:00:00,F1_R4,14,1,1.11,2,13,4,13.18,32.14,420.15,0.2
2025-04-13 03:00:00,F1_R4,14,1,1.11,3,13,4,13.02,33.9,420.47,0.2
2025-04-13 04:00:00,F1_R4,14,1,1.11,4,13,4,13.11,34.8,421.38,0.201
2025-04-13 05:00:00,F1_R4,14,1,1.11,5,13,4,13.73,37.08,424.17,0.202
2025-04-13 06:00:00,F1_R4,14,1,1.11,6,13,4,14.17,40.76,432.67,0.208
2025-04-13 07:00:00,F1_R4,14,1,1.11,7,13,4,15.14,43.52,455.57,0.228
2025-04-13 08:00:00,F1_R4,14,1,1.11,8,13,4,16.16,46.31,508.57,0.286
2025-04-13 09:00:00,F1_R4,14,1,1.11,9,13,4,17.68,50.23,601.33,0.415
2025-04-13 10:00:00,F1_R4,14,1,1.11,10,13,4,18.68,52.83,688.99,0.525
2025-04-13 11:00:00,F1_R4,14,1,1.11,11,13,4,20.87,55.33,742.29,0.584
2025-04-13 12:00:00,F1_R4,14,1,1.11,12,13,4,22.66,57.31,767.42,0.617
2025-04-13 13:00:00,F1_R4,14,1,1.11,13,13,4,23.05,56.79,762.35,0.578
2025-04-13 14:00:00,F1_R4,14,1,1.11,14,13,4,23.07,56.32,757.97,0.578
2025-04-13 15:00:00,F1_R4,14,1,1.11,15,13,4,22.96,55.28,741.86,0.582
2025-04-13 16:00:00,F1_R4,14,1,1.11,16,13,4,21.52,52.55,686.92,0.516
2025-04-13 17:00:00,F1_R4,14,1,1.11,17,13,4,20.07,50.11,600.76,0.413
2025-04-13 18:00:00,F1_R4,14,1,1.11,18,13,4,19.29,46.09,508.03,0.284
2025-04-13 19:00:00,F1_R4,14,1,1.11,19,13,4,17.41,42.43,454.51,0.225
2025-04-13 20:00:00,F1_R4,14,1,1.11,20,13,4,15.83,40.7,432.65,0.208
2025-04-13 21:00:00,F1_R4,14,1,1.11,21,13,4,14.88,37.08,424.17,0.202
2025-04-13 22:00:00,F1_R4,14,1,1.11,22,13,4,14.0,34.95,421.39,0.201
2025-04-13 23:00:00,F1_R4,14,1,1.11,23,13,4,13.82,32.42,420.45,0.2
2025-04-14 00:00:00,F1_R4,14,1,1.11,0,14,4,12.82,30.5,420.02,0.2
2025-04-14 01:00:00,F1_R4,14,1,1.11,1,14,4,13.31,30.81,420.05,0.2
2025-04-14 02:00:00,F1_R4,14,1,1.11,2,14,4,13.18,32.14,420.15,0.2
2025-04-14 03:00:00,F1_R4,14,1,1.11,3,14,4,13.02,33.9,420.47,0.2
2025-04-14 04:00:00,F1_R4,14,1,1.11,4,14,4,13.11,34.8,421.38,0.201
2025-04-14 05:00:00,F1_R4,14,1,1.11,5,14,4,13.73,37.08,424.17,0.205
2025-04-14 06:00:00,F1_R4,14,1,1.11,6,14,4,14.17,40.76,432.67,0.219
2025-04-14 07:00:00,F1_R4,14,1,1.11,7,14,4,15.14,43.52,455.57,0.267
2025-04-14 08:00:00,F1_R4,14,1,1.11,8,14,4,16.16,46.31,508.57,0.411
2025-04-14 09:00:00,F1_R4,14,1,1.11,9,14,4,17.68,50.23,601.33,0.715
2025-04-14 10:00:00,F1_R4,14,1,1.11,10,14,4,18.68,52.83,688.99,1.0
2025-04-14 11:00:00,F1_R4,14,1,1.11,11,14,4,20.87,55.33,742.29,1.145
2025-04-14 12:00:00,F1_R4,14,1,1.11,12,14,4,22.66,57.31,767.42,1.205
2025-04-14 13:00:00,F1_R4,14,1,1.11,13,14,4,23.05,56.79,762.35,1.172
2025-04-14 14:00:00,F1_R4,14,1,1.11,14,14,4,23.07,56.32,757.97,1.167
2025-04-14 15:00:00,F1_R4,14,1,1.11,15,14,4,22.96,55.28,741.86,1.143
2025-04-14 16:00:00,F1_R4,14,1,1.11,16,14,4,21.52,52.55,686.92,0.991
2025-04-14 17:00:00,F1_R4,14,1,1.11,17,14,4,20.07,50.11,600.76,0.713
2025-04-14 18:00:00,F1_R4,14,1,1.11,18,14,4,19.29,46.09,508.03,0.409
2025-04-14 19:00:00,F1_R4,14,1,1.11,19,14,4,17.41,42.43,454.51,0.264
2025-04-14 20:00:00,F1_R4,14,1,1.11,20,14,4,15.83,40.7,432.65,0.219
2025-04-14 21:00:00,F1_R4,14,1,1.11,21,14,4,14.88,37.08,424.17,0.205
2025-04-14 22:00:00,F1_R4,14,1,1.11,22,14,4,14.0,34.95,421.39,0.201
2025-04-14 23:00:00,F1_R4,14,1,1.11,23,14,4,13.82,32.42,420.45,0.2
2025-04-15 00:00:00,F1_R4,14,1,1.11,0,15,4,12.82,30.5,420.02,0.2
2025-04-15 01:00:00,F1_R4,14,1,1.11,1,15,4,13.31,30.81,420.05,0.2
2025-04-15 02:00:00,F1_R4,14,1,1.11,2,15,4,13.18,32.14,420.15,0.2
2025-04-15 03:00:00,F1_R4,14,1,1.11,3,15,4,13.02,33.9,420.47,0.2
2025-04-15 04:00:00,F1_R4,14,1,1.11,4,15,4,13.11,34.8,421.38,0.201
2025-04-15 05:00:00,F1_R4,14,1,1.11,5,15,4,13.73,37.08,424.17,0.205
2025-04-15 06:00:00,F1_R4,14,1,1.11,6,15,4,14.17,40.76,432.67,0.219
2025-04-15 07:00:00,F1_R4,14,1,1.11,7,15,4,15.14,43.52,455.57,0.267
2025-04-15 08:00:00,F1_R4,14,1,1.11,8,15,4,16.16,46.31,508.57,0.411
2025-04-15 09:00:00,F1_R4,14,1,1.11,9,15,4,17.68,50.23,601.33,0.715
2025-04-15 10:00:00,F1_R4,14,1,1.11,10,15,4,18.68,52.83,688.99,1.0
2025-04-15 11:00:00,F1_R4,14,1,1.11,11,15,4,20.87,55.33,742.29,1.145
2025-04-15 12:00:00,F1_R4,14,1,1.11,12,15,4,22.66,57.31,767.42,1.205
2025-04-15 13:00:00,F1_R4,14,1,1.11,13,15,4,23.05,56.79,762.35,1.172
2025-04-15 14:00:00,F1_R4,14,1,1.11,14,15,4,23.07,56.32,757.97,1.167
2025-04-15 15:00:00,F1_R4,14,1,1.11,15,15,4,22.96,55.28,741.86,1.143
2025-04-15 16:00:00,F1_R4,14,1,1.11,16,15,4,21.52,52.55,686.92,0.991
2025-04-15 17:00:00,F1_R4,14,1,1.11,17,15,4,20.07,50.11,600.76,0.713
2025-04-15 18:00:00,F1_R4,14,1,1.11,18,15,4,19.29,46.09,508.03,0.409
2025-04-15 19:00:00,F1_R4,14,1,1.11,19,15,4,17.41,42.43,454.51,0.264
2025-04-15 20:00:00,F1_R4,14,1,1.11,20,15,4,15.83,40.7,432.65,0.219
2025-04-15 21:00:00,F1_R4,14,1,1.11,21,15,4,14.88,37.08,424.17,0.205
2025-04-15 22:00:00,F1_R4,14,1,1.11,22,15,4,14.0,34.95,421.39,0.201
2025-04-15 23:00:00,F1_R4,14,1,1.11,23,15,4,13.82,32.42,420.45,0.2
2025-04-16 00:00:00,F1_R4,14,1,1.11,0,16,4,12.82,30.5,420.02,0.2
2025-04-16 01:00:00,F1_R4,14,1,1.11,1,16,4,13.31,30.81,420.05,0.2
2025-04-16 02:00:00,F1_R4,14,1,1.11,2,16,4,13.18,32.14,420.15,0.2
2025-04-16 03:00:00,F1_R4,14,1,1.11,3,16,4,13.02,33.9,420.47,0.2
2025-04-16 04:00:00,F1_R4,14,1,1.11,4,16,4,13.11,34.8,421.38,0.201
2025-04-16 05:00:00,F1_R4,14,1,1.11,5,16,4,13.73,37.08,424.17,0.202
2025-04-16 06:00:00,F1_R4,14,1,1.11,6,16,4,14.17,40.76,432.67,0.208
2025-04-16 07:00:00,F1_R4,14,1,1.11,7,16,4,15.14,43.52,455.57,0.228
2025-04-16 08:00:00,F1_R4,14,1,1.11,8,16,4,16.16,46.31,508.57,0.286
2025-04-16 09:00:00,F1_R4,14,1,1.11,9,16,4,17.68,50.23,601.33,0.415
2025-04-16 10:00:00,F1_R4,14,1,1.11,10,16,4,18.68,52.83,688.99,0.525
2025-04-16 11:00:00,F1_R4,14,1,1.11,11,16,4,20.87,55.33,742.29,0.584
2025-04-16 12:00:00,F1_R4,14,1,1.11,12,16,4,22.66,57.31,767.42,0.617
2025-04-16 13:00:00,F1_R4,14,1,1.11,13,16,4,23.05,56.79,762.35,0.578
2025-04-16 14:00:00,F1_R4,14,1,1.11,14,16,4,23.07,56.32,757.97,0.578
2025-04-16 15:00:00,F1_R4,14,1,1.11,15,16,4,22.96,55.28,741.86,0.582
2025-04-16 16:00:00,F1_R4,14,1,1.11,16,16,4,21.52,52.55,686.92,0.516
2025-04-16 17:00:00,F1_R4,14,1,1.11,17,16,4,20.07,50.11,600.76,0.413
2025-04-16 18:00:00,F1_R4,14,1,1.11,18,16,4,19.29,46.09,508.03,0.284
2025-04-16 19:00:00,F1_R4,14,1,1.11,19,16,4,17.41,42.43,454.51,0.225
2025-04-16 20:00:00,F1_R4,14,1,1.11,20,16,4,15.83,40.7,432.65,0.208
2025-04-16 21:00:00,F1_R4,14,1,1.11,21,16,4,14.88,37.08,424.17,0.202
2025-04-16 22:00:00,F1_R4,14,1,1.11,22,16,4,14.0,34.95,421.39,0.201
2025-04-16 23:00:00,F1_R4,14,1,1.11,23,16,4,13.82,32.42,420.45,0.2
2025-04-17 00:00:00,F1_R4,14,1,1.11,0,17,4,12.82,30.5,420.02,0.2
2025-04-17 01:00:00,F1_R4,14,1,1.11,1,17,4,13.31,30.81,420.05,0.2
2025-04-17 02:00:00,F1_R4,14,1,1.11,2,17,4,13.18,32.14,420.15,0.2
2025-04-17 03:00:00,F1_R4,14,1,1.11,3,17,4,13.02,33.9,420.47,0.2
2025-04-17 04:00:00,F1_R4,14,1,1.11,4,17,4,13.11,34.8,421.38,0.201
2025-04-17 05:00:00,F1_R4,14,1,1.11,5,17,4,13.73,37.08,424.17,0.202
2025-04-17 06:00:00,F1_R4,14,1,1.11,6,17,4,14.17,40.76,432.67,0.208
2025-04-17 07:00:00,F1_R4,14,1,1.11,7,17,4,15.14,43.52,455.57,0.228
2025-04-17 08:00:00,F1_R4,14,1,1.11,8,17,4,16.16,46.31,508.57,0.286
2025-04-17 09:00:00,F1_R4,14,1,1.11,9,17,4,17.68,50.23,601.33,0.415
2025-04-17 10:00:00,F1_R4,14,1,1.11,10,17,4,18.68,52.83,688.99,0.525
2025-04-17 11:00:00,F1_R4,14,1,1.11,11,17,4,20.87,55.33,742.29,0.584
2025-04-17 12:00:00,F1_R4,14,1,1.11,12,17,4,22.66,57.31,767.42,0.617
2025-04-17 13:00:00,F1_R4,14,1,1.11,13,17,4,23.05,56.79,762.35,0.578
2025-04-17 14:00:00,F1_R4,14,1,1.11,14,17,4,23.07,56.32,757.97,0.578
2025-04-17 15:00:00,F1_R4,14,1,1.11,15,17,4,22.96,55.28,741.86,0.582
2025-04-17 16:00:00,F1_R4,14,1,1.11,16,17,4,21.52,52.55,686.92,0.516
2025-04-17 17:00:00,F1_R4,14,1,1.11,17,17,4,20.07,50.11,600.76,0.413
2025-04-17 18:00:00,F1_R4,14,1,1.11,18,17,4,19.29,46.09,508.03,0.284
2025-04-17 19:00:00,F1_R4,14,1,1.11,19,17,4,17.41,42.43,454.51,0.225
2025-04-17 20:00:00,F1_R4,14,1,1.11,20,17,4,15.83,40.7,432.65,0.208
2025-04-17 21:00:00,F1_R4,14,1,1.11,21,17,4,14.88,37.08,424.17,0.202
2025-04-17 22:00:00,F1_R4,14,1,1.11,22,17,4,14.0,34.95,421.39,0.201
2025-04-17 23:00:00,F1_R4,14,1,1.11,23,17,4,13.82,32.42,420.45,0.2
2025-04-18 00:00:00,F1_R4,14,1,1.11,0,18,4,12.82,30.5,420.02,0.2
2025-04-18 01:00:00,F1_R4,14,1,1.11,1,18,4,13.31,30.81,420.05,0.2
2025-04-18 02:00:00,F1_R4,14,1,1.11,2,18,4,13.18,32.14,420.15,0.2
2025-04-18 03:00:00,F1_R4,14,1,1.11,3,18,4,13.02,33.9,420.47,0.2
2025-04-18 04:00:00,F1_R4,14,1,1.11,4,18,4,13.11,34.8,421.38,0.201
2025-04-18 05:00:00,F1_R4,14,1,1.11,5,18,4,13.73,37.08,424.17,0.202
2025-04-18 06:00:00,F1_R4,14,1,1.11,6,18,4,14.17,40.76,432.67,0.208
2025-04-18 07:00:00,F1_R4,14,1,1.11,7,18,4,15.14,43.52,455.57,0.228
2025-04-18 08:00:00,F1_R4,14,1,1.11,8,18,4,16.16,46.31,508.57,0.286
2025-04-18 09:00:00,F1_R4,14,1,1.11,9,18,4,17.68,50.23,601.33,0.415
2025-04-18 10:00:00,F1_R4,14,1,1.11,10,18,4,18.68,52.83,688.99,0.525
2025-04-18 11:00:00,F1_R4,14,1,1.11,11,18,4,20.87,55.33,742.29,0.584
2025-04-18 12:00:00,F1_R4,14,1,1.11,12,18,4,22.66,57.31,767.42,0.617
2025-04-18 13:00:00,F1_R4,14,1,1.11,13,18,4,23.05,56.79,762.35,0.578
2025-04-18 14:00:00,F1_R4,14,1,1.11,14,18,4,23.07,56.32,757.97,0.578
2025-04-18 15:00:00,F1_R4,14,1,1.11,15,18,4,22.96,55.28,741.86,0.582
2025-04-18 16:00:00,F1_R4,14,1,1.11,16,18,4,21.52,52.55,686.92,0.516
2025-04-18 17:00:00,F1_R4,14,1,1.11,17,18,4,20.07,50.11,600.76,0.413
2025-04-18 18:00:00,F1_R4,14,1,1.11,18,18,4,19.29,46.09,508.03,0.284
2025-04-18 19:00:00,F1_R4,14,1,1.11,19,18,4,17.41,42.43,454.51,0.225
2025-04-18 20:00:00,F1_R4,14,1,1.11,20,18,4,15.83,40.7,432.65,0.208
2025-04-18 21:00:00,F1_R4,14,1,1.11,21,18,4,14.88,37.08,424.17,0.202
2025-04-18 22:00:00,F1_R4,14,1,1.11,22,18,4,14.0,34.95,421.39,0.201
2025-04-18 23:00:00,F1_R4,14,1,1.11,23,18,4,13.82,32.42,420.45,0.2
2025-04-19 00:00:00,F1_R4,14,1,1.11,0,19,4,12.82,30.5,420.02,0.2
2025-04-19 01:00:00,F1_R4,14,1,1.11,1,19,4,13.31,30.81,420.05,0.2
2025-04-19 02:00:00,F1_R4,14,1,1.11,2,19,4,13.18,32.14,420.15,0.2
2025-04-19 03:00:00,F1_R4,14,1,1.11,3,19,4,13.02,33.9,420.47,0.2
2025-04-19 04:00:00,F1_R4,14,1,1.11,4,19,4,13.11,34.8,421.38,0.201
2025-04-19 05:00:00,F1_R4,14,1,1.11,5,19,4,13.73,37.08,424.17,0.202
2025-04-19 06:00:00,F1_R4,14,1,1.11,6,19,4,14.17,40.76,432.67,0.208
2025-04-19 07:00:00,F1_R4,14,1,1.11,7,19,4,15.14,43.52,455.57,0.228
2025-04-19 08:00:00,F1_R4,14,1,1.11,8,19,4,16.16,46.31,508.57,0.286
2025-04-19 09:00:00,F1_R4,14,1,1.11,9,19,4,17.68,50.23,601.33,0.415
2025-04-19 10:00:00,F1_R4,14,1,1.11,10,19,4,18.68,52.83,688.99,0.525
2025-04-19 11:00:00,F1_R4,14,1,1.11,11,19,4,20.87,55.33,742.29,0.584
2025-04-19 12:00:00,F1_R4,14,1,1.11,12,19,4,22.66,57.31,767.42,0.617
2025-04-19 13:00:00,F1_R4,14,1,1.11,13,19,4,23.05,56.79,762.35,0.578
2025-04-19 14:00:00,F1_R4,14,1,1.11,14,19,4,23.07,56.32,757.97,0.578
2025-04-19 15:00:00,F1_R4,14,1,1.11,15,19,4,22.96,55.28,741.86,0.582
2025-04-19 16:00:00,F1_R4,14,1,1.11,16,19,4,21.52,52.55,686.92,0.516
2025-04-19 17:00:00,F1_R4,14,1,1.11,17,19,4,20.07,50.11,600.76,0.413
2025-04-19 18:00:00,F1_R4,14,1,1.11,18,19,4,19.29,46.09,508.03,0.284
2025-04-19 19:00:00,F1_R4,14,1,1.11,19,19,4,17.41,42.43,454.51,0.225
2025-04-19 20:00:00,F1_R4,14,1,1.11,20,19,4,15.83,40.7,432.65,0.208
2025-04-19 21:00:00,F1_R4,14,1,1.11,21,19,4,14.88,37.08,424.17,0.202
2025-04-19 22:00:00,F1_R4,14,1,1.11,22,19,4,14.0,34.95,421.39,0.201
2025-04-19 23:00:00,F1_R4,14,1,1.11,23,19,4,13.82,32.42,420.45,0.2
2025-04-20 00:00:00,F1_R4,14,1,1.11,0,20,4,12.82,30.5,420.02,0.2
2025-04-20 01:00:00,F1_R4,14,1,1.11,1,20,4,13.31,30.81,420.05,0.2
2025-04-20 02:00:00,F1_R4,14,1,1.11,2,20,4,13.18,32.14,420.15,0.2
2025-04-20 03:00:00,F1_R4,14,1,1.11,3,20,4,13.02,33.9,420.47,0.2
2025-04-20 04:00:00,F1_R4,14,1,1.11,4,20,4,13.11,34.8,421.38,0.201
2025-04-20 05:00:00,F1_R4,14,1,1.11,5,20,4,13.73,37.08,424.17,0.202
2025-04-20 06:00:00,F1_R4,14,1,1.11,6,20,4,14.17,40.76,432.67,0.208
2025-04-20 07:00:00,F1_R4,14,1,1.11,7,20,4,15.14,43.52,455.57,0.228
2025-04-20 08:00:00,F1_R4,14,1,1.11,8,20,4,16.16,46.31,508.57,0.286
2025-04-20 09:00:00,F1_R4,14,1,1.11,9,20,4,17.68,50.23,601.33,0.415
2025-04-20 10:00:00,F1_R4,14,1,1.11,10,20,4,18.68,52.83,688.99,0.525
2025-04-20 11:00:00,F1_R4,14,1,1.11,11,20,4,20.87,55.33,742.29,0.584
2025-04-20 12:00:00,F1_R4,14,1,1.11,12,20,4,22.66,57.31,767.42,0.617
2025-04-20 13:00:00,F1_R4,14,1,1.11,13,20,4,23.05,56.79,762.35,0.578
2025-04-20 14:00:00,F1_R4,14,1,1.11,14,20,4,23.07,56.32,757.97,0.578
2025-04-20 15:00:00,F1_R4,14,1,1.11,15,20,4,22.96,55.28,741.86,0.582
2025-04-20 16:00:00,F1_R4,14,1,1.11,16,20,4,21.52,52.55,686.92,0.516
2025-04-20 17:00:00,F1_R4,14,1,1.11,17,20,4,20.07,50.11,600.76,0.413
2025-04-20 18:00:00,F1_R4,14,1,1.11,18,20,4,19.29,46.09,508.03,0.284
2025-04-20 19:00:00,F1_R4,14,1,1.11,19,20,4,17.41,42.43,454.51,0.225
2025-04-20 20:00:00,F1_R4,14,1,1.11,20,20,4,15.83,40.7,432.65,0.208
2025-04-20 21:00:00,F1_R4,14,1,1.11,21,20,4,14.88,37.08,424.17,0.202
2025-04-20 22:00:00,F1_R4,14,1,1.11,22,20,4,14.0,34.95,421.39,0.201
2025-04-20 23:00:00,F1_R4,14,1,1.11,23,20,4,13.82,32.42,420.45,0.2
2025-04-21 00:00:00,F1_R4,14,1,1.11,0,21,4,12.82,30.5,420.02,0.2
2025-04-21 01:00:00,F1_R4,14,1,1.11,1,21,4,13.31,30.81,420.05,0.2
2025-04-21 02:00:00,F1_R4,14,1,1.11,2,21,4,13.18,32.14,420.15,0.2
2025-04-21 03:00:00,F1_R4,14,1,1.11,3,21,4,13.02,33.9,420.47,0.2
2025-04-21 04:00:00,F1_R4,14,1,1.11,4,21,4,13.11,34.8,421.38,0.201
2025-04-21 05:00:00,F1_R4,14,1,1.11,5,21,4,13.73,37.08,424.17,0.205
2025-04-21 06:00:00,F1_R4,14,1,1.11,6,21,4,14.17,40.76,432.67,0.219
2025-04-21 07:00:00,F1_R4,14,1,1.11,7,21,4,15.14,43.52,455.57,0.267
2025-04-21 08:00:00,F1_R4,14,1,1.11,8,21,4,16.16,46.31,508.57,0.411
2025-04-21 09:00:00,F1_R4,14,1,1.11,9,21,4,17.68,50.23,601.33,0.715
2025-04-21 10:00:00,F1_R4,14,1,1.11,10,21,4,18.68,52.83,688.99,1.0
2025-04-21 11:00:00,F1_R4,14,1,1.11,11,21,4,20.87,55.33,742.29,1.145
2025-04-21 12:00:00,F1_R4,14,1,1.11,12,21,4,22.66,57.31,767.42,1.205
2025-04-21 13:00:00,F1_R4,14,1,1.11,13,21,4,23.05,56.79,762.35,1.172
2025-04-21 14:00:00,F1_R4,14,1,1.11,14,21,4,23.07,56.32,757.97,1.167
2025-04-21 15:00:00,F1_R4,14,1,1.11,15,21,4,22.96,55.28,741.86,1.143
2025-04-21 16:00:00,F1_R4,14,1,1.11,16,21,4,21.52,52.55,686.92,0.991
2025-04-21 17:00:00,F1_R4,14,1,1.11,17,21,4,20.07,50.11,600.76,0.713
2025-04-21 18:00:00,F1_R4,14,1,1.11,18,21,4,19.29,46.09,508.03,0.409
2025-04-21 19:00:00,F1_R4,14,1,1.11,19,21,4,17.41,42.43,454.51,0.264
2025-04-21 20:00:00,F1_R4,14,1,1.11,20,21,4,15.83,40.7,432.65,0.219
2025-04-21 21:00:00,F1_R4,14,1,1.11,21,21,4,14.88,37.08,424.17,0.205
2025-04-21 22:00:00,F1_R4,14,1,1.11,22,21,4,14.0,34.95,421.39,0.201
2025-04-21 23:00:00,F1_R4,14,1,1.11,23,21,4,13.82,32.42,420.45,0.2
2025-04-22 00:00:00,F1_R4,14,1,1.11,0,22,4,12.82,30.5,420.02,0.2
2025-04-22 01:00:00,F1_R4,14,1,1.11,1,22,4,13.31,30.81,420.05,0.2
2025-04-22 02:00:00,F1_R4,14,1,1.11,2,22,4,13.18,32.14,420.15,0.2
2025-04-22 03:00:00,F1_R4,14,1,1.11,3,22,4,13.02,33.9,420.47,0.2
2025-04-22 04:00:00,F1_R4,14,1,1.11,4,22,4,13.11,34.8,421.38,0.201
2025-04-22 05:00:00,F1_R4,14,1,1.11,5,22,4,13.73,37.08,424.17,0.205
2025-04-22 06:00:00,F1_R4,14,1,1.11,6,22,4,14.17,40.76,432.67,0.219
2025-04-22 07:00:00,F1_R4,14,1,1.11,7,22,4,15.14,43.52,455.57,0.267
2025-04-22 08:00:00,F1_R4,14,1,1.11,8,22,4,16.16,46.31,508.57,0.411
2025-04-22 09:00:00,F1_R4,14,1,1.11,9,22,4,17.68,50.23,601.33,0.715
2025-04-22 10:00:00,F1_R4,14,1,1.11,10,22,4,18.68,52.83,688.99,1.0
2025-04-22 11:00:00,F1_R4,14,1,1.11,11,22,4,20.87,55.33,742.29,1.145
2025-04-22 12:00:00,F1_R4,14,1,1.11,12,22,4,22.66,57.31,767.42,1.205
2025-04-22 13:00:00,F1_R4,14,1,1.11,13,22,4,23.05,56.79,762.35,1.172
2025-04-22 14:00:00,F1_R4,14,1,1.11,14,22,4,23.07,56.32,757.97,1.167
2025-04-22 15:00:00,F1_R4,14,1,1.11,15,22,4,22.96,55.28,741.86,1.143
2025-04-22 16:00:00,F1_R4,14,1,1.11,16,22,4,21.52,52.55,686.92,0.991
2025-04-22 17:00:00,F1_R4,14,1,1.11,17,22,4,20.07,50.11,600.76,0.713
2025-04-22 18:00:00,F1_R4,14,1,1.11,18,22,4,19.29,46.09,508.03,0.409
2025-04-22 19:00:00,F1_R4,14,1,1.11,19,22,4,17.41,42.43,454.51,0.264
2025-04-22 20:00:00,F1_R4,14,1,1.11,20,22,4,15.83,40.7,432.65,0.219
2025-04-22 21:00:00,F1_R4,14,1,1.11,21,22,4,14.88,37.08,424.17,0.205
2025-04-22 22:00:00,F1_R4,14,1,1.11,22,22,4,14.0,34.95,421.39,0.201
2025-04-22 23:00:00,F1_R4,14,1,1.11,23,22,4,13.82,32.42,420.45,0.2
2025-04-23 00:00:00,F1_R4,14,1,1.11,0,23,4,12.82,30.5,420.02,0.2
2025-04-23 01:00:00,F1_R4,14,1,1.11,1,23,4,13.31,30.81,420.05,0.2
2025-04-23 02:00:00,F1_R4,14,1,1.11,2,23,4,13.18,32.14,420.15,0.2
2025-04-23 03:00:00,F1_R4,14,1,1.11,3,23,4,13.02,33.9,420.47,0.2
2025-04-23 04:00:00,F1_R4,14,1,1.11,4,23,4,13.11,34.8,421.38,0.201
2025-04-23 05:00:00,F1_R4,14,1,1.11,5,23,4,13.73,37.08,424.17,0.202
2025-04-23 06:00:00,F1_R4,14,1,1.11,6,23,4,14.17,40.76,432.67,0.208
2025-04-23 07:00:00,F1_R4,14,1,1.11,7,23,4,15.14,43.52,455.57,0.228
2025-04-23 08:00:00,F1_R4,14,1,1.11,8,23,4,16.16,46.31,508.57,0.286
2025-04-23 09:00:00,F1_R4,14,1,1.11,9,23,4,17.68,50.23,601.33,0.415
2025-04-23 10:00:00,F1_R4,14,1,1.11,10,23,4,18.68,52.83,688.99,0.525
2025-04-23 11:00:00,F1_R4,14,1,1.11,11,23,4,20.87,55.33,742.29,0.584
2025-04-23 12:00:00,F1_R4,14,1,1.11,12,23,4,22.66,57.31,767.42,0.617
2025-04-23 13:00:00,F1_R4,14,1,1.11,13,23,4,23.05,56.79,762.35,0.578
2025-04-23 14:00:00,F1_R4,14,1,1.11,14,23,4,23.07,56.32,757.97,0.578
2025-04-23 15:00:00,F1_R4,14,1,1.11,15,23,4,22.96,55.28,741.86,0.582
2025-04-23 16:00:00,F1_R4,14,1,1.11,16,23,4,21.52,52.55,686.92,0.516
2025-04-23 17:00:00,F1_R4,14,1,1.11,17,23,4,20.07,50.11,600.76,0.413
2025-04-23 18:00:00,F1_R4,14,1,1.11,18,23,4,19.29,46.09,508.03,0.284
2025-04-23 19:00:00,F1_R4,14,1,1.11,19,23,4,17.41,42.43,454.51,0.225
2025-04-23 20:00:00,F1_R4,14,1,1.11,20,23,4,15.83,40.7,432.65,0.208
2025-04-23 21:00:00,F1_R4,14,1,1.11,21,23,4,14.88,37.08,424.17,0.202
2025-04-23 22:00:00,F1_R4,14,1,1.11,22,23,4,14.0,34.95,421.39,0.201
2025-04-23 23:00:00,F1_R4,14,1,1.11,23,23,4,13.82,32.42,420.45,0.2
2025-04-24 00:00:00,F1_R4,14,1,1.11,0,24,4,12.82,30.5,420.02,0.2
2025-04-24 01:00:00,F1_R4,14,1,1.11,1,24,4,13.31,30.81,420.05,0.2
2025-04-24 02:00:00,F1_R4,14,1,1.11,2,24,4,13.18,32.14,420.15,0.2
2025-04-24 03:00:00,F1_R4,14,1,1.11,3,24,4,13.02,33.9,420.47,0.2
2025-04-24 04:00:00,F1_R4,14,1,1.11,4,24,4,13.11,34.8,421.38,0.201
2025-04-24 05:00:00,F1_R4,14,1,1.11,5,24,4,13.73,37.08,424.17,0.202
2025-04-24 06:00:00,F1_R4,14,1,1.11,6,24,4,14.17,40.76,432.67,0.208
2025-04-24 07:00:00,F1_R4,14,1,1.11,7,24,4,15.14,43.52,455.57,0.228
2025-04-24 08:00:00,F1_R4,14,1,1.11,8,24,4,16.16,46.31,508.57,0.286
2025-04-24 09:00:00,F1_R4,14,1,1.11,9,24,4,17.68,50.23,601.33,0.415
2025-04-24 10:00:00,F1_R4,14,1,1.11,10,24,4,18.68,52.83,688.99,0.525
2025-04-24 11:00:00,F1_R4,14,1,1.11,11,24,4,20.87,55.33,742.29,0.584
2025-04-24 12:00:00,F1_R4,14,1,1.11,12,24,4,22.66,57.31,767.42,0.617
2025-04-24 13:00:00,F1_R4,14,1,1.11,13,24,4,23.05,56.79,762.35,0.578
2025-04-24 14:00:00,F1_R4,14,1,1.11,14,24,4,23.07,56.32,757.97,0.578
2025-04-24 15:00:00,F1_R4,14,1,1.11,15,24,4,22.96,55.28,741.86,0.582
2025-04-24 16:00:00,F1_R4,14,1,1.11,16,24,4,21.52,52.55,686.92,0.516
2025-04-24 17:00:00,F1_R4,14,1,1.11,17,24,4,20.07,50.11,600.76,0.413
2025-04-24 18:00:00,F1_R4,14,1,1.11,18,24,4,19.29,46.09,508.03,0.284
2025-04-24 19:00:00,F1_R4,14,1,1.11,19,24,4,17.41,42.43,454.51,0.225
2025-04-24 20:00:00,F1_R4,14,1,1.11,20,24,4,15.83,40.7,432.65,0.208
2025-04-24 21:00:00,F1_R4,14,1,1.11,21,24,4,14.88,37.08,424.17,0.202
2025-04-24 22:00:00,F1_R4,14,1,1.11,22,24,4,14.0,34.95,421.39,0.201
2025-04-24 23:00:00,F1_R4,14,1,1.11,23,24,4,13.82,32.42,420.45,0.2
2025-04-25 00:00:00,F1_R4,14,1,1.11,0,25,4,12.82,30.5,420.02,0.2
2025-04-25 01:00:00,F1_R4,14,1,1.11,1,25,4,13.31,30.81,420.05,0.2
2025-04-25 02:00:00,F1_R4,14,1,1.11,2,25,4,13.18,32.14,420.15,0.2
2025-04-25 03:00:00,F1_R4,14,1,1.11,3,25,4,13.02,33.9,420.47,0.2
2025-04-25 04:00:00,F1_R4,14,1,1.11,4,25,4,13.11,34.8,421.38,0.201
2025-04-25 05:00:00,F1_R4,14,1,1.11,5,25,4,13.73,37.08,424.17,0.202
2025-04-25 06:00:00,F1_R4,14,1,1.11,6,25,4,14.17,40.76,432.67,0.208
2025-04-25 07:00:00,F1_R4,14,1,1.11,7,25,4,15.14,43.52,455.57,0.228
2025-04-25 08:00:00,F1_R4,14,1,1.11,8,25,4,16.16,46.31,508.57,0.286
2025-04-25 09:00:00,F1_R4,14,1,1.11,9,25,4,17.68,50.23,601.33,0.415
2025-04-25 10:00:00,F1_R4,14,1,1.11,10,25,4,18.68,52.83,688.99,0.525
2025-04-25 11:00:00,F1_R4,14,1,1.11,11,25,4,20.87,55.33,742.29,0.584
2025-04-25 12:00:00,F1_R4,14,1,1.11,12,25,4,22.66,57.31,767.42,0.617
2025-04-25 13:00:00,F1_R4,14,1,1.11,13,25,4,23.05,56.79,762.35,0.578
2025-04-25 14:00:00,F1_R4,14,1,1.11,14,25,4,23.07,56.32,757.97,0.578
2025-04-25 15:00:00,F1_R4,14,1,1.11,15,25,4,22.96,55.28,741.86,0.582
2025-04-25 16:00:00,F1_R4,14,1,1.11,16,25,4,21.52,52.55,686.92,0.516
2025-04-25 17:00:00,F1_R4,14,1,1.11,17,25,4,20.07,50.11,600.76,0.413
2025-04-25 18:00:00,F1_R4,14,1,1.11,18,25,4,19.29,46.09,508.03,0.284
2025-04-25 19:00:00,F1_R4,14,1,1.11,19,25,4,17.41,42.43,454.51,0.225
2025-04-25 20:00:00,F1_R4,14,1,1.11,20,25,4,15.83,40.7,432.65,0.208
2025-04-25 21:00:00,F1_R4,14,1,1.11,21,25,4,14.88,37.08,424.17,0.202
2025-04-25 22:00:00,F1_R4,14,1,1.11,22,25,4,14.0,34.95,421.39,0.201
2025-04-25 23:00:00,F1_R4,14,1,1.11,23,25,4,13.82,32.42,420.45,0.2
2025-04-26 00:00:00,F1_R4,14,1,1.11,0,26,4,12.82,30.5,420.02,0.2
2025-04-26 01:00:00,F1_R4,14,1,1.11,1,26,4,13.31,30.81,420.05,0.2
2025-04-26 02:00:00,F1_R4,14,1,1.11,2,26,4,13.18,32.14,420.15,0.2
2025-04-26 03:00:00,F1_R4,14,1,1.11,3,26,4,13.02,33.9,420.47,0.2
2025-04-26 04:00:00,F1_R4,14,1,1.11,4,26,4,13.11,34.8,421.38,0.201
2025-04-26 05:00:00,F1_R4,14,1,1.11,5,26,4,13.73,37.08,424.17,0.202
2025-04-26 06:00:00,F1_R4,14,1,1.11,6,26,4,14.17,40.76,432.67,0.208
2025-04-26 07:00:00,F1_R4,14,1,1.11,7,26,4,15.14,43.52,455.57,0.228
2025-04-26 08:00:00,F1_R4,14,1,1.11,8,26,4,16.16,46.31,508.57,0.286
2025-04-26 09:00:00,F1_R4,14,1,1.11,9,26,4,17.68,50.23,601.33,0.415
2025-04-26 10:00:00,F1_R4,14,1,1.11,10,26,4,18.68,52.83,688.99,0.525
2025-04-26 11:00:00,F1_R4,14,1,1.11,11,26,4,20.87,55.33,742.29,0.584
2025-04-26 12:00:00,F1_R4,14,1,1.11,12,26,4,22.66,57.31,767.42,0.617
2025-04-26 13:00:00,F1_R4,14,1,1.11,13,26,4,23.05,56.79,762.35,0.578
2025-04-26 14:00:00,F1_R4,14,1,1.11,14,26,4,23.07,56.32,757.97,0.578
2025-04-26 15:00:00,F1_R4,14,1,1.11,15,26,4,22.96,55.28,741.86,0.582
2025-04-26 16:00:00,F1_R4,14,1,1.11,16,26,4,21.52,52.55,686.92,0.516
2025-04-26 17:00:00,F1_R4,14,1,1.11,17,26,4,20.07,50.11,600.76,0.413
2025-04-26 18:00:00,F1_R4,14,1,1.11,18,26,4,19.29,46.09,508.03,0.284
2025-04-26 19:00:00,F1_R4,14,1,1.11,19,26,4,17.41,42.43,454.51,0.225
2025-04-26 20:00:00,F1_R4,14,1,1.11,20,26,4,15.83,40.7,432.65,0.208
2025-04-26 21:00:00,F1_R4,14,1,1.11,21,26,4,14.88,37.08,424.17,0.202
2025-04-26 22:00:00,F1_R4,14,1,1.11,22,26,4,14.0,34.95,421.39,0.201
2025-04-26 23:00:00,F1_R4,14,1,1.11,23,26,4,13.82,32.42,420.45,0.2
2025-04-27 00:00:00,F1_R4,14,1,1.11,0,27,4,12.82,30.5,420.02,0.2
2025-04-27 01:00:00,F1_R4,14,1,1.11,1,27,4,13.31,30.81,420.05,0.2
2025-04-27 02:00:00,F1_R4,14,1,1.11,2,27,4,13.18,32.14,420.15,0.2
2025-04-27 03:00:00,F1_R4,14,1,1.11,3,27,4,13.02,33.9,420.47,0.2
2025-04-27 04:00:00,F1_R4,14,1,1.11,4,27,4,13.11,34.8,421.38,0.201
2025-04-27 05:00:00,F1_R4,14,1,1.11,5,27,4,13.73,37.08,424.17,0.202
2025-04-27 06:00:00,F1_R4,14,1,1.11,6,27,4,14.17,40.76,432.67,0.208
2025-04-27 07:00:00,F1_R4,14,1,1.11,7,27,4,15.14,43.52,455.57,0.228
2025-04-27 08:00:00,F1_R4,14,1,1.11,8,27,4,16.16,46.31,508.57,0.286
2025-04-27 09:00:00,F1_R4,14,1,1.11,9,27,4,17.68,50.23,601.33,0.415
2025-04-27 10:00:00,F1_R4,14,1,1.11,10,27,4,18.68,52.83,688.99,0.525
2025-04-27 11:00:00,F1_R4,14,1,1.11,11,27,4,20.87,55.33,742.29,0.584
2025-04-27 12:00:00,F1_R4,14,1,1.11,12,27,4,22.66,57.31,767.42,0.617
2025-04-27 13:00:00,F1_R4,14,1,1.11,13,27,4,23.05,56.79,762.35,0.578
2025-04-27 14:00:00,F1_R4,14,1,1.11,14,27,4,23.07,56.32,757.97,0.578
2025-04-27 15:00:00,F1_R4,14,1,1.11,15,27,4,22.96,55.28,741.86,0.582
2025-04-27 16:00:00,F1_R4,14,1,1.11,16,27,4,21.52,52.55,686.92,0.516
2025-04-27 17:00:00,F1_R4,14,1,1.11,17,27,4,20.07,50.11,600.76,0.413
2025-04-27 18:00:00,F1_R4,14,1,1.11,18,27,4,19.29,46.09,508.03,0.284
2025-04-27 19:00:00,F1_R4,14,1,1.11,19,27,4,17.41,42.43,454.51,0.225
2025-04-27 20:00:00,F1_R4,14,1,1.11,20,27,4,15.83,40.7,432.65,0.208
2025-04-27 21:00:00,F1_R4,14,1,1.11,21,27,4,14.88,37.08,424.17,0.202
2025-04-27 22:00:00,F1_R4,14,1,1.11,22,27,4,14.0,34.95,421.39,0.201
2025-04-27 23:00:00,F1_R4,14,1,1.11,23,27,4,13.82,32.42,420.45,0.2
2025-04-28 00:00:00,F1_R4,14,1,1.11,0,28,4,12.82,30.5,420.02,0.2
2025-04-28 01:00:00,F1_R4,14,1,1.11,1,28,4,13.31,30.81,420.05,0.2
2025-04-28 02:00:00,F1_R4,14,1,1.11,2,28,4,13.18,32.14,420.15,0.2
2025-04-28 03:00:00,F1_R4,14,1,1.11,3,28,4,13.02,33.9,420.47,0.2
2025-04-28 04:00:00,F1_R4,14,1,1.11,4,28,4,13.11,34.8,421.38,0.201
2025-04-28 05:00:00,F1_R4,14,1,1.11,5,28,4,13.73,37.08,424.17,0.205
2025-04-28 06:00:00,F1_R4,14,1,1.11,6,28,4,14.17,40.76,432.67,0.219
2025-04-28 07:00:00,F1_R4,14,1,1.11,7,28,4,15.14,43.52,455.57,0.267
2025-04-28 08:00:00,F1_R4,14,1,1.11,8,28,4,16.16,46.31,508.57,0.411
2025-04-28 09:00:00,F1_R4,14,1,1.11,9,28,4,17.68,50.23,601.33,0.715
2025-04-28 10:00:00,F1_R4,14,1,1.11,10,28,4,18.68,52.83,688.99,1.0
2025-04-28 11:00:00,F1_R4,14,1,1.11,11,28,4,20.87,55.33,742.29,1.145
2025-04-28 12:00:00,F1_R4,14,1,1.11,12,28,4,22.66,57.31,767.42,1.205
2025-04-28 13:00:00,F1_R4,14,1,1.11,13,28,4,23.05,56.79,762.35,1.172
2025-04-28 14:00:00,F1_R4,14,1,1.11,14,28,4,23.07,56.32,757.97,1.167
2025-04-28 15:00:00,F1_R4,14,1,1.11,15,28,4,22.96,55.28,741.86,1.143
2025-04-28 16:00:00,F1_R4,14,1,1.11,16,28,4,21.52,52.55,686.92,0.991
2025-04-28 17:00:00,F1_R4,14,1,1.11,17,28,4,20.07,50.11,600.76,0.713
2025-04-28 18:00:00,F1_R4,14,1,1.11,18,28,4,19.29,46.09,508.03,0.409
2025-04-28 19:00:00,F1_R4,14,1,1.11,19,28,4,17.41,42.43,454.51,0.264
2025-04-28 20:00:00,F1_R4,14,1,1.11,20,28,4,15.83,40.7,432.65,0.219
2025-04-28 21:00:00,F1_R4,14,1,1.11,21,28,4,14.88,37.08,424.17,0.205
2025-04-28 22:00:00,F1_R4,14,1,1.11,22,28,4,14.0,34.95,421.39,0.201
2025-04-28 23:00:00,F1_R4,14,1,1.11,23,28,4,13.82,32.42,420.45,0.2
2025-04-29 00:00:00,F1_R4,14,1,1.11,0,29,4,12.82,30.5,420.02,0.2
2025-04-29 01:00:00,F1_R4,14,1,1.11,1,29,4,13.31,30.81,420.05,0.2
2025-04-29 02:00:00,F1_R4,14,1,1.11,2,29,4,13.18,32.14,420.15,0.2
2025-04-29 03:00:00,F1_R4,14,1,1.11,3,29,4,13.02,33.9,420.47,0.2
2025-04-29 04:00:00,F1_R4,14,1,1.11,4,29,4,13.11,34.8,421.38,0.201
2025-04-29 05:00:00,F1_R4,14,1,1.11,5,29,4,13.73,37.08,424.17,0.205
2025-04-29 06:00:00,F1_R4,14,1,1.11,6,29,4,14.17,40.76,432.67,0.219
2025-04-29 07:00:00,F1_R4,14,1,1.11,7,29,4,15.14,43.52,455.57,0.267
2025-04-29 08:00:00,F1_R4,14,1,1.11,8,29,4,16.16,46.31,508.57,0.411
2025-04-29 09:00:00,F1_R4,14,1,1.11,9,29,4,17.68,50.23,601.33,0.715
2025-04-29 10:00:00,F1_R4,14,1,1.11,10,29,4,18.68,52.83,688.99,1.0
2025-04-29 11:00:00,F1_R4,14,1,1.11,11,29,4,20.87,55.33,742.29,1.145
2025-04-29 12:00:00,F1_R4,14,1,1.11,12,29,4,22.66,57.31,767.42,1.205
2025-04-29 13:00:00,F1_R4,14,1,1.11,13,29,4,23.05,56.79,762.35,1.172
2025-04-29 14:00:00,F1_R4,14,1,1.11,14,29,4,23.07,56.32,757.97,1.167
2025-04-29 15:00:00,F1_R4,14,1,1.11,15,29,4,22.96,55.28,741.86,1.143
2025-04-29 16:00:00,F1_R4,14,1,1.11,16,29,4,21.52,52.55,686.92,0.991
2025-04-29 17:00:00,F1_R4,14,1,1.11,17,29,4,20.07,50.11,600.76,0.713
2025-04-29 18:00:00,F1_R4,14,1,1.11,18,29,4,19.29,46.09,508.03,0.409
2025-04-29 19:00:00,F1_R4,14,1,1.11,19,29,4,17.41,42.43,454.51,0.264
2025-04-29 20:00:00,F1_R4,14,1,1.11,20,29,4,15.83,40.7,432.65,0.219
2025-04-29 21:00:00,F1_R4,14,1,1.11,21,29,4,14.88,37.08,424.17,0.205
2025-04-29 22:00:00,F1_R4,14,1,1.11,22,29,4,14.0,34.95,421.39,0.201
2025-04-29 23:00:00,F1_R4,14,1,1.11,23,29,4,13.82,32.42,420.45,0.2
2025-04-30 00:00:00,F1_R4,14,1,1.11,0,30,4,12.82,30.5,420.02,0.2
2025-04-30 01:00:00,F1_R4,14,1,1.11,1,30,4,13.31,30.81,420.05,0.2
2025-04-30 02:00:00,F1_R4,14,1,1.11,2,30,4,13.18,32.14,420.15,0.2
2025-04-30 03:00:00,F1_R4,14,1,1.11,3,30,4,13.02,33.9,420.47,0.2
2025-04-30 04:00:00,F1_R4,14,1,1.11,4,30,4,13.11,34.8,421.38,0.201
2025-04-30 05:00:00,F1_R4,14,1,1.11,5,30,4,13.73,37.08,424.17,0.202
2025-04-30 06:00:00,F1_R4,14,1,1.11,6,30,4,14.17,40.76,432.67,0.208
2025-04-30 07:00:00,F1_R4,14,1,1.11,7,30,4,15.14,43.52,455.57,0.228
2025-04-30 08:00:00,F1_R4,14,1,1.11,8,30,4,16.16,46.31,508.57,0.286
2025-04-30 09:00:00,F1_R4,14,1,1.11,9,30,4,17.68,50.23,601.33,0.415
2025-04-30 10:00:00,F1_R4,14,1,1.11,10,30,4,18.68,52.83,688.99,0.525
2025-04-30 11:00:00,F1_R4,14,1,1.11,11,30,4,20.87,55.33,742.29,0.584
2025-04-30 12:00:00,F1_R4,14,1,1.11,12,30,4,22.66,57.31,767.42,0.617
2025-04-30 13:00:00,F1_R4,14,1,1.11,13,30,4,23.05,56.79,762.35,0.578
2025-04-30 14:00:00,F1_R4,14,1,1.11,14,30,4,23.07,56.32,757.97,0.578
2025-04-30 15:00:00,F1_R4,14,1,1.11,15,30,4,22.96,55.28,741.86,0.582
2025-04-30 16:00:00,F1_R4,14,1,1.11,16,30,4,21.52,52.55,686.92,0.516
2025-04-30 17:00:00,F1_R4,14,1,1.11,17,30,4,20.07,50.11,600.76,0.413
2025-04-30 18:00:00,F1_R4,14,1,1.11,18,30,4,19.29,46.09,508.03,0.284
2025-04-30 19:00:00,F1_R4,14,1,1.11,19,30,4,17.41,42.43,454.51,0.225
2025-04-30 20:00:00,F1_R4,14,1,1.11,20,30,4,15.83,40.7,432.65,0.208
2025-04-30 21:00:00,F1_R4,14,1,1.11,21,30,4,14.88,37.08,424.17,0.202
2025-04-30 22:00:00,F1_R4,14,1,1.11,22,30,4,14.0,34.95,421.39,0.201
2025-04-30 23:00:00,F1_R4,14,1,1.11,23,30,4,13.82,32.42,420.45,0.2
2025-05-01 00:00:00,F1_R4,14,1,1.11,0,1,5,12.82,30.5,420.02,0.2
2025-05-01 01:00:00,F1_R4,14,1,1.11,1,1,5,13.31,30.81,420.05,0.2
2025-05-01 02:00:00,F1_R4,14,1,1.11,2,1,5,13.18,32.14,420.15,0.2
2025-05-01 03:00:00,F1_R4,14,1,1.11,3,1,5,13.02,33.9,420.47,0.2
2025-05-01 04:00:00,F1_R4,14,1,1.11,4,1,5,13.11,34.8,421.38,0.201
2025-05-01 05:00:00,F1_R4,14,1,1.11,5,1,5,13.73,37.08,424.17,0.202
2025-05-01 06:00:00,F1_R4,14,1,1.11,6,1,5,14.17,40.76,432.67,0.208
2025-05-01 07:00:00,F1_R4,14,1,1.11,7,1,5,15.14,43.52,455.57,0.228
2025-05-01 08:00:00,F1_R4,14,1,1.11,8,1,5,16.16,46.31,508.57,0.286
2025-05-01 09:00:00,F1_R4,14,1,1.11,9,1,5,17.68,50.23,601.33,0.415
2025-05-01 10:00:00,F1_R4,14,1,1.11,10,1,5,18.68,52.83,688.99,0.525
2025-05-01 11:00:00,F1_R4,14,1,1.11,11,1,5,20.87,55.33,742.29,0.584
2025-05-01 12:00:00,F1_R4,14,1,1.11,12,1,5,22.66,57.31,767.42,0.617
2025-05-01 13:00:00,F1_R4,14,1,1.11,13,1,5,23.05,56.79,762.35,0.578
2025-05-01 14:00:00,F1_R4,14,1,1.11,14,1,5,23.07,56.32,757.97,0.578
2025-05-01 15:00:00,F1_R4,14,1,1.11,15,1,5,22.96,55.28,741.86,0.582
2025-05-01 16:00:00,F1_R4,14,1,1.11,16,1,5,21.52,52.55,686.92,0.516
2025-05-01 17:00:00,F1_R4,14,1,1.11,17,1,5,20.07,50.11,600.76,0.413
2025-05-01 18:00:00,F1_R4,14,1,1.11,18,1,5,19.29,46.09,508.03,0.284
2025-05-01 19:00:00,F1_R4,14,1,1.11,19,1,5,17.41,42.43,454.51,0.225
2025-05-01 20:00:00,F1_R4,14,1,1.11,20,1,5,15.83,40.7,432.65,0.208
2025-05-01 21:00:00,F1_R4,14,1,1.11,21,1,5,14.88,37.08,424.17,0.202
2025-05-01 22:00:00,F1_R4,14,1,1.11,22,1,5,14.0,34.95,421.39,0.201
2025-05-01 23:00:00,F1_R4,14,1,1.11,23,1,5,13.82,32.42,420.45,0.2
2025-05-02 00:00:00,F1_R4,14,1,1.11,0,2,5,12.82,30.5,420.02,0.2
2025-05-02 01:00:00,F1_R4,14,1,1.11,1,2,5,13.31,30.81,420.05,0.2
2025-05-02 02:00:00,F1_R4,14,1,1.11,2,2,5,13.18,32.14,420.15,0.2
2025-05-02 03:00:00,F1_R4,14,1,1.11,3,2,5,13.02,33.9,420.47,0.2
2025-05-02 04:00:00,F1_R4,14,1,1.11,4,2,5,13.11,34.8,421.38,0.201
2025-05-02 05:00:00,F1_R4,14,1,1.11,5,2,5,13.73,37.08,424.17,0.202
2025-05-02 06:00:00,F1_R4,14,1,1.11,6,2,5,14.17,40.76,432.67,0.208
2025-05-02 07:00:00,F1_R4,14,1,1.11,7,2,5,15.14,43.52,455.57,0.228
2025-05-02 08:00:00,F1_R4,14,1,1.11,8,2,5,16.16,46.31,508.57,0.286
2025-05-02 09:00:00,F1_R4,14,1,1.11,9,2,5,17.68,50.23,601.33,0.415
2025-05-02 10:00:00,F1_R4,14,1,1.11,10,2,5,18.68,52.83,688.99,0.525
2025-05-02 11:00:00,F1_R4,14,1,1.11,11,2,5,20.87,55.33,742.29,0.584
2025-05-02 12:00:00,F1_R4,14,1,1.11,12,2,5,22.66,57.31,767.42,0.617
2025-05-02 13:00:00,F1_R4,14,1,1.11,13,2,5,23.05,56.79,762.35,0.578
2025-05-02 14:00:00,F1_R4,14,1,1.11,14,2,5,23.07,56.32,757.97,0.578
2025-05-02 15:00:00,F1_R4,14,1,1.11,15,2,5,22.96,55.28,741.86,0.582
2025-05-02 16:00:00,F1_R4,14,1,1.11,16,2,5,21.52,52.55,686.92,0.516
2025-05-02 17:00:00,F1_R4,14,1,1.11,17,2,5,20.07,50.11,600.76,0.413
2025-05-02 18:00:00,F1_R4,14,1,1.11,18,2,5,19.29,46.09,508.03,0.284
2025-05-02 19:00:00,F1_R4,14,1,1.11,19,2,5,17.41,42.43,454.51,0.225
2025-05-02 20:00:00,F1_R4,14,1,1.11,20,2,5,15.83,40.7,432.65,0.208
2025-05-02 21:00:00,F1_R4,14,1,1.11,21,2,5,14.88,37.08,424.17,0.202
2025-05-02 22:00:00,F1_R4,14,1,1.11,22,2,5,14.0,34.95,421.39,0.201
2025-05-02 23:00:00,F1_R4,14,1,1.11,23,2,5,13.82,32.42,420.45,0.2
2025-05-03 00:00:00,F1_R4,14,1,1.11,0,3,5,12.82,30.5,420.02,0.2
2025-05-03 01:00:00,F1_R4,14,1,1.11,1,3,5,13.31,30.81,420.05,0.2
2025-05-03 02:00:00,F1_R4,14,1,1.11,2,3,5,13.18,32.14,420.15,0.2
2025-05-03 03:00:00,F1_R4,14,1,1.11,3,3,5,13.02,33.9,420.47,0.2
2025-05-03 04:00:00,F1_R4,14,1,1.11,4,3,5,13.11,34.8,421.38,0.201
2025-05-03 05:00:00,F1_R4,14,1,1.11,5,3,5,13.73,37.08,424.17,0.202
2025-05-03 06:00:00,F1_R4,14,1,1.11,6,3,5,14.17,40.76,432.67,0.208
2025-05-03 07:00:00,F1_R4,14,1,1.11,7,3,5,15.14,43.52,455.57,0.228
2025-05-03 08:00:00,F1_R4,14,1,1.11,8,3,5,16.16,46.31,508.57,0.286
2025-05-03 09:00:00,F1_R4,14,1,1.11,9,3,5,17.68,50.23,601.33,0.415
2025-05-03 10:00:00,F1_R4,14,1,1.11,10,3,5,18.68,52.83,688.99,0.525
2025-05-03 11:00:00,F1_R4,14,1,1.11,11,3,5,20.87,55.33,742.29,0.584
2025-05-03 12:00:00,F1_R4,14,1,1.11,12,3,5,22.66,57.31,767.42,0.617
2025-05-03 13:00:00,F1_R4,14,1,1.11,13,3,5,23.05,56.79,762.35,0.578
2025-05-03 14:00:00,F1_R4,14,1,1.11,14,3,5,23.07,56.32,757.97,0.578
2025-05-03 15:00:00,F1_R4,14,1,1.11,15,3,5,22.96,55.28,741.86,0.582
2025-05-03 16:00:00,F1_R4,14,1,1.11,16,3,5,21.52,52.55,686.92,0.516
2025-05-03 17:00:00,F1_R4,14,1,1.11,17,3,5,20.07,50.11,600.76,0.413
2025-05-03 18:00:00,F1_R4,14,1,1.11,18,3,5,19.29,46.09,508.03,0.284
2025-05-03 19:00:00,F1_R4,14,1,1.11,19,3,5,17.41,42.43,454.51,0.225
2025-05-03 20:00:00,F1_R4,14,1,1.11,20,3,5,15.83,40.7,432.65,0.208
2025-05-03 21:00:00,F1_R4,14,1,1.11,21,3,5,14.88,37.08,424.17,0.202
2025-05-03 22:00:00,F1_R4,14,1,1.11,22,3,5,14.0,34.95,421.39,0.201
2025-05-03 23:00:00,F1_R4,14,1,1.11,23,3,5,13.82,32.42,420.45,0.2
2025-05-04 00:00:00,F1_R4,14,1,1.11,0,4,5,12.82,30.5,420.02,0.2
2025-05-04 01:00:00,F1_R4,14,1,1.11,1,4,5,13.31,30.81,420.05,0.2
2025-05-04 02:00:00,F1_R4,14,1,1.11,2,4,5,13.18,32.14,420.15,0.2
2025-05-04 03:00:00,F1_R4,14,1,1.11,3,4,5,13.02,33.9,420.47,0.2
2025-05-04 04:00:00,F1_R4,14,1,1.11,4,4,5,13.11,34.8,421.38,0.201
2025-05-04 05:00:00,F1_R4,14,1,1.11,5,4,5,13.73,37.08,424.17,0.202
2025-05-04 06:00:00,F1_R4,14,1,1.11,6,4,5,14.17,40.76,432.67,0.208
2025-05-04 07:00:00,F1_R4,14,1,1.11,7,4,5,15.14,43.52,455.57,0.228
2025-05-04 08:00:00,F1_R4,14,1,1.11,8,4,5,16.16,46.31,508.57,0.286
2025-05-04 09:00:00,F1_R4,14,1,1.11,9,4,5,17.68,50.23,601.33,0.415
2025-05-04 10:00:00,F1_R4,14,1,1.11,10,4,5,18.68,52.83,688.99,0.525
2025-05-04 11:00:00,F1_R4,14,1,1.11,11,4,5,20.87,55.33,742.29,0.584
2025-05-04 12:00:00,F1_R4,14,1,1.11,12,4,5,22.66,57.31,767.42,0.617
2025-05-04 13:00:00,F1_R4,14,1,1.11,13,4,5,23.05,56.79,762.35,0.578
2025-05-04 14:00:00,F1_R4,14,1,1.11,14,4,5,23.07,56.32,757.97,0.578
2025-05-04 15:00:00,F1_R4,14,1,1.11,15,4,5,22.96,55.28,741.86,0.582
2025-05-04 16:00:00,F1_R4,14,1,1.11,16,4,5,21.52,52.55,686.92,0.516
2025-05-04 17:00:00,F1_R4,14,1,1.11,17,4,5,20.07,50.11,600.76,0.413
2025-05-04 18:00:00,F1_R4,14,1,1.11,18,4,5,19.29,46.09,508.03,0.284
2025-05-04 19:00:00,F1_R4,14,1,1.11,19,4,5,17.41,42.43,454.51,0.225
2025-05-04 20:00:00,F1_R4,14,1,1.11,20,4,5,15.83,40.7,432.65,0.208
2025-05-04 21:00:00,F1_R4,14,1,1.11,21,4,5,14.88,37.08,424.17,0.202
2025-05-04 22:00:00,F1_R4,14,1,1.11,22,4,5,14.0,34.95,421.39,0.201
2025-05-04 23:00:00,F1_R4,14,1,1.11,23,4,5,13.82,32.42,420.45,0.2
2025-05-05 00:00:00,F1_R4,14,1,1.11,0,5,5,12.82,30.5,420.02,0.2
2025-05-05 01:00:00,F1_R4,14,1,1.11,1,5,5,13.31,30.81,420.05,0.2
2025-05-05 02:00:00,F1_R4,14,1,1.11,2,5,5,13.18,32.14,420.15,0.2
2025-05-05 03:00:00,F1_R4,14,1,1.11,3,5,5,13.02,33.9,420.47,0.2
2025-05-05 04:00:00,F1_R4,14,1,1.11,4,5,5,13.11,34.8,421.38,0.201
2025-05-05 05:00:00,F1_R4,14,1,1.11,5,5,5,13.73,37.08,424.17,0.205
2025-05-05 06:00:00,F1_R4,14,1,1.11,6,5,5,14.17,40.76,432.67,0.219
2025-05-05 07:00:00,F1_R4,14,1,1.11,7,5,5,15.14,43.52,455.57,0.267
2025-05-05 08:00:00,F1_R4,14,1,1.11,8,5,5,16.16,46.31,508.57,0.411
2025-05-05 09:00:00,F1_R4,14,1,1.11,9,5,5,17.68,50.23,601.33,0.715
2025-05-05 10:00:00,F1_R4,14,1,1.11,10,5,5,18.68,52.83,688.99,1.0
2025-05-05 11:00:00,F1_R4,14,1,1.11,11,5,5,20.87,55.33,742.29,1.145
2025-05-05 12:00:00,F1_R4,14,1,1.11,12,5,5,22.66,57.31,767.42,1.205
2025-05-05 13:00:00,F1_R4,14,1,1.11,13,5,5,23.05,56.79,762.35,1.172
2025-05-05 14:00:00,F1_R4,14,1,1.11,14,5,5,23.07,56.32,757.97,1.167
2025-05-05 15:00:00,F1_R4,14,1,1.11,15,5,5,22.96,55.28,741.86,1.143
2025-05-05 16:00:00,F1_R4,14,1,1.11,16,5,5,21.52,52.55,686.92,0.991
2025-05-05 17:00:00,F1_R4,14,1,1.11,17,5,5,20.07,50.11,600.76,0.713
2025-05-05 18:00:00,F1_R4,14,1,1.11,18,5,5,19.29,46.09,508.03,0.409
2025-05-05 19:00:00,F1_R4,14,1,1.11,19,5,5,17.41,42.43,454.51,0.264
2025-05-05 20:00:00,F1_R4,14,1,1.11,20,5,5,15.83,40.7,432.65,0.219
2025-05-05 21:00:00,F1_R4,14,1,1.11,21,5,5,14.88,37.08,424.17,0.205
2025-05-05 22:00:00,F1_R4,14,1,1.11,22,5,5,14.0,34.95,421.39,0.201
2025-05-05 23:00:00,F1_R4,14,1,1.11,23,5,5,13.82,32.42,420.45,0.2
2025-05-06 00:00:00,F1_R4,14,1,1.11,0,6,5,12.82,30.5,420.02,0.2
2025-05-06 01:00:00,F1_R4,14,1,1.11,1,6,5,13.31,30.81,420.05,0.2
2025-05-06 02:00:00,F1_R4,14,1,1.11,2,6,5,13.18,32.14,420.15,0.2
2025-05-06 03:00:00,F1_R4,14,1,1.11,3,6,5,13.02,33.9,420.47,0.2
2025-05-06 04:00:00,F1_R4,14,1,1.11,4,6,5,13.11,34.8,421.38,0.201
2025-05-06 05:00:00,F1_R4,14,1,1.11,5,6,5,13.73,37.08,424.17,0.205
2025-05-06 06:00:00,F1_R4,14,1,1.11,6,6,5,14.17,40.76,432.67,0.219
2025-05-06 07:00:00,F1_R4,14,1,1.11,7,6,5,15.14,43.52,455.57,0.267
2025-05-06 08:00:00,F1_R4,14,1,1.11,8,6,5,16.16,46.31,508.57,0.411
2025-05-06 09:00:00,F1_R4,14,1,1.11,9,6,5,17.68,50.23,601.33,0.715
2025-05-06 10:00:00,F1_R4,14,1,1.11,10,6,5,18.68,52.83,688.99,1.0
2025-05-06 11:00:00,F1_R4,14,1,1.11,11,6,5,20.87,55.33,742.29,1.145
2025-05-06 12:00:00,F1_R4,14,1,1.11,12,6,5,22.66,57.31,767.42,1.205
2025-05-06 13:00:00,F1_R4,14,1,1.11,13,6,5,23.05,56.79,762.35,1.172
2025-05-06 14:00:00,F1_R4,14,1,1.11,14,6,5,23.07,56.32,757.97,1.167
2025-05-06 15:00:00,F1_R4,14,1,1.11,15,6,5,22.96,55.28,741.86,1.143
2025-05-06 16:00:00,F1_R4,14,1,1.11,16,6,5,21.52,52.55,686.92,0.991
2025-05-06 17:00:00,F1_R4,14,1,1.11,17,6,5,20.07,50.11,600.76,0.713
2025-05-06 18:00:00,F1_R4,14,1,1.11,18,6,5,19.29,46.09,508.03,0.409
2025-05-06 19:00:00,F1_R4,14,1,1.11,19,6,5,17.41,42.43,454.51,0.264
2025-05-06 20:00:00,F1_R4,14,1,1.11,20,6,5,15.83,40.7,432.65,0.219
2025-05-06 21:00:00,F1_R4,14,1,1.11,21,6,5,14.88,37.08,424.17,0.205
2025-05-06 22:00:00,F1_R4,14,1,1.11,22,6,5,14.0,34.95,421.39,0.201
2025-05-06 23:00:00,F1_R4,14,1,1.11,23,6,5,13.82,32.42,420.45,0.2
2025-05-07 00:00:00,F1_R4,14,1,1.11,0,7,5,12.82,30.5,420.02,0.2
2025-05-07 01:00:00,F1_R4,14,1,1.11,1,7,5,13.31,30.81,420.05,0.2
2025-05-07 02:00:00,F1_R4,14,1,1.11,2,7,5,13.18,32.14,420.15,0.2
2025-05-07 03:00:00,F1_R4,14,1,1.11,3,7,5,13.02,33.9,420.47,0.2
2025-05-07 04:00:00,F1_R4,14,1,1.11,4,7,5,13.11,34.8,421.38,0.201
2025-05-07 05:00:00,F1_R4,14,1,1.11,5,7,5,13.73,37.08,424.17,0.202
2025-05-07 06:00:00,F1_R4,14,1,1.11,6,7,5,14.17,40.76,432.67,0.208
2025-05-07 07:00:00,F1_R4,14,1,1.11,7,7,5,15.14,43.52,455.57,0.228
2025-05-07 08:00:00,F1_R4,14,1,1.11,8,7,5,16.16,46.31,508.57,0.286
2025-05-07 09:00:00,F1_R4,14,1,1.11,9,7,5,17.68,50.23,601.33,0.415
2025-05-07 10:00:00,F1_R4,14,1,1.11,10,7,5,18.68,52.83,688.99,0.525
2025-05-07 11:00:00,F1_R4,14,1,1.11,11,7,5,20.87,55.33,742.29,0.584
2025-05-07 12:00:00,F1_R4,14,1,1.11,12,7,5,22.66,57.31,767.42,0.617
2025-05-07 13:00:00,F1_R4,14,1,1.11,13,7,5,23.05,56.79,762.35,0.578
2025-05-07 14:00:00,F1_R4,14,1,1.11,14,7,5,23.07,56.32,757.97,0.578
2025-05-07 15:00:00,F1_R4,14,1,1.11,15,7,5,22.96,55.28,741.86,0.582
2025-05-07 16:00:00,F1_R4,14,1,1.11,16,7,5,21.52,52.55,686.92,0.516
2025-05-07 17:00:00,F1_R4,14,1,1.11,17,7,5,20.07,50.11,600.76,0.413
2025-05-07 18:00:00,F1_R4,14,1,1.11,18,7,5,19.29,46.09,508.03,0.284
2025-05-07 19:00:00,F1_R4,14,1,1.11,19,7,5,17.41,42.43,454.51,0.225
2025-05-07 20:00:00,F1_R4,14,1,1.11,20,7,5,15.83,40.7,432.65,0.208
2025-05-07 21:00:00,F1_R4,14,1,1.11,21,7,5,14.88,37.08,424.17,0.202
2025-05-07 22:00:00,F1_R4,14,1,1.11,22,7,5,14.0,34.95,421.39,0.201
2025-05-07 23:00:00,F1_R4,14,1,1.11,23,7,5,13.82,32.42,420.45,0.2
2025-05-08 00:00:00,F1_R4,14,1,1.11,0,8,5,12.82,30.5,420.02,0.2
2025-05-08 01:00:00,F1_R4,14,1,1.11,1,8,5,13.31,30.81,420.05,0.2
2025-05-08 02:00:00,F1_R4,14,1,1.11,2,8,5,13.18,32.14,420.15,0.2
2025-05-08 03:00:00,F1_R4,14,1,1.11,3,8,5,13.02,33.9,420.47,0.2
2025-05-08 04:00:00,F1_R4,14,1,1.11,4,8,5,13.11,34.8,421.38,0.201
2025-05-08 05:00:00,F1_R4,14,1,1.11,5,8,5,13.73,37.08,424.17,0.202
2025-05-08 06:00:00,F1_R4,14,1,1.11,6,8,5,14.17,40.76,432.67,0.208
2025-05-08 07:00:00,F1_R4,14,1,1.11,7,8,5,15.14,43.52,455.57,0.228
2025-05-08 08:00:00,F1_R4,14,1,1.11,8,8,5,16.16,46.31,508.57,0.286
2025-05-08 09:00:00,F1_R4,14,1,1.11,9,8,5,17.68,50.23,601.33,0.415
2025-05-08 10:00:00,F1_R4,14,1,1.11,10,8,5,18.68,52.83,688.99,0.525
2025-05-08 11:00:00,F1_R4,14,1,1.11,11,8,5,20.87,55.33,742.29,0.584
2025-05-08 12:00:00,F1_R4,14,1,1.11,12,8,5,22.66,57.31,767.42,0.617
2025-05-08 13:00:00,F1_R4,14,1,1.11,13,8,5,23.05,56.79,762.35,0.578
2025-05-08 14:00:00,F1_R4,14,1,1.11,14,8,5,23.07,56.32,757.97,0.578
2025-05-08 15:00:00,F1_R4,14,1,1.11,15,8,5,22.96,55.28,741.86,0.582
2025-05-08 16:00:00,F1_R4,14,1,1.11,16,8,5,21.52,52.55,686.92,0.516
2025-05-08 17:00:00,F1_R4,14,1,1.11,17,8,5,20.07,50.11,600.76,0.413
2025-05-08 18:00:00,F1_R4,14,1,1.11,18,8,5,19.29,46.09,508.03,0.284
2025-05-08 19:00:00,F1_R4,14,1,1.11,19,8,5,17.41,42.43,454.51,0.225
2025-05-08 20:00:00,F1_R4,14,1,1.11,20,8,5,15.83,40.7,432.65,0.208
2025-05-08 21:00:00,F1_R4,14,1,1.11,21,8,5,14.88,37.08,424.17,0.202
2025-05-08 22:00:00,F1_R4,14,1,1.11,22,8,5,14.0,34.95,421.39,0.201
2025-05-08 23:00:00,F1_R4,14,1,1.11,23,8,5,13.82,32.42,420.45,0.2
2025-05-09 00:00:00,F1_R4,14,1,1.11,0,9,5,12.82,30.5,420.02,0.2
2025-05-09 01:00:00,F1_R4,14,1,1.11,1,9,5,13.31,30.81,420.05,0.2
2025-05-09 02:00:00,F1_R4,14,1,1.11,2,9,5,13.18,32.14,420.15,0.2
2025-05-09 03:00:00,F1_R4,14,1,1.11,3,9,5,13.02,33.9,420.47,0.2
2025-05-09 04:00:00,F1_R4,14,1,1.11,4,9,5,13.11,34.8,421.38,0.201
2025-05-09 05:00:00,F1_R4,14,1,1.11,5,9,5,13.73,37.08,424.17,0.202
2025-05-09 06:00:00,F1_R4,14,1,1.11,6,9,5,14.17,40.76,432.67,0.208
2025-05-09 07:00:00,F1_R4,14,1,1.11,7,9,5,15.14,43.52,455.57,0.228
2025-05-09 08:00:00,F1_R4,14,1,1.11,8,9,5,16.16,46.31,508.57,0.286
2025-05-09 09:00:00,F1_R4,14,1,1.11,9,9,5,17.68,50.23,601.33,0.415
2025-05-09 10:00:00,F1_R4,14,1,1.11,10,9,5,18.68,52.83,688.99,0.525
2025-05-09 11:00:00,F1_R4,14,1,1.11,11,9,5,20.87,55.33,742.29,0.584
2025-05-09 12:00:00,F1_R4,14,1,1.11,12,9,5,22.66,57.31,767.42,0.617
2025-05-09 13:00:00,F1_R4,14,1,1.11,13,9,5,23.05,56.79,762.35,0.578
2025-05-09 14:00:00,F1_R4,14,1,1.11,14,9,5,23.07,56.32,757.97,0.578
2025-05-09 15:00:00,F1_R4,14,1,1.11,15,9,5,22.96,55.28,741.86,0.582
2025-05-09 16:00:00,F1_R4,14,1,1.11,16,9,5,21.52,52.55,686.92,0.516
2025-05-09 17:00:00,F1_R4,14,1,1.11,17,9,5,20.07,50.11,600.76,0.413
2025-05-09 18:00:00,F1_R4,14,1,1.11,18,9,5,19.29,46.09,508.03,0.284
2025-05-09 19:00:00,F1_R4,14,1,1.11,19,9,5,17.41,42.43,454.51,0.225
2025-05-09 20:00:00,F1_R4,14,1,1.11,20,9,5,15.83,40.7,432.65,0.208
2025-05-09 21:00:00,F1_R4,14,1,1.11,21,9,5,14.88,37.08,424.17,0.202
2025-05-09 22:00:00,F1_R4,14,1,1.11,22,9,5,14.0,34.95,421.39,0.201
2025-05-09 23:00:00,F1_R4,14,1,1.11,23,9,5,13.82,32.42,420.45,0.2
2025-05-10 00:00:00,F1_R4,14,1,1.11,0,10,5,12.82,30.5,420.02,0.2
2025-05-10 01:00:00,F1_R4,14,1,1.11,1,10,5,13.31,30.81,420.05,0.2
2025-05-10 02:00:00,F1_R4,14,1,1.11,2,10,5,13.18,32.14,420.15,0.2
2025-05-10 03:00:00,F1_R4,14,1,1.11,3,10,5,13.02,33.9,420.47,0.2
2025-05-10 04:00:00,F1_R4,14,1,1.11,4,10,5,13.11,34.8,421.38,0.201
2025-05-10 05:00:00,F1_R4,14,1,1.11,5,10,5,13.73,37.08,424.17,0.202
2025-05-10 06:00:00,F1_R4,14,1,1.11,6,10,5,14.17,40.76,432.67,0.208
2025-05-10 07:00:00,F1_R4,14,1,1.11,7,10,5,15.14,43.52,455.57,0.228
2025-05-10 08:00:00,F1_R4,14,1,1.11,8,10,5,16.16,46.31,508.57,0.286
2025-05-10 09:00:00,F1_R4,14,1,1.11,9,10,5,17.68,50.23,601.33,0.415
2025-05-10 10:00:00,F1_R4,14,1,1.11,10,10,5,18.68,52.83,688.99,0.525
2025-05-10 11:00:00,F1_R4,14,1,1.11,11,10,5,20.87,55.33,742.29,0.584
2025-05-10 12:00:00,F1_R4,14,1,1.11,12,10,5,22.66,57.31,767.42,0.617
2025-05-10 13:00:00,F1_R4,14,1,1.11,13,10,5,23.05,56.79,762.35,0.578
2025-05-10 14:00:00,F1_R4,14,1,1.11,14,10,5,23.07,56.32,757.97,0.578
2025-05-10 15:00:00,F1_R4,14,1,1.11,15,10,5,22.96,55.28,741.86,0.582
2025-05-10 16:00:00,F1_R4,14,1,1.11,16,10,5,21.52,52.55,686.92,0.516
2025-05-10 17:00:00,F1_R4,14,1,1.11,17,10,5,20.07,50.11,600.76,0.413
2025-05-10 18:00:00,F1_R4,14,1,1.11,18,10,5,19.29,46.09,508.03,0.284
2025-05-10 19:00:00,F1_R4,14,1,1.11,19,10,5,17.41,42.43,454.51,0.225
2025-05-10 20:00:00,F1_R4,14,1,1.11,20,10,5,15.83,40.7,432.65,0.208
2025-05-10 21:00:00,F1_R4,14,1,1.11,21,10,5,14.88,37.08,424.17,0.202
2025-05-10 22:00:00,F1_R4,14,1,1.11,22,10,5,14.0,34.95,421.39,0.201
2025-05-10 23:00:00,F1_R4,14,1,1.11,23,10,5,13.82,32.42,420.45,0.2
2025-05-11 00:00:00,F1_R4,14,1,1.11,0,11,5,12.82,30.5,420.02,0.2
2025-05-11 01:00:00,F1_R4,14,1,1.11,1,11,5,13.31,30.81,420.05,0.2
2025-05-11 02:00:00,F1_R4,14,1,1.11,2,11,5,13.18,32.14,420.15,0.2
2025-05-11 03:00:00,F1_R4,14,1,1.11,3,11,5,13.02,33.9,420.47,0.2
2025-05-11 04:00:00,F1_R4,14,1,1.11,4,11,5,13.11,34.8,421.38,0.201
2025-05-11 05:00:00,F1_R4,14,1,1.11,5,11,5,13.73,37.08,424.17,0.202
2025-05-11 06:00:00,F1_R4,14,1,1.11,6,11,5,14.17,40.76,432.67,0.208
2025-05-11 07:00:00,F1_R4,14,1,1.11,7,11,5,15.14,43.52,455.57,0.228
2025-05-11 08:00:00,F1_R4,14,1,1.11,8,11,5,16.16,46.31,508.57,0.286
2025-05-11 09:00:00,F1_R4,14,1,1.11,9,11,5,17.68,50.23,601.33,0.415
2025-05-11 10:00:00,F1_R4,14,1,1.11,10,11,5,18.68,52.83,688.99,0.525
2025-05-11 11:00:00,F1_R4,14,1,1.11,11,11,5,20.87,55.33,742.29,0.584
2025-05-11 12:00:00,F1_R4,14,1,1.11,12,11,5,22.66,57.31,767.42,0.617
2025-05-11 13:00:00,F1_R4,14,1,1.11,13,11,5,23.05,56.79,762.35,0.578
2025-05-11 14:00:00,F1_R4,14,1,1.11,14,11,5,23.07,56.32,757.97,0.578
2025-05-11 15:00:00,F1_R4,14,1,1.11,15,11,5,22.96,55.28,741.86,0.582
2025-05-11 16:00:00,F1_R4,14,1,1.11,16,11,5,21.52,52.55,686.92,0.516
2025-05-11 17:00:00,F1_R4,14,1,1.11,17,11,5,20.07,50.11,600.76,0.413
2025-05-11 18:00:00,F1_R4,14,1,1.11,18,11,5,19.29,46.09,508.03,0.284
2025-05-11 19:00:00,F1_R4,14,1,1.11,19,11,5,17.41,42.43,454.51,0.225
2025-05-11 20:00:00,F1_R4,14,1,1.11,20,11,5,15.83,40.7,432.65,0.208
2025-05-11 21:00:00,F1_R4,14,1,1.11,21,11,5,14.88,37.08,424.17,0.202
2025-05-11 22:00:00,F1_R4,14,1,1.11,22,11,5,14.0,34.95,421.39,0.201
2025-05-11 23:00:00,F1_R4,14,1,1.11,23,11,5,13.82,32.42,420.45,0.2
2025-05-12 00:00:00,F1_R4,14,1,1.11,0,12,5,12.82,30.5,420.02,0.2
2025-05-12 01:00:00,F1_R4,14,1,1.11,1,12,5,13.31,30.81,420.05,0.2
2025-05-12 02:00:00,F1_R4,14,1,1.11,2,12,5,13.18,32.14,420.15,0.2
2025-05-12 03:00:00,F1_R4,14,1,1.11,3,12,5,13.02,33.9,420.47,0.2
2025-05-12 04:00:00,F1_R4,14,1,1.11,4,12,5,13.11,34.8,421.38,0.201
2025-05-12 05:00:00,F1_R4,14,1,1.11,5,12,5,13.73,37.08,424.17,0.205
2025-05-12 06:00:00,F1_R4,14,1,1.11,6,12,5,14.17,40.76,432.67,0.219
2025-05-12 07:00:00,F1_R4,14,1,1.11,7,12,5,15.14,43.52,455.57,0.267
2025-05-12 08:00:00,F1_R4,14,1,1.11,8,12,5,16.16,46.31,508.57,0.411
2025-05-12 09:00:00,F1_R4,14,1,1.11,9,12,5,17.68,50.23,601.33,0.715
2025-05-12 10:00:00,F1_R4,14,1,1.11,10,12,5,18.68,52.83,688.99,1.0
2025-05-12 11:00:00,F1_R4,14,1,1.11,11,12,5,20.87,55.33,742.29,1.145
2025-05-12 12:00:00,F1_R4,14,1,1.11,12,12,5,22.66,57.31,767.42,1.205
2025-05-12 13:00:00,F1_R4,14,1,1.11,13,12,5,23.05,56.79,762.35,1.172
2025-05-12 14:00:00,F1_R4,14,1,1.11,14,12,5,23.07,56.32,757.97,1.167
2025-05-12 15:00:00,F1_R4,14,1,1.11,15,12,5,22.96,55.28,741.86,1.143
2025-05-12 16:00:00,F1_R4,14,1,1.11,16,12,5,21.52,52.55,686.92,0.991
2025-05-12 17:00:00,F1_R4,14,1,1.11,17,12,5,20.07,50.11,600.76,0.713
2025-05-12 18:00:00,F1_R4,14,1,1.11,18,12,5,19.29,46.09,508.03,0.409
2025-05-12 19:00:00,F1_R4,14,1,1.11,19,12,5,17.41,42.43,454.51,0.264
2025-05-12 20:00:00,F1_R4,14,1,1.11,20,12,5,15.83,40.7,432.65,0.219
2025-05-12 21:00:00,F1_R4,14,1,1.11,21,12,5,14.88,37.08,424.17,0.205
2025-05-12 22:00:00,F1_R4,14,1,1.11,22,12,5,14.0,34.95,421.39,0.201
2025-05-12 23:00:00,F1_R4,14,1,1.11,23,12,5,13.82,32.42,420.45,0.2
2025-05-13 00:00:00,F1_R4,14,1,1.11,0,13,5,12.82,30.5,420.02,0.2
2025-05-13 01:00:00,F1_R4,14,1,1.11,1,13,5,13.31,30.81,420.05,0.2
2025-05-13 02:00:00,F1_R4,14,1,1.11,2,13,5,13.18,32.14,420.15,0.2
2025-05-13 03:00:00,F1_R4,14,1,1.11,3,13,5,13.02,33.9,420.47,0.2
2025-05-13 04:00:00,F1_R4,14,1,1.11,4,13,5,13.11,34.8,421.38,0.201
2025-05-13 05:00:00,F1_R4,14,1,1.11,5,13,5,13.73,37.08,424.17,0.205
2025-05-13 06:00:00,F1_R4,14,1,1.11,6,13,5,14.17,40.76,432.67,0.219
2025-05-13 07:00:00,F1_R4,14,1,1.11,7,13,5,15.14,43.52,455.57,0.267
2025-05-13 08:00:00,F1_R4,14,1,1.11,8,13,5,16.16,46.31,508.57,0.411
2025-05-13 09:00:00,F1_R4,14,1,1.11,9,13,5,17.68,50.23,601.33,0.715
2025-05-13 10:00:00,F1_R4,14,1,1.11,10,13,5,18.68,52.83,688.99,1.0
2025-05-13 11:00:00,F1_R4,14,1,1.11,11,13,5,20.87,55.33,742.29,1.145
2025-05-13 12:00:00,F1_R4,14,1,1.11,12,13,5,22.66,57.31,767.42,1.205
2025-05-13 13:00:00,F1_R4,14,1,1.11,13,13,5,23.05,56.79,762.35,1.172
2025-05-13 14:00:00,F1_R4,14,1,1.11,14,13,5,23.07,56.32,757.97,1.167
2025-05-13 15:00:00,F1_R4,14,1,1.11,15,13,5,22.96,55.28,741.86,1.143
2025-05-13 16:00:00,F1_R4,14,1,1.11,16,13,5,21.52,52.55,686.92,0.991
2025-05-13 17:00:00,F1_R4,14,1,1.11,17,13,5,20.07,50.11,600.76,0.713
2025-05-13 18:00:00,F1_R4,14,1,1.11,18,13,5,19.29,46.09,508.03,0.409
2025-05-13 19:00:00,F1_R4,14,1,1.11,19,13,5,17.41,42.43,454.51,0.264
2025-05-13 20:00:00,F1_R4,14,1,1.11,20,13,5,15.83,40.7,432.65,0.219
2025-05-13 21:00:00,F1_R4,14,1,1.11,21,13,5,14.88,37.08,424.17,0.205
2025-05-13 22:00:00,F1_R4,14,1,1.11,22,13,5,14.0,34.95,421.39,0.201
2025-05-13 23:00:00,F1_R4,14,1,1.11,23,13,5,13.82,32.42,420.45,0.2
2025-05-14 00:00:00,F1_R4,14,1,1.11,0,14,5,12.82,30.5,420.02,0.2
2025-05-14 01:00:00,F1_R4,14,1,1.11,1,14,5,13.31,30.81,420.05,0.2
2025-05-14 02:00:00,F1_R4,14,1,1.11,2,14,5,13.18,32.14,420.15,0.2
2025-05-14 03:00:00,F1_R4,14,1,1.11,3,14,5,13.02,33.9,420.47,0.2
2025-05-14 04:00:00,F1_R4,14,1,1.11,4,14,5,13.11,34.8,421.38,0.201
2025-05-14 05:00:00,F1_R4,14,1,1.11,5,14,5,13.73,37.08,424.17,0.202
2025-05-14 06:00:00,F1_R4,14,1,1.11,6,14,5,14.17,40.76,432.67,0.208
2025-05-14 07:00:00,F1_R4,14,1,1.11,7,14,5,15.14,43.52,455.57,0.228
2025-05-14 08:00:00,F1_R4,14,1,1.11,8,14,5,16.16,46.31,508.57,0.286
2025-05-14 09:00:00,F1_R4,14,1,1.11,9,14,5,17.68,50.23,601.33,0.415
2025-05-14 10:00:00,F1_R4,14,1,1.11,10,14,5,18.68,52.83,688.99,0.525
2025-05-14 11:00:00,F1_R4,14,1,1.11,11,14,5,20.87,55.33,742.29,0.584
2025-05-14 12:00:00,F1_R4,14,1,1.11,12,14,5,22.66,57.31,767.42,0.617
2025-05-14 13:00:00,F1_R4,14,1,1.11,13,14,5,23.05,56.79,762.35,0.578
2025-05-14 14:00:00,F1_R4,14,1,1.11,14,14,5,23.07,56.32,757.97,0.578
2025-05-14 15:00:00,F1_R4,14,1,1.11,15,14,5,22.96,55.28,741.86,0.582
2025-05-14 16:00:00,F1_R4,14,1,1.11,16,14,5,21.52,52.55,686.92,0.516
2025-05-14 17:00:00,F1_R4,14,1,1.11,17,14,5,20.07,50.11,600.76,0.413
2025-05-14 18:00:00,F1_R4,14,1,1.11,18,14,5,19.29,46.09,508.03,0.284
2025-05-14 19:00:00,F1_R4,14,1,1.11,19,14,5,17.41,42.43,454.51,0.225
2025-05-14 20:00:00,F1_R4,14,1,1.11,20,14,5,15.83,40.7,432.65,0.208
2025-05-14 21:00:00,F1_R4,14,1,1.11,21,14,5,14.88,37.08,424.17,0.202
2025-05-14 22:00:00,F1_R4,14,1,1.11,22,14,5,14.0,34.95,421.39,0.201
2025-05-14 23:00:00,F1_R4,14,1,1.11,23,14,5,13.82,32.42,420.45,0.2
2025-05-15 00:00:00,F1_R4,14,1,1.11,0,15,5,12.82,30.5,420.02,0.2
2025-05-15 01:00:00,F1_R4,14,1,1.11,1,15,5,13.31,30.81,420.05,0.2
2025-05-15 02:00:00,F1_R4,14,1,1.11,2,15,5,13.18,32.14,420.15,0.2
2025-05-15 03:00:00,F1_R4,14,1,1.11,3,15,5,13.02,33.9,420.47,0.2
2025-05-15 04:00:00,F1_R4,14,1,1.11,4,15,5,13.11,34.8,421.38,0.201
2025-05-15 05:00:00,F1_R4,14,1,1.11,5,15,5,13.73,37.08,424.17,0.202
2025-05-15 06:00:00,F1_R4,14,1,1.11,6,15,5,14.17,40.76,432.67,0.208
2025-05-15 07:00:00,F1_R4,14,1,1.11,7,15,5,15.14,43.52,455.57,0.228
2025-05-15 08:00:00,F1_R4,14,1,1.11,8,15,5,16.16,46.31,508.57,0.286
2025-05-15 09:00:00,F1_R4,14,1,1.11,9,15,5,17.68,50.23,601.33,0.415
2025-05-15 10:00:00,F1_R4,14,1,1.11,10,15,5,18.68,52.83,688.99,0.525
2025-05-15 11:00:00,F1_R4,14,1,1.11,11,15,5,20.87,55.33,742.29,0.584
2025-05-15 12:00:00,F1_R4,14,1,1.11,12,15,5,22.66,57.31,767.42,0.617
2025-05-15 13:00:00,F1_R4,14,1,1.11,13,15,5,23.05,56.79,762.35,0.578
2025-05-15 14:00:00,F1_R4,14,1,1.11,14,15,5,23.07,56.32,757.97,0.578
2025-05-15 15:00:00,F1_R4,14,1,1.11,15,15,5,22.96,55.28,741.86,0.582
2025-05-15 16:00:00,F1_R4,14,1,1.11,16,15,5,21.52,52.55,686.92,0.516
2025-05-15 17:00:00,F1_R4,14,1,1.11,17,15,5,20.07,50.11,600.76,0.413
2025-05-15 18:00:00,F1_R4,14,1,1.11,18,15,5,19.29,46.09,508.03,0.284
2025-05-15 19:00:00,F1_R4,14,1,1.11,19,15,5,17.41,42.43,454.51,0.225
2025-05-15 20:00:00,F1_R4,14,1,1.11,20,15,5,15.83,40.7,432.65,0.208
2025-05-15 21:00:00,F1_R4,14,1,1.11,21,15,5,14.88,37.08,424.17,0.202
2025-05-15 22:00:00,F1_R4,14,1,1.11,22,15,5,14.0,34.95,421.39,0.201
2025-05-15 23:00:00,F1_R4,14,1,1.11,23,15,5,13.82,32.42,420.45,0.2
2025-05-16 00:00:00,F1_R4,14,1,1.11,0,16,5,12.82,30.5,420.02,0.2
2025-05-16 01:00:00,F1_R4,14,1,1.11,1,16,5,13.31,30.81,420.05,0.2
2025-05-16 02:00:00,F1_R4,14,1,1.11,2,16,5,13.18,32.14,420.15,0.2
2025-05-16 03:00:00,F1_R4,14,1,1.11,3,16,5,13.02,33.9,420.47,0.2
2025-05-16 04:00:00,F1_R4,14,1,1.11,4,16,5,13.11,34.8,421.38,0.201
2025-05-16 05:00:00,F1_R4,14,1,1.11,5,16,5,13.73,37.08,424.17,0.202
2025-05-16 06:00:00,F1_R4,14,1,1.11,6,16,5,14.17,40.76,432.67,0.208
2025-05-16 07:00:00,F1_R4,14,1,1.11,7,16,5,15.14,43.52,455.57,0.228
2025-05-16 08:00:00,F1_R4,14,1,1.11,8,16,5,16.16,46.31,508.57,0.286
2025-05-16 09:00:00,F1_R4,14,1,1.11,9,16,5,17.68,50.23,601.33,0.415
2025-05-16 10:00:00,F1_R4,14,1,1.11,10,16,5,18.68,52.83,688.99,0.525
2025-05-16 11:00:00,F1_R4,14,1,1.11,11,16,5,20.87,55.33,742.29,0.584
2025-05-16 12:00:00,F1_R4,14,1,1.11,12,16,5,22.66,57.31,767.42,0.617
2025-05-16 13:00:00,F1_R4,14,1,1.11,13,16,5,23.05,56.79,762.35,0.578
2025-05-16 14:00:00,F1_R4,14,1,1.11,14,16,5,23.07,56.32,757.97,0.578
2025-05-16 15:00:00,F1_R4,14,1,1.11,15,16,5,22.96,55.28,741.86,0.582
2025-05-16 16:00:00,F1_R4,14,1,1.11,16,16,5,21.52,52.55,686.92,0.516
2025-05-16 17:00:00,F1_R4,14,1,1.11,17,16,5,20.07,50.11,600.76,0.413
2025-05-16 18:00:00,F1_R4,14,1,1.11,18,16,5,19.29,46.09,508.03,0.284
2025-05-16 19:00:00,F1_R4,14,1,1.11,19,16,5,17.41,42.43,454.51,0.225
2025-05-16 20:00:00,F1_R4,14,1,1.11,20,16,5,15.83,40.7,432.65,0.208
2025-05-16 21:00:00,F1_R4,14,1,1.11,21,16,5,14.88,37.08,424.17,0.202
2025-05-16 22:00:00,F1_R4,14,1,1.11,22,16,5,14.0,34.95,421.39,0.201
2025-05-16 23:00:00,F1_R4,14,1,1.11,23,16,5,13.82,32.42,420.45,0.2
2025-05-17 00:00:00,F1_R4,14,1,1.11,0,17,5,12.82,30.5,420.02,0.2
2025-05-17 01:00:00,F1_R4,14,1,1.11,1,17,5,13.31,30.81,420.05,0.2
2025-05-17 02:00:00,F1_R4,14,1,1.11,2,17,5,13.18,32.14,420.15,0.2
2025-05-17 03:00:00,F1_R4,14,1,1.11,3,17,5,13.02,33.9,420.47,0.2
2025-05-17 04:00:00,F1_R4,14,1,1.11,4,17,5,13.11,34.8,421.38,0.201
2025-05-17 05:00:00,F1_R4,14,1,1.11,5,17,5,13.73,37.08,424.17,0.202
2025-05-17 06:00:00,F1_R4,14,1,1.11,6,17,5,14.17,40.76,432.67,0.208
2025-05-17 07:00:00,F1_R4,14,1,1.11,7,17,5,15.14,43.52,455.57,0.228
2025-05-17 08:00:00,F1_R4,14,1,1.11,8,17,5,16.16,46.31,508.57,0.286
2025-05-17 09:00:00,F1_R4,14,1,1.11,9,17,5,17.68,50.23,601.33,0.415
2025-05-17 10:00:00,F1_R4,14,1,1.11,10,17,5,18.68,52.83,688.99,0.525
2025-05-17 11:00:00,F1_R4,14,1,1.11,11,17,5,20.87,55.33,742.29,0.584
2025-05-17 12:00:00,F1_R4,14,1,1.11,12,17,5,22.66,57.31,767.42,0.617
2025-05-17 13:00:00,F1_R4,14,1,1.11,13,17,5,23.05,56.79,762.35,0.578
2025-05-17 14:00:00,F1_R4,14,1,1.11,14,17,5,23.07,56.32,757.97,0.578
2025-05-17 15:00:00,F1_R4,14,1,1.11,15,17,5,22.96,55.28,741.86,0.582
2025-05-17 16:00:00,F1_R4,14,1,1.11,16,17,5,21.52,52.55,686.92,0.516
2025-05-17 17:00:00,F1_R4,14,1,1.11,17,17,5,20.07,50.11,600.76,0.413
2025-05-17 18:00:00,F1_R4,14,1,1.11,18,17,5,19.29,46.09,508.03,0.284
2025-05-17 19:00:00,F1_R4,14,1,1.11,19,17,5,17.41,42.43,454.51,0.225
2025-05-17 20:00:00,F1_R4,14,1,1.11,20,17,5,15.83,40.7,432.65,0.208
2025-05-17 21:00:00,F1_R4,14,1,1.11,21,17,5,14.88,37.08,424.17,0.202
2025-05-17 22:00:00,F1_R4,14,1,1.11,22,17,5,14.0,34.95,421.39,0.201
2025-05-17 23:00:00,F1_R4,14,1,1.11,23,17,5,13.82,32.42,420.45,0.2
2025-05-18 00:00:00,F1_R4,14,1,1.11,0,18,5,12.82,30.5,420.02,0.2
2025-05-18 01:00:00,F1_R4,14,1,1.11,1,18,5,13.31,30.81,420.05,0.2
2025-05-18 02:00:00,F1_R4,14,1,1.11,2,18,5,13.18,32.14,420.15,0.2
2025-05-18 03:00:00,F1_R4,14,1,1.11,3,18,5,13.02,33.9,420.47,0.2
2025-05-18 04:00:00,F1_R4,14,1,1.11,4,18,5,13.11,34.8,421.38,0.201
2025-05-18 05:00:00,F1_R4,14,1,1.11,5,18,5,13.73,37.08,424.17,0.202
2025-05-18 06:00:00,F1_R4,14,1,1.11,6,18,5,14.17,40.76,432.67,0.208
2025-05-18 07:00:00,F1_R4,14,1,1.11,7,18,5,15.14,43.52,455.57,0.228
2025-05-18 08:00:00,F1_R4,14,1,1.11,8,18,5,16.16,46.31,508.57,0.286
2025-05-18 09:00:00,F1_R4,14,1,1.11,9,18,5,17.68,50.23,601.33,0.415
2025-05-18 10:00:00,F1_R4,14,1,1.11,10,18,5,18.68,52.83,688.99,0.525
2025-05-18 11:00:00,F1_R4,14,1,1.11,11,18,5,20.87,55.33,742.29,0.584
2025-05-18 12:00:00,F1_R4,14,1,1.11,12,18,5,22.66,57.31,767.42,0.617
2025-05-18 13:00:00,F1_R4,14,1,1.11,13,18,5,23.05,56.79,762.35,0.578
2025-05-18 14:00:00,F1_R4,14,1,1.11,14,18,5,23.07,56.32,757.97,0.578
2025-05-18 15:00:00,F1_R4,14,1,1.11,15,18,5,22.96,55.28,741.86,0.582
2025-05-18 16:00:00,F1_R4,14,1,1.11,16,18,5,21.52,52.55,686.92,0.516
2025-05-18 17:00:00,F1_R4,14,1,1.11,17,18,5,20.07,50.11,600.76,0.413
2025-05-18 18:00:00,F1_R4,14,1,1.11,18,18,5,19.29,46.09,508.03,0.284
2025-05-18 19:00:00,F1_R4,14,1,1.11,19,18,5,17.41,42.43,454.51,0.225
2025-05-18 20:00:00,F1_R4,14,1,1.11,20,18,5,15.83,40.7,432.65,0.208
2025-05-18 21:00:00,F1_R4,14,1,1.11,21,18,5,14.88,37.08,424.17,0.202
2025-05-18 22:00:00,F1_R4,14,1,1.11,22,18,5,14.0,34.95,421.39,0.201
2025-05-18 23:00:00,F1_R4,14,1,1.11,23,18,5,13.82,32.42,420.45,0.2
2025-05-19 00:00:00,F1_R4,14,1,1.11,0,19,5,12.82,30.5,420.02,0.2
2025-05-19 01:00:00,F1_R4,14,1,1.11,1,19,5,13.31,30.81,420.05,0.2
2025-05-19 02:00:00,F1_R4,14,1,1.11,2,19,5,13.18,32.14,420.15,0.2
2025-05-19 03:00:00,F1_R4,14,1,1.11,3,19,5,13.02,33.9,420.47,0.2
2025-05-19 04:00:00,F1_R4,14,1,1.11,4,19,5,13.11,34.8,421.38,0.201
2025-05-19 05:00:00,F1_R4,14,1,1.11,5,19,5,13.73,37.08,424.17,0.205
2025-05-19 06:00:00,F1_R4,14,1,1.11,6,19,5,14.17,40.76,432.67,0.219
2025-05-19 07:00:00,F1_R4,14,1,1.11,7,19,5,15.14,43.52,455.57,0.267
2025-05-19 08:00:00,F1_R4,14,1,1.11,8,19,5,16.16,46.31,508.57,0.411
2025-05-19 09:00:00,F1_R4,14,1,1.11,9,19,5,17.68,50.23,601.33,0.715
2025-05-19 10:00:00,F1_R4,14,1,1.11,10,19,5,18.68,52.83,688.99,1.0
2025-05-19 11:00:00,F1_R4,14,1,1.11,11,19,5,20.87,55.33,742.29,1.145
2025-05-19 12:00:00,F1_R4,14,1,1.11,12,19,5,22.66,57.31,767.42,1.205
2025-05-19 13:00:00,F1_R4,14,1,1.11,13,19,5,23.05,56.79,762.35,1.172
2025-05-19 14:00:00,F1_R4,14,1,1.11,14,19,5,23.07,56.32,757.97,1.167
2025-05-19 15:00:00,F1_R4,14,1,1.11,15,19,5,22.96,55.28,741.86,1.143
2025-05-19 16:00:00,F1_R4,14,1,1.11,16,19,5,21.52,52.55,686.92,0.991
2025-05-19 17:00:00,F1_R4,14,1,1.11,17,19,5,20.07,50.11,600.76,0.713
2025-05-19 18:00:00,F1_R4,14,1,1.11,18,19,5,19.29,46.09,508.03,0.409
2025-05-19 19:00:00,F1_R4,14,1,1.11,19,19,5,17.41,42.43,454.51,0.264
2025-05-19 20:00:00,F1_R4,14,1,1.11,20,19,5,15.83,40.7,432.65,0.219
2025-05-19 21:00:00,F1_R4,14,1,1.11,21,19,5,14.88,37.08,424.17,0.205
2025-05-19 22:00:00,F1_R4,14,1,1.11,22,19,5,14.0,34.95,421.39,0.201
2025-05-19 23:00:00,F1_R4,14,1,1.11,23,19,5,13.82,32.42,420.45,0.2
2025-05-20 00:00:00,F1_R4,14,1,1.11,0,20,5,12.82,30.5,420.02,0.2
2025-05-20 01:00:00,F1_R4,14,1,1.11,1,20,5,13.31,30.81,420.05,0.2
2025-05-20 02:00:00,F1_R4,14,1,1.11,2,20,5,13.18,32.14,420.15,0.2
2025-05-20 03:00:00,F1_R4,14,1,1.11,3,20,5,13.02,33.9,420.47,0.2
2025-05-20 04:00:00,F1_R4,14,1,1.11,4,20,5,13.11,34.8,421.38,0.201
2025-05-20 05:00:00,F1_R4,14,1,1.11,5,20,5,13.73,37.08,424.17,0.205
2025-05-20 06:00:00,F1_R4,14,1,1.11,6,20,5,14.17,40.76,432.67,0.219
2025-05-20 07:00:00,F1_R4,14,1,1.11,7,20,5,15.14,43.52,455.57,0.267
2025-05-20 08:00:00,F1_R4,14,1,1.11,8,20,5,16.16,46.31,508.57,0.411
2025-05-20 09:00:00,F1_R4,14,1,1.11,9,20,5,17.68,50.23,601.33,0.715
2025-05-20 10:00:00,F1_R4,14,1,1.11,10,20,5,18.68,52.83,688.99,1.0
2025-05-20 11:00:00,F1_R4,14,1,1.11,11,20,5,20.87,55.33,742.29,1.145
2025-05-20 12:00:00,F1_R4,14,1,1.11,12,20,5,22.66,57.31,767.42,1.205
2025-05-20 13:00:00,F1_R4,14,1,1.11,13,20,5,23.05,56.79,762.35,1.172
2025-05-20 14:00:00,F1_R4,14,1,1.11,14,20,5,23.07,56.32,757.97,1.167
2025-05-20 15:00:00,F1_R4,14,1,1.11,15,20,5,22.96,55.28,741.86,1.143
2025-05-20 16:00:00,F1_R4,14,1,1.11,16,20,5,21.52,52.55,686.92,0.991
2025-05-20 17:00:00,F1_R4,14,1,1.11,17,20,5,20.07,50.11,600.76,0.713
2025-05-20 18:00:00,F1_R4,14,1,1.11,18,20,5,19.29,46.09,508.03,0.409
2025-05-20 19:00:00,F1_R4,14,1,1.11,19,20,5,17.41,42.43,454.51,0.264
2025-05-20 20:00:00,F1_R4,14,1,1.11,20,20,5,15.83,40.7,432.65,0.219
2025-05-20 21:00:00,F1_R4,14,1,1.11,21,20,5,14.88,37.08,424.17,0.205
2025-05-20 22:00:00,F1_R4,14,1,1.11,22,20,5,14.0,34.95,421.39,0.201
2025-05-20 23:00:00,F1_R4,14,1,1.11,23,20,5,13.82,32.42,420.45,0.2
2025-05-21 00:00:00,F1_R4,14,1,1.11,0,21,5,12.82,30.5,420.02,0.2
2025-05-21 01:00:00,F1_R4,14,1,1.11,1,21,5,13.31,30.81,420.05,0.2
2025-05-21 02:00:00,F1_R4,14,1,1.11,2,21,5,13.18,32.14,420.15,0.2
2025-05-21 03:00:00,F1_R4,14,1,1.11,3,21,5,13.02,33.9,420.47,0.2
2025-05-21 04:00:00,F1_R4,14,1,1.11,4,21,5,13.11,34.8,421.38,0.201
2025-05-21 05:00:00,F1_R4,14,1,1.11,5,21,5,13.73,37.08,424.17,0.202
2025-05-21 06:00:00,F1_R4,14,1,1.11,6,21,5,14.17,40.76,432.67,0.208
2025-05-21 07:00:00,F1_R4,14,1,1.11,7,21,5,15.14,43.52,455.57,0.228
2025-05-21 08:00:00,F1_R4,14,1,1.11,8,21,5,16.16,46.31,508.57,0.286
2025-05-21 09:00:00,F1_R4,14,1,1.11,9,21,5,17.68,50.23,601.33,0.415
2025-05-21 10:00:00,F1_R4,14,1,1.11,10,21,5,18.68,52.83,688.99,0.525
2025-05-21 11:00:00,F1_R4,14,1,1.11,11,21,5,20.87,55.33,742.29,0.584
2025-05-21 12:00:00,F1_R4,14,1,1.11,12,21,5,22.66,57.31,767.42,0.617
2025-05-21 13:00:00,F1_R4,14,1,1.11,13,21,5,23.05,56.79,762.35,0.578
2025-05-21 14:00:00,F1_R4,14,1,1.11,14,21,5,23.07,56.32,757.97,0.578
2025-05-21 15:00:00,F1_R4,14,1,1.11,15,21,5,22.96,55.28,741.86,0.582
2025-05-21 16:00:00,F1_R4,14,1,1.11,16,21,5,21.52,52.55,686.92,0.516
2025-05-21 17:00:00,F1_R4,14,1,1.11,17,21,5,20.07,50.11,600.76,0.413
2025-05-21 18:00:00,F1_R4,14,1,1.11,18,21,5,19.29,46.09,508.03,0.284
2025-05-21 19:00:00,F1_R4,14,1,1.11,19,21,5,17.41,42.43,454.51,0.225
2025-05-21 20:00:00,F1_R4,14,1,1.11,20,21,5,15.83,40.7,432.65,0.208
2025-05-21 21:00:00,F1_R4,14,1,1.11,21,21,5,14.88,37.08,424.17,0.202
2025-05-21 22:00:00,F1_R4,14,1,1.11,22,21,5,14.0,34.95,421.39,0.201
2025-05-21 23:00:00,F1_R4,14,1,1.11,23,21,5,13.82,32.42,420.45,0.2
2025-05-22 00:00:00,F1_R4,14,1,1.11,0,22,5,12.82,30.5,420.02,0.2
2025-05-22 01:00:00,F1_R4,14,1,1.11,1,22,5,13.31,30.81,420.05,0.2
2025-05-22 02:00:00,F1_R4,14,1,1.11,2,22,5,13.18,32.14,420.15,0.2
2025-05-22 03:00:00,F1_R4,14,1,1.11,3,22,5,13.02,33.9,420.47,0.2
2025-05-22 04:00:00,F1_R4,14,1,1.11,4,22,5,13.11,34.8,421.38,0.201
2025-05-22 05:00:00,F1_R4,14,1,1.11,5,22,5,13.73,37.08,424.17,0.202
2025-05-22 06:00:00,F1_R4,14,1,1.11,6,22,5,14.17,40.76,432.67,0.208
2025-05-22 07:00:00,F1_R4,14,1,1.11,7,22,5,15.14,43.52,455.57,0.228
2025-05-22 08:00:00,F1_R4,14,1,1.11,8,22,5,16.16,46.31,508.57,0.286
2025-05-22 09:00:00,F1_R4,14,1,1.11,9,22,5,17.68,50.23,601.33,0.415
2025-05-22 10:00:00,F1_R4,14,1,1.11,10,22,5,18.68,52.83,688.99,0.525
2025-05-22 11:00:00,F1_R4,14,1,1.11,11,22,5,20.87,55.33,742.29,0.584
2025-05-22 12:00:00,F1_R4,14,1,1.11,12,22,5,22.66,57.31,767.42,0.617
2025-05-22 13:00:00,F1_R4,14,1,1.11,13,22,5,23.05,56.79,762.35,0.578
2025-05-22 14:00:00,F1_R4,14,1,1.11,14,22,5,23.07,56.32,757.97,0.578
2025-05-22 15:00:00,F1_R4,14,1,1.11,15,22,5,22.96,55.28,741.86,0.582
2025-05-22 16:00:00,F1_R4,14,1,1.11,16,22,5,21.52,52.55,686.92,0.516
2025-05-22 17:00:00,F1_R4,14,1,1.11,17,22,5,20.07,50.11,600.76,0.413
2025-05-22 18:00:00,F1_R4,14,1,1.11,18,22,5,19.29,46.09,508.03,0.284
2025-05-22 19:00:00,F1_R4,14,1,1.11,19,22,5,17.41,42.43,454.51,0.225
2025-05-22 20:00:00,F1_R4,14,1,1.11,20,22,5,15.83,40.7,432.65,0.208
2025-05-22 21:00:00,F1_R4,14,1,1.11,21,22,5,14.88,37.08,424.17,0.202
2025-05-22 22:00:00,F1_R4,14,1,1.11,22,22,5,14.0,34.95,421.39,0.201
2025-05-22 23:00:00,F1_R4,14,1,1.11,23,22,5,13.82,32.42,420.45,0.2
2025-05-23 00:00:00,F1_R4,14,1,1.11,0,23,5,12.82,30.5,420.02,0.2
2025-05-23 01:00:00,F1_R4,14,1,1.11,1,23,5,13.31,30.81,420.05,0.2
2025-05-23 02:00:00,F1_R4,14,1,1.11,2,23,5,13.18,32.14,420.15,0.2
2025-05-23 03:00:00,F1_R4,14,1,1.11,3,23,5,13.02,33.9,420.47,0.2
2025-05-23 04:00:00,F1_R4,14,1,1.11,4,23,5,13.11,34.8,421.38,0.201
2025-05-23 05:00:00,F1_R4,14,1,1.11,5,23,5,13.73,37.08,424.17,0.202
2025-05-23 06:00:00,F1_R4,14,1,1.11,6,23,5,14.17,40.76,432.67,0.208
2025-05-23 07:00:00,F1_R4,14,1,1.11,7,23,5,15.14,43.52,455.57,0.228
2025-05-23 08:00:00,F1_R4,14,1,1.11,8,23,5,16.16,46.31,508.57,0.286
2025-05-23 09:00:00,F1_R4,14,1,1.11,9,23,5,17.68,50.23,601.33,0.415
2025-05-23 10:00:00,F1_R4,14,1,1.11,10,23,5,18.68,52.83,688.99,0.525
2025-05-23 11:00:00,F1_R4,14,1,1.11,11,23,5,20.87,55.33,742.29,0.584
2025-05-23 12:00:00,F1_R4,14,1,1.11,12,23,5,22.66,57.31,767.42,0.617
2025-05-23 13:00:00,F1_R4,14,1,1.11,13,23,5,23.05,56.79,762.35,0.578
2025-05-23 14:00:00,F1_R4,14,1,1.11,14,23,5,23.07,56.32,757.97,0.578
2025-05-23 15:00:00,F1_R4,14,1,1.11,15,23,5,22.96,55.28,741.86,0.582
2025-05-23 16:00:00,F1_R4,14,1,1.11,16,23,5,21.52,52.55,686.92,0.516
2025-05-23 17:00:00,F1_R4,14,1,1.11,17,23,5,20.07,50.11,600.76,0.413
2025-05-23 18:00:00,F1_R4,14,1,1.11,18,23,5,19.29,46.09,508.03,0.284
2025-05-23 19:00:00,F1_R4,14,1,1.11,19,23,5,17.41,42.43,454.51,0.225
2025-05-23 20:00:00,F1_R4,14,1,1.11,20,23,5,15.83,40.7,432.65,0.208
2025-05-23 21:00:00,F1_R4,14,1,1.11,21,23,5,14.88,37.08,424.17,0.202
2025-05-23 22:00:00,F1_R4,14,1,1.11,22,23,5,14.0,34.95,421.39,0.201
2025-05-23 23:00:00,F1_R4,14,1,1.11,23,23,5,13.82,32.42,420.45,0.2
2025-05-24 00:00:00,F1_R4,14,1,1.11,0,24,5,12.82,30.5,420.02,0.2
2025-05-24 01:00:00,F1_R4,14,1,1.11,1,24,5,13.31,30.81,420.05,0.2
2025-05-24 02:00:00,F1_R4,14,1,1.11,2,24,5,13.18,32.14,420.15,0.2
2025-05-24 03:00:00,F1_R4,14,1,1.11,3,24,5,13.02,33.9,420.47,0.2
2025-05-24 04:00:00,F1_R4,14,1,1.11,4,24,5,13.11,34.8,421.38,0.201
2025-05-24 05:00:00,F1_R4,14,1,1.11,5,24,5,13.73,37.08,424.17,0.202
2025-05-24 06:00:00,F1_R4,14,1,1.11,6,24,5,14.17,40.76,432.67,0.208
2025-05-24 07:00:00,F1_R4,14,1,1.11,7,24,5,15.14,43.52,455.57,0.228
2025-05-24 08:00:00,F1_R4,14,1,1.11,8,24,5,16.16,46.31,508.57,0.286
2025-05-24 09:00:00,F1_R4,14,1,1.11,9,24,5,17.68,50.23,601.33,0.415
2025-05-24 10:00:00,F1_R4,14,1,1.11,10,24,5,18.68,52.83,688.99,0.525
2025-05-24 11:00:00,F1_R4,14,1,1.11,11,24,5,20.87,55.33,742.29,0.584
2025-05-24 12:00:00,F1_R4,14,1,1.11,12,24,5,22.66,57.31,767.42,0.617
2025-05-24 13:00:00,F1_R4,14,1,1.11,13,24,5,23.05,56.79,762.35,0.578
2025-05-24 14:00:00,F1_R4,14,1,1.11,14,24,5,23.07,56.32,757.97,0.578
2025-05-24 15:00:00,F1_R4,14,1,1.11,15,24,5,22.96,55.28,741.86,0.582
2025-05-24 16:00:00,F1_R4,14,1,1.11,16,24,5,21.52,52.55,686.92,0.516
2025-05-24 17:00:00,F1_R4,14,1,1.11,17,24,5,20.07,50.11,600.76,0.413
2025-05-24 18:00:00,F1_R4,14,1,1.11,18,24,5,19.29,46.09,508.03,0.284
2025-05-24 19:00:00,F1_R4,14,1,1.11,19,24,5,17.41,42.43,454.51,0.225
2025-05-24 20:00:00,F1_R4,14,1,1.11,20,24,5,15.83,40.7,432.65,0.208
2025-05-24 21:00:00,F1_R4,14,1,1.11,21,24,5,14.88,37.08,424.17,0.202
2025-05-24 22:00:00,F1_R4,14,1,1.11,22,24,5,14.0,34.95,421.39,0.201
2025-05-24 23:00:00,F1_R4,14,1,1.11,23,24,5,13.82,32.42,420.45,0.2
2025-05-25 00:00:00,F1_R4,14,1,1.11,0,25,5,12.82,30.5,420.02,0.2
2025-05-25 01:00:00,F1_R4,14,1,1.11,1,25,5,13.31,30.81,420.05,0.2
2025-05-25 02:00:00,F1_R4,14,1,1.11,2,25,5,13.18,32.14,420.15,0.2
2025-05-25 03:00:00,F1_R4,14,1,1.11,3,25,5,13.02,33.9,420.47,0.2
2025-05-25 04:00:00,F1_R4,14,1,1.11,4,25,5,13.11,34.8,421.38,0.201
2025-05-25 05:00:00,F1_R4,14,1,1.11,5,25,5,13.73,37.08,424.17,0.202
2025-05-25 06:00:00,F1_R4,14,1,1.11,6,25,5,14.17,40.76,432.67,0.208
2025-05-25 07:00:00,F1_R4,14,1,1.11,7,25,5,15.14,43.52,455.57,0.228
2025-05-25 08:00:00,F1_R4,14,1,1.11,8,25,5,16.16,46.31,508.57,0.286
2025-05-25 09:00:00,F1_R4,14,1,1.11,9,25,5,17.68,50.23,601.33,0.415
2025-05-25 10:00:00,F1_R4,14,1,1.11,10,25,5,18.68,52.83,688.99,0.525
2025-05-25 11:00:00,F1_R4,14,1,1.11,11,25,5,20.87,55.33,742.29,0.584
2025-05-25 12:00:00,F1_R4,14,1,1.11,12,25,5,22.66,57.31,767.42,0.617
2025-05-25 13:00:00,F1_R4,14,1,1.11,13,25,5,23.05,56.79,762.35,0.578
2025-05-25 14:00:00,F1_R4,14,1,1.11,14,25,5,23.07,56.32,757.97,0.578
2025-05-25 15:00:00,F1_R4,14,1,1.11,15,25,5,22.96,55.28,741.86,0.582
2025-05-25 16:00:00,F1_R4,14,1,1.11,16,25,5,21.52,52.55,686.92,0.516
2025-05-25 17:00:00,F1_R4,14,1,1.11,17,25,5,20.07,50.11,600.76,0.413
2025-05-25 18:00:00,F1_R4,14,1,1.11,18,25,5,19.29,46.09,508.03,0.284
2025-05-25 19:00:00,F1_R4,14,1,1.11,19,25,5,17.41,42.43,454.51,0.225
2025-05-25 20:00:00,F1_R4,14,1,1.11,20,25,5,15.83,40.7,432.65,0.208
2025-05-25 21:00:00,F1_R4,14,1,1.11,21,25,5,14.88,37.08,424.17,0.202
2025-05-25 22:00:00,F1_R4,14,1,1.11,22,25,5,14.0,34.95,421.39,0.201
2025-05-25 23:00:00,F1_R4,14,1,1.11,23,25,5,13.82,32.42,420.45,0.2
2025-05-26 00:00:00,F1_R4,14,1,1.11,0,26,5,12.82,30.5,420.02,0.2
2025-05-26 01:00:00,F1_R4,14,1,1.11,1,26,5,13.31,30.81,420.05,0.2
2025-05-26 02:00:00,F1_R4,14,1,1.11,2,26,5,13.18,32.14,420.15,0.2
2025-05-26 03:00:00,F1_R4,14,1,1.11,3,26,5,13.02,33.9,420.47,0.2
2025-05-26 04:00:00,F1_R4,14,1,1.11,4,26,5,13.11,34.8,421.38,0.201
2025-05-26 05:00:00,F1_R4,14,1,1.11,5,26,5,13.73,37.08,424.17,0.205
2025-05-26 06:00:00,F1_R4,14,1,1.11,6,26,5,14.17,40.76,432.67,0.219
2025-05-26 07:00:00,F1_R4,14,1,1.11,7,26,5,15.14,43.52,455.57,0.267
2025-05-26 08:00:00,F1_R4,14,1,1.11,8,26,5,16.16,46.31,508.57,0.411
2025-05-26 09:00:00,F1_R4,14,1,1.11,9,26,5,17.68,50.23,601.33,0.715
2025-05-26 10:00:00,F1_R4,14,1,1.11,10,26,5,18.68,52.83,688.99,1.0
2025-05-26 11:00:00,F1_R4,14,1,1.11,11,26,5,20.87,55.33,742.29,1.145
2025-05-26 12:00:00,F1_R4,14,1,1.11,12,26,5,22.66,57.31,767.42,1.205
2025-05-26 13:00:00,F1_R4,14,1,1.11,13,26,5,23.05,56.79,762.35,1.172
2025-05-26 14:00:00,F1_R4,14,1,1.11,14,26,5,23.07,56.32,757.97,1.167
2025-05-26 15:00:00,F1_R4,14,1,1.11,15,26,5,22.96,55.28,741.86,1.143
2025-05-26 16:00:00,F1_R4,14,1,1.11,16,26,5,21.52,52.55,686.92,0.991
2025-05-26 17:00:00,F1_R4,14,1,1.11,17,26,5,20.07,50.11,600.76,0.713
2025-05-26 18:00:00,F1_R4,14,1,1.11,18,26,5,19.29,46.09,508.03,0.409
2025-05-26 19:00:00,F1_R4,14,1,1.11,19,26,5,17.41,42.43,454.51,0.264
2025-05-26 20:00:00,F1_R4,14,1,1.11,20,26,5,15.83,40.7,432.65,0.219
2025-05-26 21:00:00,F1_R4,14,1,1.11,21,26,5,14.88,37.08,424.17,0.205
2025-05-26 22:00:00,F1_R4,14,1,1.11,22,26,5,14.0,34.95,421.39,0.201
2025-05-26 23:00:00,F1_R4,14,1,1.11,23,26,5,13.82,32.42,420.45,0.2
2025-05-27 00:00:00,F1_R4,14,1,1.11,0,27,5,12.82,30.5,420.02,0.2
2025-05-27 01:00:00,F1_R4,14,1,1.11,1,27,5,13.31,30.81,420.05,0.2
2025-05-27 02:00:00,F1_R4,14,1,1.11,2,27,5,13.18,32.14,420.15,0.2
2025-05-27 03:00:00,F1_R4,14,1,1.11,3,27,5,13.02,33.9,420.47,0.2
2025-05-27 04:00:00,F1_R4,14,1,1.11,4,27,5,13.11,34.8,421.38,0.201
2025-05-27 05:00:00,F1_R4,14,1,1.11,5,27,5,13.73,37.08,424.17,0.205
2025-05-27 06:00:00,F1_R4,14,1,1.11,6,27,5,14.17,40.76,432.67,0.219
2025-05-27 07:00:00,F1_R4,14,1,1.11,7,27,5,15.14,43.52,455.57,0.267
2025-05-27 08:00:00,F1_R4,14,1,1.11,8,27,5,16.16,46.31,508.57,0.411
2025-05-27 09:00:00,F1_R4,14,1,1.11,9,27,5,17.68,50.23,601.33,0.715
2025-05-27 10:00:00,F1_R4,14,1,1.11,10,27,5,18.68,52.83,688.99,1.0
2025-05-27 11:00:00,F1_R4,14,1,1.11,11,27,5,20.87,55.33,742.29,1.145
2025-05-27 12:00:00,F1_R4,14,1,1.11,12,27,5,22.66,57.31,767.42,1.205
2025-05-27 13:00:00,F1_R4,14,1,1.11,13,27,5,23.05,56.79,762.35,1.172
2025-05-27 14:00:00,F1_R4,14,1,1.11,14,27,5,23.07,56.32,757.97,1.167
2025-05-27 15:00:00,F1_R4,14,1,1.11,15,27,5,22.96,55.28,741.86,1.143
2025-05-27 16:00:00,F1_R4,14,1,1.11,16,27,5,21.52,52.55,686.92,0.991
2025-05-27 17:00:00,F1_R4,14,1,1.11,17,27,5,20.07,50.11,600.76,0.713
2025-05-27 18:00:00,F1_R4,14,1,1.11,18,27,5,19.29,46.09,508.03,0.409
2025-05-27 19:00:00,F1_R4,14,1,1.11,19,27,5,17.41,42.43,454.51,0.264
2025-05-27 20:00:00,F1_R4,14,1,1.11,20,27,5,15.83,40.7,432.65,0.219
2025-05-27 21:00:00,F1_R4,14,1,1.11,21,27,5,14.88,37.08,424.17,0.205
2025-05-27 22:00:00,F1_R4,14,1,1.11,22,27,5,14.0,34.95,421.39,0.201
2025-05-27 23:00:00,F1_R4,14,1,1.11,23,27,5,13.82,32.42,420.45,0.2
2025-05-28 00:00:00,F1_R4,14,1,1.11,0,28,5,12.82,30.5,420.02,0.2
2025-05-28 01:00:00,F1_R4,14,1,1.11,1,28,5,13.31,30.81,420.05,0.2
2025-05-28 02:00:00,F1_R4,14,1,1.11,2,28,5,13.18,32.14,420.15,0.2
2025-05-28 03:00:00,F1_R4,14,1,1.11,3,28,5,13.02,33.9,420.47,0.2
2025-05-28 04:00:00,F1_R4,14,1,1.11,4,28,5,13.11,34.8,421.38,0.201
2025-05-28 05:00:00,F1_R4,14,1,1.11,5,28,5,13.73,37.08,424.17,0.202
2025-05-28 06:00:00,F1_R4,14,1,1.11,6,28,5,14.17,40.76,432.67,0.208
2025-05-28 07:00:00,F1_R4,14,1,1.11,7,28,5,15.14,43.52,455.57,0.228
2025-05-28 08:00:00,F1_R4,14,1,1.11,8,28,5,16.16,46.31,508.57,0.286
2025-05-28 09:00:00,F1_R4,14,1,1.11,9,28,5,17.68,50.23,601.33,0.415
2025-05-28 10:00:00,F1_R4,14,1,1.11,10,28,5,18.68,52.83,688.99,0.525
2025-05-28 11:00:00,F1_R4,14,1,1.11,11,28,5,20.87,55.33,742.29,0.584
2025-05-28 12:00:00,F1_R4,14,1,1.11,12,28,5,22.66,57.31,767.42,0.617
2025-05-28 13:00:00,F1_R4,14,1,1.11,13,28,5,23.05,56.79,762.35,0.578
2025-05-28 14:00:00,F1_R4,14,1,1.11,14,28,5,23.07,56.32,757.97,0.578
2025-05-28 15:00:00,F1_R4,14,1,1.11,15,28,5,22.96,55.28,741.86,0.582
2025-05-28 16:00:00,F1_R4,14,1,1.11,16,28,5,21.52,52.55,686.92,0.516
2025-05-28 17:00:00,F1_R4,14,1,1.11,17,28,5,20.07,50.11,600.76,0.413
2025-05-28 18:00:00,F1_R4,14,1,1.11,18,28,5,19.29,46.09,508.03,0.284
2025-05-28 19:00:00,F1_R4,14,1,1.11,19,28,5,17.41,42.43,454.51,0.225
2025-05-28 20:00:00,F1_R4,14,1,1.11,20,28,5,15.83,40.7,432.65,0.208
2025-05-28 21:00:00,F1_R4,14,1,1.11,21,28,5,14.88,37.08,424.17,0.202
2025-05-28 22:00:00,F1_R4,14,1,1.11,22,28,5,14.0,34.95,421.39,0.201
2025-05-28 23:00:00,F1_R4,14,1,1.11,23,28,5,13.82,32.42,420.45,0.2
2025-05-29 00:00:00,F1_R4,14,1,1.11,0,29,5,12.82,30.5,420.02,0.2
2025-05-29 01:00:00,F1_R4,14,1,1.11,1,29,5,13.31,30.81,420.05,0.2
2025-05-29 02:00:00,F1_R4,14,1,1.11,2,29,5,13.18,32.14,420.15,0.2
2025-05-29 03:00:00,F1_R4,14,1,1.11,3,29,5,13.02,33.9,420.47,0.2
2025-05-29 04:00:00,F1_R4,14,1,1.11,4,29,5,13.11,34.8,421.38,0.201
2025-05-29 05:00:00,F1_R4,14,1,1.11,5,29,5,13.73,37.08,424.17,0.202
2025-05-29 06:00:00,F1_R4,14,1,1.11,6,29,5,14.17,40.76,432.67,0.208
2025-05-29 07:00:00,F1_R4,14,1,1.11,7,29,5,15.14,43.52,455.57,0.228
2025-05-29 08:00:00,F1_R4,14,1,1.11,8,29,5,16.16,46.31,508.57,0.286
2025-05-29 09:00:00,F1_R4,14,1,1.11,9,29,5,17.68,50.23,601.33,0.415
2025-05-29 10:00:00,F1_R4,14,1,1.11,10,29,5,18.68,52.83,688.99,0.525
2025-05-29 11:00:00,F1_R4,14,1,1.11,11,29,5,20.87,55.33,742.29,0.584
2025-05-29 12:00:00,F1_R4,14,1,1.11,12,29,5,22.66,57.31,767.42,0.617
2025-05-29 13:00:00,F1_R4,14,1,1.11,13,29,5,23.05,56.79,762.35,0.578
2025-05-29 14:00:00,F1_R4,14,1,1.11,14,29,5,23.07,56.32,757.97,0.578
2025-05-29 15:00:00,F1_R4,14,1,1.11,15,29,5,22.96,55.28,741.86,0.582
2025-05-29 16:00:00,F1_R4,14,1,1.11,16,29,5,21.52,52.55,686.92,0.516
2025-05-29 17:00:00,F1_R4,14,1,1.11,17,29,5,20.07,50.11,600.76,0.413
2025-05-29 18:00:00,F1_R4,14,1,1.11,18,29,5,19.29,46.09,508.03,0.284
2025-05-29 19:00:00,F1_R4,14,1,1.11,19,29,5,17.41,42.43,454.51,0.225
2025-05-29 20:00:00,F1_R4,14,1,1.11,20,29,5,15.83,40.7,432.65,0.208
2025-05-29 21:00:00,F1_R4,14,1,1.11,21,29,5,14.88,37.08,424.17,0.202
2025-05-29 22:00:00,F1_R4,14,1,1.11,22,29,5,14.0,34.95,421.39,0.201
2025-05-29 23:00:00,F1_R4,14,1,1.11,23,29,5,13.82,32.42,420.45,0.2
2025-05-30 00:00:00,F1_R4,14,1,1.11,0,30,5,12.82,30.5,420.02,0.2
2025-05-30 01:00:00,F1_R4,14,1,1.11,1,30,5,13.31,30.81,420.05,0.2
2025-05-30 02:00:00,F1_R4,14,1,1.11,2,30,5,13.18,32.14,420.15,0.2
2025-05-30 03:00:00,F1_R4,14,1,1.11,3,30,5,13.02,33.9,420.47,0.2
2025-05-30 04:00:00,F1_R4,14,1,1.11,4,30,5,13.11,34.8,421.38,0.201
2025-05-30 05:00:00,F1_R4,14,1,1.11,5,30,5,13.73,37.08,424.17,0.202
2025-05-30 06:00:00,F1_R4,14,1,1.11,6,30,5,14.17,40.76,432.67,0.208
2025-05-30 07:00:00,F1_R4,14,1,1.11,7,30,5,15.14,43.52,455.57,0.228
2025-05-30 08:00:00,F1_R4,14,1,1.11,8,30,5,16.16,46.31,508.57,0.286
2025-05-30 09:00:00,F1_R4,14,1,1.11,9,30,5,17.68,50.23,601.33,0.415
2025-05-30 10:00:00,F1_R4,14,1,1.11,10,30,5,18.68,52.83,688.99,0.525
2025-05-30 11:00:00,F1_R4,14,1,1.11,11,30,5,20.87,55.33,742.29,0.584
2025-05-30 12:00:00,F1_R4,14,1,1.11,12,30,5,22.66,57.31,767.42,0.617
2025-05-30 13:00:00,F1_R4,14,1,1.11,13,30,5,23.05,56.79,762.35,0.578
2025-05-30 14:00:00,F1_R4,14,1,1.11,14,30,5,23.07,56.32,757.97,0.578
2025-05-30 15:00:00,F1_R4,14,1,1.11,15,30,5,22.96,55.28,741.86,0.582
2025-05-30 16:00:00,F1_R4,14,1,1.11,16,30,5,21.52,52.55,686.92,0.516
2025-05-30 17:00:00,F1_R4,14,1,1.11,17,30,5,20.07,50.11,600.76,0.413
2025-05-30 18:00:00,F1_R4,14,1,1.11,18,30,5,19.29,46.09,508.03,0.284
2025-05-30 19:00:00,F1_R4,14,1,1.11,19,30,5,17.41,42.43,454.51,0.225
2025-05-30 20:00:00,F1_R4,14,1,1.11,20,30,5,15.83,40.7,432.65,0.208
2025-05-30 21:00:00,F1_R4,14,1,1.11,21,30,5,14.88,37.08,424.17,0.202
2025-05-30 22:00:00,F1_R4,14,1,1.11,22,30,5,14.0,34.95,421.39,0.201
2025-05-30 23:00:00,F1_R4,14,1,1.11,23,30,5,13.82,32.42,420.45,0.2
2025-05-31 00:00:00,F1_R4,14,1,1.11,0,31,5,12.82,30.5,420.02,0.2
2025-05-31 01:00:00,F1_R4,14,1,1.11,1,31,5,13.31,30.81,420.05,0.2
2025-05-31 02:00:00,F1_R4,14,1,1.11,2,31,5,13.18,32.14,420.15,0.2
2025-05-31 03:00:00,F1_R4,14,1,1.11,3,31,5,13.02,33.9,420.47,0.2
2025-05-31 04:00:00,F1_R4,14,1,1.11,4,31,5,13.11,34.8,421.38,0.201
2025-05-31 05:00:00,F1_R4,14,1,1.11,5,31,5,13.73,37.08,424.17,0.202
2025-05-31 06:00:00,F1_R4,14,1,1.11,6,31,5,14.17,40.76,432.67,0.208
2025-05-31 07:00:00,F1_R4,14,1,1.11,7,31,5,15.14,43.52,455.57,0.228
2025-05-31 08:00:00,F1_R4,14,1,1.11,8,31,5,16.16,46.31,508.57,0.286
2025-05-31 09:00:00,F1_R4,14,1,1.11,9,31,5,17.68,50.23,601.33,0.415
2025-05-31 10:00:00,F1_R4,14,1,1.11,10,31,5,18.68,52.83,688.99,0.525
2025-05-31 11:00:00,F1_R4,14,1,1.11,11,31,5,20.87,55.33,742.29,0.584
2025-05-31 12:00:00,F1_R4,14,1,1.11,12,31,5,22.66,57.31,767.42,0.617
2025-05-31 13:00:00,F1_R4,14,1,1.11,13,31,5,23.05,56.79,762.35,0.578
2025-05-31 14:00:00,F1_R4,14,1,1.11,14,31,5,23.07,56.32,757.97,0.578
2025-05-31 15:00:00,F1_R4,14,1,1.11,15,31,5,22.96,55.28,741.86,0.582
2025-05-31 16:00:00,F1_R4,14,1,1.11,16,31,5,21.52,52.55,686.92,0.516
2025-05-31 17:00:00,F1_R4,14,1,1.11,17,31,5,20.07,50.11,600.76,0.413
2025-05-31 18:00:00,F1_R4,14,1,1.11,18,31,5,19.29,46.09,508.03,0.284
2025-05-31 19:00:00,F1_R4,14,1,1.11,19,31,5,17.41,42.43,454.51,0.225
2025-05-31 20:00:00,F1_R4,14,1,1.11,20,31,5,15.83,40.7,432.65,0.208
2025-05-31 21:00:00,F1_R4,14,1,1.11,21,31,5,14.88,37.08,424.17,0.202
2025-05-31 22:00:00,F1_R4,14,1,1.11,22,31,5,14.0,34.95,421.39,0.201
2025-05-31 23:00:00,F1_R4,14,1,1.11,23,31,5,13.82,32.42,420.45,0.2
2025-06-01 00:00:00,F1_R4,14,1,1.11,0,1,6,12.82,30.5,420.02,0.2
2025-06-01 01:00:00,F1_R4,14,1,1.11,1,1,6,13.31,30.81,420.05,0.2
2025-06-01 02:00:00,F1_R4,14,1,1.11,2,1,6,13.18,32.14,420.15,0.2
2025-06-01 03:00:00,F1_R4,14,1,1.11,3,1,6,13.02,33.9,420.47,0.2
2025-06-01 04:00:00,F1_R4,14,1,1.11,4,1,6,13.11,34.8,421.38,0.201
2025-06-01 05:00:00,F1_R4,14,1,1.11,5,1,6,13.73,37.08,424.17,0.202
2025-06-01 06:00:00,F1_R4,14,1,1.11,6,1,6,14.17,40.76,432.67,0.208
2025-06-01 07:00:00,F1_R4,14,1,1.11,7,1,6,15.14,43.52,455.57,0.228
2025-06-01 08:00:00,F1_R4,14,1,1.11,8,1,6,16.16,46.31,508.57,0.286
2025-06-01 09:00:00,F1_R4,14,1,1.11,9,1,6,17.68,50.23,601.33,0.415
2025-06-01 10:00:00,F1_R4,14,1,1.11,10,1,6,18.68,52.83,688.99,0.525
2025-06-01 11:00:00,F1_R4,14,1,1.11,11,1,6,20.87,55.33,742.29,0.584
2025-06-01 12:00:00,F1_R4,14,1,1.11,12,1,6,22.66,57.31,767.42,0.617
2025-06-01 13:00:00,F1_R4,14,1,1.11,13,1,6,23.05,56.79,762.35,0.578
2025-06-01 14:00:00,F1_R4,14,1,1.11,14,1,6,23.07,56.32,757.97,0.578
2025-06-01 15:00:00,F1_R4,14,1,1.11,15,1,6,22.96,55.28,741.86,0.582
2025-06-01 16:00:00,F1_R4,14,1,1.11,16,1,6,21.52,52.55,686.92,0.516
2025-06-01 17:00:00,F1_R4,14,1,1.11,17,1,6,20.07,50.11,600.76,0.413
2025-06-01 18:00:00,F1_R4,14,1,1.11,18,1,6,19.29,46.09,508.03,0.284
2025-06-01 19:00:00,F1_R4,14,1,1.11,19,1,6,17.41,42.43,454.51,0.225
2025-06-01 20:00:00,F1_R4,14,1,1.11,20,1,6,15.83,40.7,432.65,0.208
2025-06-01 21:00:00,F1_R4,14,1,1.11,21,1,6,14.88,37.08,424.17,0.202
2025-06-01 22:00:00,F1_R4,14,1,1.11,22,1,6,14.0,34.95,421.39,0.201
2025-06-01 23:00:00,F1_R4,14,1,1.11,23,1,6,13.82,32.42,420.45,0.2
2025-06-02 00:00:00,F1_R4,14,1,1.11,0,2,6,12.82,30.5,420.02,0.2
2025-06-02 01:00:00,F1_R4,14,1,1.11,1,2,6,13.31,30.81,420.05,0.2
2025-06-02 02:00:00,F1_R4,14,1,1.11,2,2,6,13.18,32.14,420.15,0.2
2025-06-02 03:00:00,F1_R4,14,1,1.11,3,2,6,13.02,33.9,420.47,0.2
2025-06-02 04:00:00,F1_R4,14,1,1.11,4,2,6,13.11,34.8,421.38,0.201
2025-06-02 05:00:00,F1_R4,14,1,1.11,5,2,6,13.73,37.08,424.17,0.205
2025-06-02 06:00:00,F1_R4,14,1,1.11,6,2,6,14.17,40.76,432.67,0.219
2025-06-02 07:00:00,F1_R4,14,1,1.11,7,2,6,15.14,43.52,455.57,0.267
2025-06-02 08:00:00,F1_R4,14,1,1.11,8,2,6,16.16,46.31,508.57,0.411
2025-06-02 09:00:00,F1_R4,14,1,1.11,9,2,6,17.68,50.23,601.33,0.715
2025-06-02 10:00:00,F1_R4,14,1,1.11,10,2,6,18.68,52.83,688.99,1.0
2025-06-02 11:00:00,F1_R4,14,1,1.11,11,2,6,20.87,55.33,742.29,1.145
2025-06-02 12:00:00,F1_R4,14,1,1.11,12,2,6,22.66,57.31,767.42,1.205
2025-06-02 13:00:00,F1_R4,14,1,1.11,13,2,6,23.05,56.79,762.35,1.172
2025-06-02 14:00:00,F1_R4,14,1,1.11,14,2,6,23.07,56.32,757.97,1.167
2025-06-02 15:00:00,F1_R4,14,1,1.11,15,2,6,22.96,55.28,741.86,1.143
2025-06-02 16:00:00,F1_R4,14,1,1.11,16,2,6,21.52,52.55,686.92,0.991
2025-06-02 17:00:00,F1_R4,14,1,1.11,17,2,6,20.07,50.11,600.76,0.713
2025-06-02 18:00:00,F1_R4,14,1,1.11,18,2,6,19.29,46.09,508.03,0.409
2025-06-02 19:00:00,F1_R4,14,1,1.11,19,2,6,17.41,42.43,454.51,0.264
2025-06-02 20:00:00,F1_R4,14,1,1.11,20,2,6,15.83,40.7,432.65,0.219
2025-06-02 21:00:00,F1_R4,14,1,1.11,21,2,6,14.88,37.08,424.17,0.205
2025-06-02 22:00:00,F1_R4,14,1,1.11,22,2,6,14.0,34.95,421.39,0.201
2025-06-02 23:00:00,F1_R4,14,1,1.11,23,2,6,13.82,32.42,420.45,0.2
2025-06-03 00:00:00,F1_R4,14,1,1.11,0,3,6,12.82,30.5,420.02,0.2
2025-06-03 01:00:00,F1_R4,14,1,1.11,1,3,6,13.31,30.81,420.05,0.2
2025-06-03 02:00:00,F1_R4,14,1,1.11,2,3,6,13.18,32.14,420.15,0.2
2025-06-03 03:00:00,F1_R4,14,1,1.11,3,3,6,13.02,33.9,420.47,0.2
2025-06-03 04:00:00,F1_R4,14,1,1.11,4,3,6,13.11,34.8,421.38,0.201
2025-06-03 05:00:00,F1_R4,14,1,1.11,5,3,6,13.73,37.08,424.17,0.205
2025-06-03 06:00:00,F1_R4,14,1,1.11,6,3,6,14.17,40.76,432.67,0.219
2025-06-03 07:00:00,F1_R4,14,1,1.11,7,3,6,15.14,43.52,455.57,0.267
2025-06-03 08:00:00,F1_R4,14,1,1.11,8,3,6,16.16,46.31,508.57,0.411
2025-06-03 09:00:00,F1_R4,14,1,1.11,9,3,6,17.68,50.23,601.33,0.715
2025-06-03 10:00:00,F1_R4,14,1,1.11,10,3,6,18.68,52.83,688.99,1.0
2025-06-03 11:00:00,F1_R4,14,1,1.11,11,3,6,20.87,55.33,742.29,1.145
2025-06-03 12:00:00,F1_R4,14,1,1.11,12,3,6,22.66,57.31,767.42,1.205
2025-06-03 13:00:00,F1_R4,14,1,1.11,13,3,6,23.05,56.79,762.35,1.172
2025-06-03 14:00:00,F1_R4,14,1,1.11,14,3,6,23.07,56.32,757.97,1.167
2025-06-03 15:00:00,F1_R4,14,1,1.11,15,3,6,22.96,55.28,741.86,1.143
2025-06-03 16:00:00,F1_R4,14,1,1.11,16,3,6,21.52,52.55,686.92,0.991
2025-06-03 17:00:00,F1_R4,14,1,1.11,17,3,6,20.07,50.11,600.76,0.713
2025-06-03 18:00:00,F1_R4,14,1,1.11,18,3,6,19.29,46.09,508.03,0.409
2025-06-03 19:00:00,F1_R4,14,1,1.11,19,3,6,17.41,42.43,454.51,0.264
2025-06-03 20:00:00,F1_R4,14,1,1.11,20,3,6,15.83,40.7,432.65,0.219
2025-06-03 21:00:00,F1_R4,14,1,1.11,21,3,6,14.88,37.08,424.17,0.205
2025-06-03 22:00:00,F1_R4,14,1,1.11,22,3,6,14.0,34.95,421.39,0.201
2025-06-03 23:00:00,F1_R4,14,1,1.11,23,3,6,13.82,32.42,420.45,0.2
2025-06-04 00:00:00,F1_R4,14,1,1.11,0,4,6,12.82,30.5,420.02,0.2
2025-06-04 01:00:00,F1_R4,14,1,1.11,1,4,6,13.31,30.81,420.05,0.2
2025-06-04 02:00:00,F1_R4,14,1,1.11,2,4,6,13.18,32.14,420.15,0.2
2025-06-04 03:00:00,F1_R4,14,1,1.11,3,4,6,13.02,33.9,420.47,0.2
2025-06-04 04:00:00,F1_R4,14,1,1.11,4,4,6,13.11,34.8,421.38,0.201
2025-06-04 05:00:00,F1_R4,14,1,1.11,5,4,6,13.73,37.08,424.17,0.202
2025-06-04 06:00:00,F1_R4,14,1,1.11,6,4,6,14.17,40.76,432.67,0.208
2025-06-04 07:00:00,F1_R4,14,1,1.11,7,4,6,15.14,43.52,455.57,0.228
2025-06-04 08:00:00,F1_R4,14,1,1.11,8,4,6,16.16,46.31,508.57,0.286
2025-06-04 09:00:00,F1_R4,14,1,1.11,9,4,6,17.68,50.23,601.33,0.415
2025-06-04 10:00:00,F1_R4,14,1,1.11,10,4,6,18.68,52.83,688.99,0.525
2025-06-04 11:00:00,F1_R4,14,1,1.11,11,4,6,20.87,55.33,742.29,0.584
2025-06-04 12:00:00,F1_R4,14,1,1.11,12,4,6,22.66,57.31,767.42,0.617
2025-06-04 13:00:00,F1_R4,14,1,1.11,13,4,6,23.05,56.79,762.35,0.578
2025-06-04 14:00:00,F1_R4,14,1,1.11,14,4,6,23.07,56.32,757.97,0.578
2025-06-04 15:00:00,F1_R4,14,1,1.11,15,4,6,22.96,55.28,741.86,0.582
2025-06-04 16:00:00,F1_R4,14,1,1.11,16,4,6,21.52,52.55,686.92,0.516
2025-06-04 17:00:00,F1_R4,14,1,1.11,17,4,6,20.07,50.11,600.76,0.413
2025-06-04 18:00:00,F1_R4,14,1,1.11,18,4,6,19.29,46.09,508.03,0.284
2025-06-04 19:00:00,F1_R4,14,1,1.11,19,4,6,17.41,42.43,454.51,0.225
2025-06-04 20:00:00,F1_R4,14,1,1.11,20,4,6,15.83,40.7,432.65,0.208
2025-06-04 21:00:00,F1_R4,14,1,1.11,21,4,6,14.88,37.08,424.17,0.202
2025-06-04 22:00:00,F1_R4,14,1,1.11,22,4,6,14.0,34.95,421.39,0.201
2025-06-04 23:00:00,F1_R4,14,1,1.11,23,4,6,13.82,32.42,420.45,0.2
2025-06-05 00:00:00,F1_R4,14,1,1.11,0,5,6,12.82,30.5,420.02,0.2
2025-06-05 01:00:00,F1_R4,14,1,1.11,1,5,6,13.31,30.81,420.05,0.2
2025-06-05 02:00:00,F1_R4,14,1,1.11,2,5,6,13.18,32.14,420.15,0.2
2025-06-05 03:00:00,F1_R4,14,1,1.11,3,5,6,13.02,33.9,420.47,0.2
2025-06-05 04:00:00,F1_R4,14,1,1.11,4,5,6,13.11,34.8,421.38,0.201
2025-06-05 05:00:00,F1_R4,14,1,1.11,5,5,6,13.73,37.08,424.17,0.202
2025-06-05 06:00:00,F1_R4,14,1,1.11,6,5,6,14.17,40.76,432.67,0.208
2025-06-05 07:00:00,F1_R4,14,1,1.11,7,5,6,15.14,43.52,455.57,0.228
2025-06-05 08:00:00,F1_R4,14,1,1.11,8,5,6,16.16,46.31,508.57,0.286
2025-06-05 09:00:00,F1_R4,14,1,1.11,9,5,6,17.68,50.23,601.33,0.415
2025-06-05 10:00:00,F1_R4,14,1,1.11,10,5,6,18.68,52.83,688.99,0.525
2025-06-05 11:00:00,F1_R4,14,1,1.11,11,5,6,20.87,55.33,742.29,0.584
2025-06-05 12:00:00,F1_R4,14,1,1.11,12,5,6,22.66,57.31,767.42,0.617
2025-06-05 13:00:00,F1_R4,14,1,1.11,13,5,6,23.05,56.79,762.35,0.578
2025-06-05 14:00:00,F1_R4,14,1,1.11,14,5,6,23.07,56.32,757.97,0.578
2025-06-05 15:00:00,F1_R4,14,1,1.11,15,5,6,22.96,55.28,741.86,0.582
2025-06-05 16:00:00,F1_R4,14,1,1.11,16,5,6,21.52,52.55,686.92,0.516
2025-06-05 17:00:00,F1_R4,14,1,1.11,17,5,6,20.07,50.11,600.76,0.413
2025-06-05 18:00:00,F1_R4,14,1,1.11,18,5,6,19.29,46.09,508.03,0.284
2025-06-05 19:00:00,F1_R4,14,1,1.11,19,5,6,17.41,42.43,454.51,0.225
2025-06-05 20:00:00,F1_R4,14,1,1.11,20,5,6,15.83,40.7,432.65,0.208
2025-06-05 21:00:00,F1_R4,14,1,1.11,21,5,6,14.88,37.08,424.17,0.202
2025-06-05 22:00:00,F1_R4,14,1,1.11,22,5,6,14.0,34.95,421.39,0.201
2025-06-05 23:00:00,F1_R4,14,1,1.11,23,5,6,13.82,32.42,420.45,0.2
2025-06-06 00:00:00,F1_R4,14,1,1.11,0,6,6,12.82,30.5,420.02,0.2
2025-06-06 01:00:00,F1_R4,14,1,1.11,1,6,6,13.31,30.81,420.05,0.2
2025-06-06 02:00:00,F1_R4,14,1,1.11,2,6,6,13.18,32.14,420.15,0.2
2025-06-06 03:00:00,F1_R4,14,1,1.11,3,6,6,13.02,33.9,420.47,0.2
2025-06-06 04:00:00,F1_R4,14,1,1.11,4,6,6,13.11,34.8,421.38,0.201
2025-06-06 05:00:00,F1_R4,14,1,1.11,5,6,6,13.73,37.08,424.17,0.202
2025-06-06 06:00:00,F1_R4,14,1,1.11,6,6,6,14.17,40.76,432.67,0.208
2025-06-06 07:00:00,F1_R4,14,1,1.11,7,6,6,15.14,43.52,455.57,0.228
2025-06-06 08:00:00,F1_R4,14,1,1.11,8,6,6,16.16,46.31,508.57,0.286
2025-06-06 09:00:00,F1_R4,14,1,1.11,9,6,6,17.68,50.23,601.33,0.415
2025-06-06 10:00:00,F1_R4,14,1,1.11,10,6,6,18.68,52.83,688.99,0.525
2025-06-06 11:00:00,F1_R4,14,1,1.11,11,6,6,20.87,55.33,742.29,0.584
2025-06-06 12:00:00,F1_R4,14,1,1.11,12,6,6,22.66,57.31,767.42,0.617
2025-06-06 13:00:00,F1_R4,14,1,1.11,13,6,6,23.05,56.79,762.35,0.578
2025-06-06 14:00:00,F1_R4,14,1,1.11,14,6,6,23.07,56.32,757.97,0.578
2025-06-06 15:00:00,F1_R4,14,1,1.11,15,6,6,22.96,55.28,741.86,0.582
2025-06-06 16:00:00,F1_R4,14,1,1.11,16,6,6,21.52,52.55,686.92,0.516
2025-06-06 17:00:00,F1_R4,14,1,1.11,17,6,6,20.07,50.11,600.76,0.413
2025-06-06 18:00:00,F1_R4,14,1,1.11,18,6,6,19.29,46.09,508.03,0.284
2025-06-06 19:00:00,F1_R4,14,1,1.11,19,6,6,17.41,42.43,454.51,0.225
2025-06-06 20:00:00,F1_R4,14,1,1.11,20,6,6,15.83,40.7,432.65,0.208
2025-06-06 21:00:00,F1_R4,14,1,1.11,21,6,6,14.88,37.08,424.17,0.202
2025-06-06 22:00:00,F1_R4,14,1,1.11,22,6,6,14.0,34.95,421.39,0.201
2025-06-06 23:00:00,F1_R4,14,1,1.11,23,6,6,13.82,32.42,420.45,0.2
2025-06-07 00:00:00,F1_R4,14,1,1.11,0,7,6,12.82,30.5,420.02,0.2
2025-06-07 01:00:00,F1_R4,14,1,1.11,1,7,6,13.31,30.81,420.05,0.2
2025-06-07 02:00:00,F1_R4,14,1,1.11,2,7,6,13.18,32.14,420.15,0.2
2025-06-07 03:00:00,F1_R4,14,1,1.11,3,7,6,13.02,33.9,420.47,0.2
2025-06-07 04:00:00,F1_R4,14,1,1.11,4,7,6,13.11,34.8,421.38,0.201
2025-06-07 05:00:00,F1_R4,14,1,1.11,5,7,6,13.73,37.08,424.17,0.202
2025-06-07 06:00:00,F1_R4,14,1,1.11,6,7,6,14.17,40.76,432.67,0.208
2025-06-07 07:00:00,F1_R4,14,1,1.11,7,7,6,15.14,43.52,455.57,0.228
2025-06-07 08:00:00,F1_R4,14,1,1.11,8,7,6,16.16,46.31,508.57,0.286
2025-06-07 09:00:00,F1_R4,14,1,1.11,9,7,6,17.68,50.23,601.33,0.415
2025-06-07 10:00:00,F1_R4,14,1,1.11,10,7,6,18.68,52.83,688.99,0.525
2025-06-07 11:00:00,F1_R4,14,1,1.11,11,7,6,20.87,55.33,742.29,0.584
2025-06-07 12:00:00,F1_R4,14,1,1.11,12,7,6,22.66,57.31,767.42,0.617
2025-06-07 13:00:00,F1_R4,14,1,1.11,13,7,6,23.05,56.79,762.35,0.578
2025-06-07 14:00:00,F1_R4,14,1,1.11,14,7,6,23.07,56.32,757.97,0.578
2025-06-07 15:00:00,F1_R4,14,1,1.11,15,7,6,22.96,55.28,741.86,0.582
2025-06-07 16:00:00,F1_R4,14,1,1.11,16,7,6,21.52,52.55,686.92,0.516
2025-06-07 17:00:00,F1_R4,14,1,1.11,17,7,6,20.07,50.11,600.76,0.413
2025-06-07 18:00:00,F1_R4,14,1,1.11,18,7,6,19.29,46.09,508.03,0.284
2025-06-07 19:00:00,F1_R4,14,1,1.11,19,7,6,17.41,42.43,454.51,0.225
2025-06-07 20:00:00,F1_R4,14,1,1.11,20,7,6,15.83,40.7,432.65,0.208
2025-06-07 21:00:00,F1_R4,14,1,1.11,21,7,6,14.88,37.08,424.17,0.202
2025-06-07 22:00:00,F1_R4,14,1,1.11,22,7,6,14.0,34.95,421.39,0.201
2025-06-07 23:00:00,F1_R4,14,1,1.11,23,7,6,13.82,32.42,420.45,0.2
2025-06-08 00:00:00,F1_R4,14,1,1.11,0,8,6,12.82,30.5,420.02,0.2
2025-06-08 01:00:00,F1_R4,14,1,1.11,1,8,6,13.31,30.81,420.05,0.2
2025-06-08 02:00:00,F1_R4,14,1,1.11,2,8,6,13.18,32.14,420.15,0.2
2025-06-08 03:00:00,F1_R4,14,1,1.11,3,8,6,13.02,33.9,420.47,0.2
2025-06-08 04:00:00,F1_R4,14,1,1.11,4,8,6,13.11,34.8,421.38,0.201
2025-06-08 05:00:00,F1_R4,14,1,1.11,5,8,6,13.73,37.08,424.17,0.202
2025-06-08 06:00:00,F1_R4,14,1,1.11,6,8,6,14.17,40.76,432.67,0.208
2025-06-08 07:00:00,F1_R4,14,1,1.11,7,8,6,15.14,43.52,455.57,0.228
2025-06-08 08:00:00,F1_R4,14,1,1.11,8,8,6,16.16,46.31,508.57,0.286
2025-06-08 09:00:00,F1_R4,14,1,1.11,9,8,6,17.68,50.23,601.33,0.415
2025-06-08 10:00:00,F1_R4,14,1,1.11,10,8,6,18.68,52.83,688.99,0.525
2025-06-08 11:00:00,F1_R4,14,1,1.11,11,8,6,20.87,55.33,742.29,0.584
2025-06-08 12:00:00,F1_R4,14,1,1.11,12,8,6,22.66,57.31,767.42,0.617
2025-06-08 13:00:00,F1_R4,14,1,1.11,13,8,6,23.05,56.79,762.35,0.578
2025-06-08 14:00:00,F1_R4,14,1,1.11,14,8,6,23.07,56.32,757.97,0.578
2025-06-08 15:00:00,F1_R4,14,1,1.11,15,8,6,22.96,55.28,741.86,0.582
2025-06-08 16:00:00,F1_R4,14,1,1.11,16,8,6,21.52,52.55,686.92,0.516
2025-06-08 17:00:00,F1_R4,14,1,1.11,17,8,6,20.07,50.11,600.76,0.413
2025-06-08 18:00:00,F1_R4,14,1,1.11,18,8,6,19.29,46.09,508.03,0.284
2025-06-08 19:00:00,F1_R4,14,1,1.11,19,8,6,17.41,42.43,454.51,0.225
2025-06-08 20:00:00,F1_R4,14,1,1.11,20,8,6,15.83,40.7,432.65,0.208
2025-06-08 21:00:00,F1_R4,14,1,1.11,21,8,6,14.88,37.08,424.17,0.202
2025-06-08 22:00:00,F1_R4,14,1,1.11,22,8,6,14.0,34.95,421.39,0.201
2025-06-08 23:00:00,F1_R4,14,1,1.11,23,8,6,13.82,32.42,420.45,0.2
2025-06-09 00:00:00,F1_R4,14,1,1.11,0,9,6,12.82,30.5,420.02,0.2
2025-06-09 01:00:00,F1_R4,14,1,1.11,1,9,6,13.31,30.81,420.05,0.2
2025-06-09 02:00:00,F1_R4,14,1,1.11,2,9,6,13.18,32.14,420.15,0.2
2025-06-09 03:00:00,F1_R4,14,1,1.11,3,9,6,13.02,33.9,420.47,0.2
2025-06-09 04:00:00,F1_R4,14,1,1.11,4,9,6,13.11,34.8,421.38,0.201
2025-06-09 05:00:00,F1_R4,14,1,1.11,5,9,6,13.73,37.08,424.17,0.205
2025-06-09 06:00:00,F1_R4,14,1,1.11,6,9,6,14.17,40.76,432.67,0.219
2025-06-09 07:00:00,F1_R4,14,1,1.11,7,9,6,15.14,43.52,455.57,0.267
2025-06-09 08:00:00,F1_R4,14,1,1.11,8,9,6,16.16,46.31,508.57,0.411
2025-06-09 09:00:00,F1_R4,14,1,1.11,9,9,6,17.68,50.23,601.33,0.715
2025-06-09 10:00:00,F1_R4,14,1,1.11,10,9,6,18.68,52.83,688.99,1.0
2025-06-09 11:00:00,F1_R4,14,1,1.11,11,9,6,20.87,55.33,742.29,1.145
2025-06-09 12:00:00,F1_R4,14,1,1.11,12,9,6,22.66,57.31,767.42,1.205
2025-06-09 13:00:00,F1_R4,14,1,1.11,13,9,6,23.05,56.79,762.35,1.172
2025-06-09 14:00:00,F1_R4,14,1,1.11,14,9,6,23.07,56.32,757.97,1.167
2025-06-09 15:00:00,F1_R4,14,1,1.11,15,9,6,22.96,55.28,741.86,1.143
2025-06-09 16:00:00,F1_R4,14,1,1.11,16,9,6,21.52,52.55,686.92,0.991
2025-06-09 17:00:00,F1_R4,14,1,1.11,17,9,6,20.07,50.11,600.76,0.713
2025-06-09 18:00:00,F1_R4,14,1,1.11,18,9,6,19.29,46.09,508.03,0.409
2025-06-09 19:00:00,F1_R4,14,1,1.11,19,9,6,17.41,42.43,454.51,0.264
2025-06-09 20:00:00,F1_R4,14,1,1.11,20,9,6,15.83,40.7,432.65,0.219
2025-06-09 21:00:00,F1_R4,14,1,1.11,21,9,6,14.88,37.08,424.17,0.205
2025-06-09 22:00:00,F1_R4,14,1,1.11,22,9,6,14.0,34.95,421.39,0.201
2025-06-09 23:00:00,F1_R4,14,1,1.11,23,9,6,13.82,32.42,420.45,0.2
2025-06-10 00:00:00,F1_R4,14,1,1.11,0,10,6,12.82,30.5,420.02,0.2
2025-06-10 01:00:00,F1_R4,14,1,1.11,1,10,6,13.31,30.81,420.05,0.2
2025-06-10 02:00:00,F1_R4,14,1,1.11,2,10,6,13.18,32.14,420.15,0.2
2025-06-10 03:00:00,F1_R4,14,1,1.11,3,10,6,13.02,33.9,420.47,0.2
2025-06-10 04:00:00,F1_R4,14,1,1.11,4,10,6,13.11,34.8,421.38,0.201
2025-06-10 05:00:00,F1_R4,14,1,1.11,5,10,6,13.73,37.08,424.17,0.205
2025-06-10 06:00:00,F1_R4,14,1,1.11,6,10,6,14.17,40.76,432.67,0.219
2025-06-10 07:00:00,F1_R4,14,1,1.11,7,10,6,15.14,43.52,455.57,0.267
2025-06-10 08:00:00,F1_R4,14,1,1.11,8,10,6,16.16,46.31,508.57,0.411
2025-06-10 09:00:00,F1_R4,14,1,1.11,9,10,6,17.68,50.23,601.33,0.715
2025-06-10 10:00:00,F1_R4,14,1,1.11,10,10,6,18.68,52.83,688.99,1.0
2025-06-10 11:00:00,F1_R4,14,1,1.11,11,10,6,20.87,55.33,742.29,1.145
2025-06-10 12:00:00,F1_R4,14,1,1.11,12,10,6,22.66,57.31,767.42,1.205
2025-06-10 13:00:00,F1_R4,14,1,1.11,13,10,6,23.05,56.79,762.35,1.172
2025-06-10 14:00:00,F1_R4,14,1,1.11,14,10,6,23.07,56.32,757.97,1.167
2025-06-10 15:00:00,F1_R4,14,1,1.11,15,10,6,22.96,55.28,741.86,1.143
2025-06-10 16:00:00,F1_R4,14,1,1.11,16,10,6,21.52,52.55,686.92,0.991
2025-06-10 17:00:00,F1_R4,14,1,1.11,17,10,6,20.07,50.11,600.76,0.713
2025-06-10 18:00:00,F1_R4,14,1,1.11,18,10,6,19.29,46.09,508.03,0.409
2025-06-10 19:00:00,F1_R4,14,1,1.11,19,10,6,17.41,42.43,454.51,0.264
2025-06-10 20:00:00,F1_R4,14,1,1.11,20,10,6,15.83,40.7,432.65,0.219
2025-06-10 21:00:00,F1_R4,14,1,1.11,21,10,6,14.88,37.08,424.17,0.205
2025-06-10 22:00:00,F1_R4,14,1,1.11,22,10,6,14.0,34.95,421.39,0.201
2025-06-10 23:00:00,F1_R4,14,1,1.11,23,10,6,13.82,32.42,420.45,0.2
2025-06-11 00:00:00,F1_R4,14,1,1.11,0,11,6,12.82,30.5,420.02,0.2
2025-06-11 01:00:00,F1_R4,14,1,1.11,1,11,6,13.31,30.81,420.05,0.2
2025-06-11 02:00:00,F1_R4,14,1,1.11,2,11,6,13.18,32.14,420.15,0.2
2025-06-11 03:00:00,F1_R4,14,1,1.11,3,11,6,13.02,33.9,420.47,0.2
2025-06-11 04:00:00,F1_R4,14,1,1.11,4,11,6,13.11,34.8,421.38,0.201
2025-06-11 05:00:00,F1_R4,14,1,1.11,5,11,6,13.73,37.08,424.17,0.202
2025-06-11 06:00:00,F1_R4,14,1,1.11,6,11,6,14.17,40.76,432.67,0.208
2025-06-11 07:00:00,F1_R4,14,1,1.11,7,11,6,15.14,43.52,455.57,0.228
2025-06-11 08:00:00,F1_R4,14,1,1.11,8,11,6,16.16,46.31,508.57,0.286
2025-06-11 09:00:00,F1_R4,14,1,1.11,9,11,6,17.68,50.23,601.33,0.415
2025-06-11 10:00:00,F1_R4,14,1,1.11,10,11,6,18.68,52.83,688.99,0.525
2025-06-11 11:00:00,F1_R4,14,1,1.11,11,11,6,20.87,55.33,742.29,0.584
2025-06-11 12:00:00,F1_R4,14,1,1.11,12,11,6,22.66,57.31,767.42,0.617
2025-06-11 13:00:00,F1_R4,14,1,1.11,13,11,6,23.05,56.79,762.35,0.578
2025-06-11 14:00:00,F1_R4,14,1,1.11,14,11,6,23.07,56.32,757.97,0.578
2025-06-11 15:00:00,F1_R4,14,1,1.11,15,11,6,22.96,55.28,741.86,0.582
2025-06-11 16:00:00,F1_R4,14,1,1.11,16,11,6,21.52,52.55,686.92,0.516
2025-06-11 17:00:00,F1_R4,14,1,1.11,17,11,6,20.07,50.11,600.76,0.413
2025-06-11 18:00:00,F1_R4,14,1,1.11,18,11,6,19.29,46.09,508.03,0.284
2025-06-11 19:00:00,F1_R4,14,1,1.11,19,11,6,17.41,42.43,454.51,0.225
2025-06-11 20:00:00,F1_R4,14,1,1.11,20,11,6,15.83,40.7,432.65,0.208
2025-06-11 21:00:00,F1_R4,14,1,1.11,21,11,6,14.88,37.08,424.17,0.202
2025-06-11 22:00:00,F1_R4,14,1,1.11,22,11,6,14.0,34.95,421.39,0.201
2025-06-11 23:00:00,F1_R4,14,1,1.11,23,11,6,13.82,32.42,420.45,0.2
2025-06-12 00:00:00,F1_R4,14,1,1.11,0,12,6,12.82,30.5,420.02,0.2
2025-06-12 01:00:00,F1_R4,14,1,1.11,1,12,6,13.31,30.81,420.05,0.2
2025-06-12 02:00:00,F1_R4,14,1,1.11,2,12,6,13.18,32.14,420.15,0.2
2025-06-12 03:00:00,F1_R4,14,1,1.11,3,12,6,13.02,33.9,420.47,0.2
2025-06-12 04:00:00,F1_R4,14,1,1.11,4,12,6,13.11,34.8,421.38,0.201
2025-06-12 05:00:00,F1_R4,14,1,1.11,5,12,6,13.73,37.08,424.17,0.202
2025-06-12 06:00:00,F1_R4,14,1,1.11,6,12,6,14.17,40.76,432.67,0.208
2025-06-12 07:00:00,F1_R4,14,1,1.11,7,12,6,15.14,43.52,455.57,0.228
2025-06-12 08:00:00,F1_R4,14,1,1.11,8,12,6,16.16,46.31,508.57,0.286
2025-06-12 09:00:00,F1_R4,14,1,1.11,9,12,6,17.68,50.23,601.33,0.415
2025-06-12 10:00:00,F1_R4,14,1,1.11,10,12,6,18.68,52.83,688.99,0.525
2025-06-12 11:00:00,F1_R4,14,1,1.11,11,12,6,20.87,55.33,742.29,0.584
2025-06-12 12:00:00,F1_R4,14,1,1.11,12,12,6,22.66,57.31,767.42,0.617
2025-06-12 13:00:00,F1_R4,14,1,1.11,13,12,6,23.05,56.79,762.35,0.578
2025-06-12 14:00:00,F1_R4,14,1,1.11,14,12,6,23.07,56.32,757.97,0.578
2025-06-12 15:00:00,F1_R4,14,1,1.11,15,12,6,22.96,55.28,741.86,0.582
2025-06-12 16:00:00,F1_R4,14,1,1.11,16,12,6,21.52,52.55,686.92,0.516
2025-06-12 17:00:00,F1_R4,14,1,1.11,17,12,6,20.07,50.11,600.76,0.413
2025-06-12 18:00:00,F1_R4,14,1,1.11,18,12,6,19.29,46.09,508.03,0.284
2025-06-12 19:00:00,F1_R4,14,1,1.11,19,12,6,17.41,42.43,454.51,0.225
2025-06-12 20:00:00,F1_R4,14,1,1.11,20,12,6,15.83,40.7,432.65,0.208
2025-06-12 21:00:00,F1_R4,14,1,1.11,21,12,6,14.88,37.08,424.17,0.202
2025-06-12 22:00:00,F1_R4,14,1,1.11,22,12,6,14.0,34.95,421.39,0.201
2025-06-12 23:00:00,F1_R4,14,1,1.11,23,12,6,13.82,32.42,420.45,0.2
2025-06-13 00:00:00,F1_R4,14,1,1.11,0,13,6,12.82,30.5,420.02,0.2
2025-06-13 01:00:00,F1_R4,14,1,1.11,1,13,6,13.31,30.81,420.05,0.2
2025-06-13 02:00:00,F1_R4,14,1,1.11,2,13,6,13.18,32.14,420.15,0.2
2025-06-13 03:00:00,F1_R4,14,1,1.11,3,13,6,13.02,33.9,420.47,0.2
2025-06-13 04:00:00,F1_R4,14,1,1.11,4,13,6,13.11,34.8,421.38,0.201
2025-06-13 05:00:00,F1_R4,14,1,1.11,5,13,6,13.73,37.08,424.17,0.202
2025-06-13 06:00:00,F1_R4,14,1,1.11,6,13,6,14.17,40.76,432.67,0.208
2025-06-13 07:00:00,F1_R4,14,1,1.11,7,13,6,15.14,43.52,455.57,0.228
2025-06-13 08:00:00,F1_R4,14,1,1.11,8,13,6,16.16,46.31,508.57,0.286
2025-06-13 09:00:00,F1_R4,14,1,1.11,9,13,6,17.68,50.23,601.33,0.415
2025-06-13 10:00:00,F1_R4,14,1,1.11,10,13,6,18.68,52.83,688.99,0.525
2025-06-13 11:00:00,F1_R4,14,1,1.11,11,13,6,20.87,55.33,742.29,0.584
2025-06-13 12:00:00,F1_R4,14,1,1.11,12,13,6,22.66,57.31,767.42,0.617
2025-06-13 13:00:00,F1_R4,14,1,1.11,13,13,6,23.05,56.79,762.35,0.578
2025-06-13 14:00:00,F1_R4,14,1,1.11,14,13,6,23.07,56.32,757.97,0.578
2025-06-13 15:00:00,F1_R4,14,1,1.11,15,13,6,22.96,55.28,741.86,0.582
2025-06-13 16:00:00,F1_R4,14,1,1.11,16,13,6,21.52,52.55,686.92,0.516
2025-06-13 17:00:00,F1_R4,14,1,1.11,17,13,6,20.07,50.11,600.76,0.413
2025-06-13 18:00:00,F1_R4,14,1,1.11,18,13,6,19.29,46.09,508.03,0.284
2025-06-13 19:00:00,F1_R4,14,1,1.11,19,13,6,17.41,42.43,454.51,0.225
2025-06-13 20:00:00,F1_R4,14,1,1.11,20,13,6,15.83,40.7,432.65,0.208
2025-06-13 21:00:00,F1_R4,14,1,1.11,21,13,6,14.88,37.08,424.17,0.202
2025-06-13 22:00:00,F1_R4,14,1,1.11,22,13,6,14.0,34.95,421.39,0.201
2025-06-13 23:00:00,F1_R4,14,1,1.11,23,13,6,13.82,32.42,420.45,0.2
2025-06-14 00:00:00,F1_R4,14,1,1.11,0,14,6,12.82,30.5,420.02,0.2
2025-06-14 01:00:00,F1_R4,14,1,1.11,1,14,6,13.31,30.81,420.05,0.2
2025-06-14 02:00:00,F1_R4,14,1,1.11,2,14,6,13.18,32.14,420.15,0.2
2025-06-14 03:00:00,F1_R4,14,1,1.11,3,14,6,13.02,33.9,420.47,0.2
2025-06-14 04:00:00,F1_R4,14,1,1.11,4,14,6,13.11,34.8,421.38,0.201
2025-06-14 05:00:00,F1_R4,14,1,1.11,5,14,6,13.73,37.08,424.17,0.202
2025-06-14 06:00:00,F1_R4,14,1,1.11,6,14,6,14.17,40.76,432.67,0.208
2025-06-14 07:00:00,F1_R4,14,1,1.11,7,14,6,15.14,43.52,455.57,0.228
2025-06-14 08:00:00,F1_R4,14,1,1.11,8,14,6,16.16,46.31,508.57,0.286
2025-06-14 09:00:00,F1_R4,14,1,1.11,9,14,6,17.68,50.23,601.33,0.415
2025-06-14 10:00:00,F1_R4,14,1,1.11,10,14,6,18.68,52.83,688.99,0.525
2025-06-14 11:00:00,F1_R4,14,1,1.11,11,14,6,20.87,55.33,742.29,0.584
2025-06-14 12:00:00,F1_R4,14,1,1.11,12,14,6,22.66,57.31,767.42,0.617
2025-06-14 13:00:00,F1_R4,14,1,1.11,13,14,6,23.05,56.79,762.35,0.578
2025-06-14 14:00:00,F1_R4,14,1,1.11,14,14,6,23.07,56.32,757.97,0.578
2025-06-14 15:00:00,F1_R4,14,1,1.11,15,14,6,22.96,55.28,741.86,0.582
2025-06-14 16:00:00,F1_R4,14,1,1.11,16,14,6,21.52,52.55,686.92,0.516
2025-06-14 17:00:00,F1_R4,14,1,1.11,17,14,6,20.07,50.11,600.76,0.413
2025-06-14 18:00:00,F1_R4,14,1,1.11,18,14,6,19.29,46.09,508.03,0.284
2025-06-14 19:00:00,F1_R4,14,1,1.11,19,14,6,17.41,42.43,454.51,0.225
2025-06-14 20:00:00,F1_R4,14,1,1.11,20,14,6,15.83,40.7,432.65,0.208
2025-06-14 21:00:00,F1_R4,14,1,1.11,21,14,6,14.88,37.08,424.17,0.202
2025-06-14 22:00:00,F1_R4,14,1,1.11,22,14,6,14.0,34.95,421.39,0.201
2025-06-14 23:00:00,F1_R4,14,1,1.11,23,14,6,13.82,32.42,420.45,0.2
2025-06-15 00:00:00,F1_R4,14,1,1.11,0,15,6,12.82,30.5,420.02,0.2
2025-06-15 01:00:00,F1_R4,14,1,1.11,1,15,6,13.31,30.81,420.05,0.2
2025-06-15 02:00:00,F1_R4,14,1,1.11,2,15,6,13.18,32.14,420.15,0.2
2025-06-15 03:00:00,F1_R4,14,1,1.11,3,15,6,13.02,33.9,420.47,0.2
2025-06-15 04:00:00,F1_R4,14,1,1.11,4,15,6,13.11,34.8,421.38,0.201
2025-06-15 05:00:00,F1_R4,14,1,1.11,5,15,6,13.73,37.08,424.17,0.202
2025-06-15 06:00:00,F1_R4,14,1,1.11,6,15,6,14.17,40.76,432.67,0.208
2025-06-15 07:00:00,F1_R4,14,1,1.11,7,15,6,15.14,43.52,455.57,0.228
2025-06-15 08:00:00,F1_R4,14,1,1.11,8,15,6,16.16,46.31,508.57,0.286
2025-06-15 09:00:00,F1_R4,14,1,1.11,9,15,6,17.68,50.23,601.33,0.415
2025-06-15 10:00:00,F1_R4,14,1,1.11,10,15,6,18.68,52.83,688.99,0.525
2025-06-15 11:00:00,F1_R4,14,1,1.11,11,15,6,20.87,55.33,742.29,0.584
2025-06-15 12:00:00,F1_R4,14,1,1.11,12,15,6,22.66,57.31,767.42,0.617
2025-06-15 13:00:00,F1_R4,14,1,1.11,13,15,6,23.05,56.79,762.35,0.578
2025-06-15 14:00:00,F1_R4,14,1,1.11,14,15,6,23.07,56.32,757.97,0.578
2025-06-15 15:00:00,F1_R4,14,1,1.11,15,15,6,22.96,55.28,741.86,0.582
2025-06-15 16:00:00,F1_R4,14,1,1.11,16,15,6,21.52,52.55,686.92,0.516
2025-06-15 17:00:00,F1_R4,14,1,1.11,17,15,6,20.07,50.11,600.76,0.413
2025-06-15 18:00:00,F1_R4,14,1,1.11,18,15,6,19.29,46.09,508.03,0.284
2025-06-15 19:00:00,F1_R4,14,1,1.11,19,15,6,17.41,42.43,454.51,0.225
2025-06-15 20:00:00,F1_R4,14,1,1.11,20,15,6,15.83,40.7,432.65,0.208
2025-06-15 21:00:00,F1_R4,14,1,1.11,21,15,6,14.88,37.08,424.17,0.202
2025-06-15 22:00:00,F1_R4,14,1,1.11,22,15,6,14.0,34.95,421.39,0.201
2025-06-15 23:00:00,F1_R4,14,1,1.11,23,15,6,13.82,32.42,420.45,0.2
2025-06-16 00:00:00,F1_R4,14,1,1.11,0,16,6,12.82,30.5,420.02,0.2
2025-06-16 01:00:00,F1_R4,14,1,1.11,1,16,6,13.31,30.81,420.05,0.2
2025-06-16 02:00:00,F1_R4,14,1,1.11,2,16,6,13.18,32.14,420.15,0.2
2025-06-16 03:00:00,F1_R4,14,1,1.11,3,16,6,13.02,33.9,420.47,0.2
2025-06-16 04:00:00,F1_R4,14,1,1.11,4,16,6,13.11,34.8,421.38,0.201
2025-06-16 05:00:00,F1_R4,14,1,1.11,5,16,6,13.73,37.08,424.17,0.205
2025-06-16 06:00:00,F1_R4,14,1,1.11,6,16,6,14.17,40.76,432.67,0.219
2025-06-16 07:00:00,F1_R4,14,1,1.11,7,16,6,15.14,43.52,455.57,0.267
2025-06-16 08:00:00,F1_R4,14,1,1.11,8,16,6,16.16,46.31,508.57,0.411
2025-06-16 09:00:00,F1_R4,14,1,1.11,9,16,6,17.68,50.23,601.33,0.715
2025-06-16 10:00:00,F1_R4,14,1,1.11,10,16,6,18.68,52.83,688.99,1.0
2025-06-16 11:00:00,F1_R4,14,1,1.11,11,16,6,20.87,55.33,742.29,1.145
2025-06-16 12:00:00,F1_R4,14,1,1.11,12,16,6,22.66,57.31,767.42,1.205
2025-06-16 13:00:00,F1_R4,14,1,1.11,13,16,6,23.05,56.79,762.35,1.172
2025-06-16 14:00:00,F1_R4,14,1,1.11,14,16,6,23.07,56.32,757.97,1.167
2025-06-16 15:00:00,F1_R4,14,1,1.11,15,16,6,22.96,55.28,741.86,1.143
2025-06-16 16:00:00,F1_R4,14,1,1.11,16,16,6,21.52,52.55,686.92,0.991
2025-06-16 17:00:00,F1_R4,14,1,1.11,17,16,6,20.07,50.11,600.76,0.713
2025-06-16 18:00:00,F1_R4,14,1,1.11,18,16,6,19.29,46.09,508.03,0.409
2025-06-16 19:00:00,F1_R4,14,1,1.11,19,16,6,17.41,42.43,454.51,0.264
2025-06-16 20:00:00,F1_R4,14,1,1.11,20,16,6,15.83,40.7,432.65,0.219
2025-06-16 21:00:00,F1_R4,14,1,1.11,21,16,6,14.88,37.08,424.17,0.205
2025-06-16 22:00:00,F1_R4,14,1,1.11,22,16,6,14.0,34.95,421.39,0.201
2025-06-16 23:00:00,F1_R4,14,1,1.11,23,16,6,13.82,32.42,420.45,0.2
2025-06-17 00:00:00,F1_R4,14,1,1.11,0,17,6,12.82,30.5,420.02,0.2
2025-06-17 01:00:00,F1_R4,14,1,1.11,1,17,6,13.31,30.81,420.05,0.2
2025-06-17 02:00:00,F1_R4,14,1,1.11,2,17,6,13.18,32.14,420.15,0.2
2025-06-17 03:00:00,F1_R4,14,1,1.11,3,17,6,13.02,33.9,420.47,0.2
2025-06-17 04:00:00,F1_R4,14,1,1.11,4,17,6,13.11,34.8,421.38,0.201
2025-06-17 05:00:00,F1_R4,14,1,1.11,5,17,6,13.73,37.08,424.17,0.205
2025-06-17 06:00:00,F1_R4,14,1,1.11,6,17,6,14.17,40.76,432.67,0.219
2025-06-17 07:00:00,F1_R4,14,1,1.11,7,17,6,15.14,43.52,455.57,0.267
2025-06-17 08:00:00,F1_R4,14,1,1.11,8,17,6,16.16,46.31,508.57,0.411
2025-06-17 09:00:00,F1_R4,14,1,1.11,9,17,6,17.68,50.23,601.33,0.715
2025-06-17 10:00:00,F1_R4,14,1,1.11,10,17,6,18.68,52.83,688.99,1.0
2025-06-17 11:00:00,F1_R4,14,1,1.11,11,17,6,20.87,55.33,742.29,1.145
2025-06-17 12:00:00,F1_R4,14,1,1.11,12,17,6,22.66,57.31,767.42,1.205
2025-06-17 13:00:00,F1_R4,14,1,1.11,13,17,6,23.05,56.79,762.35,1.172
2025-06-17 14:00:00,F1_R4,14,1,1.11,14,17,6,23.07,56.32,757.97,1.167
2025-06-17 15:00:00,F1_R4,14,1,1.11,15,17,6,22.96,55.28,741.86,1.143
2025-06-17 16:00:00,F1_R4,14,1,1.11,16,17,6,21.52,52.55,686.92,0.991
2025-06-17 17:00:00,F1_R4,14,1,1.11,17,17,6,20.07,50.11,600.76,0.713
2025-06-17 18:00:00,F1_R4,14,1,1.11,18,17,6,19.29,46.09,508.03,0.409
2025-06-17 19:00:00,F1_R4,14,1,1.11,19,17,6,17.41,42.43,454.51,0.264
2025-06-17 20:00:00,F1_R4,14,1,1.11,20,17,6,15.83,40.7,432.65,0.219
2025-06-17 21:00:00,F1_R4,14,1,1.11,21,17,6,14.88,37.08,424.17,0.205
2025-06-17 22:00:00,F1_R4,14,1,1.11,22,17,6,14.0,34.95,421.39,0.201
2025-06-17 23:00:00,F1_R4,14,1,1.11,23,17,6,13.82,32.42,420.45,0.2
2025-06-18 00:00:00,F1_R4,14,1,1.11,0,18,6,12.82,30.5,420.02,0.2
2025-06-18 01:00:00,F1_R4,14,1,1.11,1,18,6,13.31,30.81,420.05,0.2
2025-06-18 02:00:00,F1_R4,14,1,1.11,2,18,6,13.18,32.14,420.15,0.2
2025-06-18 03:00:00,F1_R4,14,1,1.11,3,18,6,13.02,33.9,420.47,0.2
2025-06-18 04:00:00,F1_R4,14,1,1.11,4,18,6,13.11,34.8,421.38,0.201
2025-06-18 05:00:00,F1_R4,14,1,1.11,5,18,6,13.73,37.08,424.17,0.202
2025-06-18 06:00:00,F1_R4,14,1,1.11,6,18,6,14.17,40.76,432.67,0.208
2025-06-18 07:00:00,F1_R4,14,1,1.11,7,18,6,15.14,43.52,455.57,0.228
2025-06-18 08:00:00,F1_R4,14,1,1.11,8,18,6,16.16,46.31,508.57,0.286
2025-06-18 09:00:00,F1_R4,14,1,1.11,9,18,6,17.68,50.23,601.33,0.415
2025-06-18 10:00:00,F1_R4,14,1,1.11,10,18,6,18.68,52.83,688.99,0.525
2025-06-18 11:00:00,F1_R4,14,1,1.11,11,18,6,20.87,55.33,742.29,0.584
2025-06-18 12:00:00,F1_R4,14,1,1.11,12,18,6,22.66,57.31,767.42,0.617
2025-06-18 13:00:00,F1_R4,14,1,1.11,13,18,6,23.05,56.79,762.35,0.578
2025-06-18 14:00:00,F1_R4,14,1,1.11,14,18,6,23.07,56.32,757.97,0.578
2025-06-18 15:00:00,F1_R4,14,1,1.11,15,18,6,22.96,55.28,741.86,0.582
2025-06-18 16:00:00,F1_R4,14,1,1.11,16,18,6,21.52,52.55,686.92,0.516
2025-06-18 17:00:00,F1_R4,14,1,1.11,17,18,6,20.07,50.11,600.76,0.413
2025-06-18 18:00:00,F1_R4,14,1,1.11,18,18,6,19.29,46.09,508.03,0.284
2025-06-18 19:00:00,F1_R4,14,1,1.11,19,18,6,17.41,42.43,454.51,0.225
2025-06-18 20:00:00,F1_R4,14,1,1.11,20,18,6,15.83,40.7,432.65,0.208
2025-06-18 21:00:00,F1_R4,14,1,1.11,21,18,6,14.88,37.08,424.17,0.202
2025-06-18 22:00:00,F1_R4,14,1,1.11,22,18,6,14.0,34.95,421.39,0.201
2025-06-18 23:00:00,F1_R4,14,1,1.11,23,18,6,13.82,32.42,420.45,0.2
2025-06-19 00:00:00,F1_R4,14,1,1.11,0,19,6,12.82,30.5,420.02,0.2
2025-06-19 01:00:00,F1_R4,14,1,1.11,1,19,6,13.31,30.81,420.05,0.2
2025-06-19 02:00:00,F1_R4,14,1,1.11,2,19,6,13.18,32.14,420.15,0.2
2025-06-19 03:00:00,F1_R4,14,1,1.11,3,19,6,13.02,33.9,420.47,0.2
2025-06-19 04:00:00,F1_R4,14,1,1.11,4,19,6,13.11,34.8,421.38,0.201
2025-06-19 05:00:00,F1_R4,14,1,1.11,5,19,6,13.73,37.08,424.17,0.202
2025-06-19 06:00:00,F1_R4,14,1,1.11,6,19,6,14.17,40.76,432.67,0.208
2025-06-19 07:00:00,F1_R4,14,1,1.11,7,19,6,15.14,43.52,455.57,0.228
2025-06-19 08:00:00,F1_R4,14,1,1.11,8,19,6,16.16,46.31,508.57,0.286
2025-06-19 09:00:00,F1_R4,14,1,1.11,9,19,6,17.68,50.23,601.33,0.415
2025-06-19 10:00:00,F1_R4,14,1,1.11,10,19,6,18.68,52.83,688.99,0.525
2025-06-19 11:00:00,F1_R4,14,1,1.11,11,19,6,20.87,55.33,742.29,0.584
2025-06-19 12:00:00,F1_R4,14,1,1.11,12,19,6,22.66,57.31,767.42,0.617
2025-06-19 13:00:00,F1_R4,14,1,1.11,13,19,6,23.05,56.79,762.35,0.578
2025-06-19 14:00:00,F1_R4,14,1,1.11,14,19,6,23.07,56.32,757.97,0.578
2025-06-19 15:00:00,F1_R4,14,1,1.11,15,19,6,22.96,55.28,741.86,0.582
2025-06-19 16:00:00,F1_R4,14,1,1.11,16,19,6,21.52,52.55,686.92,0.516
2025-06-19 17:00:00,F1_R4,14,1,1.11,17,19,6,20.07,50.11,600.76,0.413
2025-06-19 18:00:00,F1_R4,14,1,1.11,18,19,6,19.29,46.09,508.03,0.284
2025-06-19 19:00:00,F1_R4,14,1,1.11,19,19,6,17.41,42.43,454.51,0.225
2025-06-19 20:00:00,F1_R4,14,1,1.11,20,19,6,15.83,40.7,432.65,0.208
2025-06-19 21:00:00,F1_R4,14,1,1.11,21,19,6,14.88,37.08,424.17,0.202
2025-06-19 22:00:00,F1_R4,14,1,1.11,22,19,6,14.0,34.95,421.39,0.201
2025-06-19 23:00:00,F1_R4,14,1,1.11,23,19,6,13.82,32.42,420.45,0.2
2025-06-20 00:00:00,F1_R4,14,1,1.11,0,20,6,12.82,30.5,420.02,0.2
2025-06-20 01:00:00,F1_R4,14,1,1.11,1,20,6,13.31,30.81,420.05,0.2
2025-06-20 02:00:00,F1_R4,14,1,1.11,2,20,6,13.18,32.14,420.15,0.2
2025-06-20 03:00:00,F1_R4,14,1,1.11,3,20,6,13.02,33.9,420.47,0.2
2025-06-20 04:00:00,F1_R4,14,1,1.11,4,20,6,13.11,34.8,421.38,0.201
2025-06-20 05:00:00,F1_R4,14,1,1.11,5,20,6,13.73,37.08,424.17,0.202
2025-06-20 06:00:00,F1_R4,14,1,1.11,6,20,6,14.17,40.76,432.67,0.208
2025-06-20 07:00:00,F1_R4,14,1,1.11,7,20,6,15.14,43.52,455.57,0.228
2025-06-20 08:00:00,F1_R4,14,1,1.11,8,20,6,16.16,46.31,508.57,0.286
2025-06-20 09:00:00,F1_R4,14,1,1.11,9,20,6,17.68,50.23,601.33,0.415
2025-06-20 10:00:00,F1_R4,14,1,1.11,10,20,6,18.68,52.83,688.99,0.525
2025-06-20 11:00:00,F1_R4,14,1,1.11,11,20,6,20.87,55.33,742.29,0.584
2025-06-20 12:00:00,F1_R4,14,1,1.11,12,20,6,22.66,57.31,767.42,0.617
2025-06-20 13:00:00,F1_R4,14,1,1.11,13,20,6,23.05,56.79,762.35,0.578
2025-06-20 14:00:00,F1_R4,14,1,1.11,14,20,6,23.07,56.32,757.97,0.578
2025-06-20 15:00:00,F1_R4,14,1,1.11,15,20,6,22.96,55.28,741.86,0.582
2025-06-20 16:00:00,F1_R4,14,1,1.11,16,20,6,21.52,52.55,686.92,0.516
2025-06-20 17:00:00,F1_R4,14,1,1.11,17,20,6,20.07,50.11,600.76,0.413
2025-06-20 18:00:00,F1_R4,14,1,1.11,18,20,6,19.29,46.09,508.03,0.284
2025-06-20 19:00:00,F1_R4,14,1,1.11,19,20,6,17.41,42.43,454.51,0.225
2025-06-20 20:00:00,F1_R4,14,1,1.11,20,20,6,15.83,40.7,432.65,0.208
2025-06-20 21:00:00,F1_R4,14,1,1.11,21,20,6,14.88,37.08,424.17,0.202
2025-06-20 22:00:00,F1_R4,14,1,1.11,22,20,6,14.0,34.95,421.39,0.201
2025-06-20 23:00:00,F1_R4,14,1,1.11,23,20,6,13.82,32.42,420.45,0.2
2025-06-21 00:00:00,F1_R4,14,1,1.11,0,21,6,12.82,30.5,420.02,0.2
2025-06-21 01:00:00,F1_R4,14,1,1.11,1,21,6,13.31,30.81,420.05,0.2
2025-06-21 02:00:00,F1_R4,14,1,1.11,2,21,6,13.18,32.14,420.15,0.2
2025-06-21 03:00:00,F1_R4,14,1,1.11,3,21,6,13.02,33.9,420.47,0.2
2025-06-21 04:00:00,F1_R4,14,1,1.11,4,21,6,13.11,34.8,421.38,0.201
2025-06-21 05:00:00,F1_R4,14,1,1.11,5,21,6,13.73,37.08,424.17,0.202
2025-06-21 06:00:00,F1_R4,14,1,1.11,6,21,6,14.17,40.76,432.67,0.208
2025-06-21 07:00:00,F1_R4,14,1,1.11,7,21,6,15.14,43.52,455.57,0.228
2025-06-21 08:00:00,F1_R4,14,1,1.11,8,21,6,16.16,46.31,508.57,0.286
2025-06-21 09:00:00,F1_R4,14,1,1.11,9,21,6,17.68,50.23,601.33,0.415
2025-06-21 10:00:00,F1_R4,14,1,1.11,10,21,6,18.68,52.83,688.99,0.525
2025-06-21 11:00:00,F1_R4,14,1,1.11,11,21,6,20.87,55.33,742.29,0.584
2025-06-21 12:00:00,F1_R4,14,1,1.11,12,21,6,22.66,57.31,767.42,0.617
2025-06-21 13:00:00,F1_R4,14,1,1.11,13,21,6,23.05,56.79,762.35,0.578
2025-06-21 14:00:00,F1_R4,14,1,1.11,14,21,6,23.07,56.32,757.97,0.578
2025-06-21 15:00:00,F1_R4,14,1,1.11,15,21,6,22.96,55.28,741.86,0.582
2025-06-21 16:00:00,F1_R4,14,1,1.11,16,21,6,21.52,52.55,686.92,0.516
2025-06-21 17:00:00,F1_R4,14,1,1.11,17,21,6,20.07,50.11,600.76,0.413
2025-06-21 18:00:00,F1_R4,14,1,1.11,18,21,6,19.29,46.09,508.03,0.284
2025-06-21 19:00:00,F1_R4,14,1,1.11,19,21,6,17.41,42.43,454.51,0.225
2025-06-21 20:00:00,F1_R4,14,1,1.11,20,21,6,15.83,40.7,432.65,0.208
2025-06-21 21:00:00,F1_R4,14,1,1.11,21,21,6,14.88,37.08,424.17,0.202
2025-06-21 22:00:00,F1_R4,14,1,1.11,22,21,6,14.0,34.95,421.39,0.201
2025-06-21 23:00:00,F1_R4,14,1,1.11,23,21,6,13.82,32.42,420.45,0.2
2025-06-22 00:00:00,F1_R4,14,1,1.11,0,22,6,12.82,30.5,420.02,0.2
2025-06-22 01:00:00,F1_R4,14,1,1.11,1,22,6,13.31,30.81,420.05,0.2
2025-06-22 02:00:00,F1_R4,14,1,1.11,2,22,6,13.18,32.14,420.15,0.2
2025-06-22 03:00:00,F1_R4,14,1,1.11,3,22,6,13.02,33.9,420.47,0.2
2025-06-22 04:00:00,F1_R4,14,1,1.11,4,22,6,13.11,34.8,421.38,0.201
2025-06-22 05:00:00,F1_R4,14,1,1.11,5,22,6,13.73,37.08,424.17,0.202
2025-06-22 06:00:00,F1_R4,14,1,1.11,6,22,6,14.17,40.76,432.67,0.208
2025-06-22 07:00:00,F1_R4,14,1,1.11,7,22,6,15.14,43.52,455.57,0.228
2025-06-22 08:00:00,F1_R4,14,1,1.11,8,22,6,16.16,46.31,508.57,0.286
2025-06-22 09:00:00,F1_R4,14,1,1.11,9,22,6,17.68,50.23,601.33,0.415
2025-06-22 10:00:00,F1_R4,14,1,1.11,10,22,6,18.68,52.83,688.99,0.525
2025-06-22 11:00:00,F1_R4,14,1,1.11,11,22,6,20.87,55.33,742.29,0.584
2025-06-22 12:00:00,F1_R4,14,1,1.11,12,22,6,22.66,57.31,767.42,0.617
2025-06-22 13:00:00,F1_R4,14,1,1.11,13,22,6,23.05,56.79,762.35,0.578
2025-06-22 14:00:00,F1_R4,14,1,1.11,14,22,6,23.07,56.32,757.97,0.578
2025-06-22 15:00:00,F1_R4,14,1,1.11,15,22,6,22.96,55.28,741.86,0.582
2025-06-22 16:00:00,F1_R4,14,1,1.11,16,22,6,21.52,52.55,686.92,0.516
2025-06-22 17:00:00,F1_R4,14,1,1.11,17,22,6,20.07,50.11,600.76,0.413
2025-06-22 18:00:00,F1_R4,14,1,1.11,18,22,6,19.29,46.09,508.03,0.284
2025-06-22 19:00:00,F1_R4,14,1,1.11,19,22,6,17.41,42.43,454.51,0.225
2025-06-22 20:00:00,F1_R4,14,1,1.11,20,22,6,15.83,40.7,432.65,0.208
2025-06-22 21:00:00,F1_R4,14,1,1.11,21,22,6,14.88,37.08,424.17,0.202
2025-06-22 22:00:00,F1_R4,14,1,1.11,22,22,6,14.0,34.95,421.39,0.201
2025-06-22 23:00:00,F1_R4,14,1,1.11,23,22,6,13.82,32.42,420.45,0.2
2025-06-23 00:00:00,F1_R4,14,1,1.11,0,23,6,12.82,30.5,420.02,0.2
2025-06-23 01:00:00,F1_R4,14,1,1.11,1,23,6,13.31,30.81,420.05,0.2
2025-06-23 02:00:00,F1_R4,14,1,1.11,2,23,6,13.18,32.14,420.15,0.2
2025-06-23 03:00:00,F1_R4,14,1,1.11,3,23,6,13.02,33.9,420.47,0.2
2025-06-23 04:00:00,F1_R4,14,1,1.11,4,23,6,13.11,34.8,421.38,0.201
2025-06-23 05:00:00,F1_R4,14,1,1.11,5,23,6,13.73,37.08,424.17,0.205
2025-06-23 06:00:00,F1_R4,14,1,1.11,6,23,6,14.17,40.76,432.67,0.219
2025-06-23 07:00:00,F1_R4,14,1,1.11,7,23,6,15.14,43.52,455.57,0.267
2025-06-23 08:00:00,F1_R4,14,1,1.11,8,23,6,16.16,46.31,508.57,0.411
2025-06-23 09:00:00,F1_R4,14,1,1.11,9,23,6,17.68,50.23,601.33,0.715
2025-06-23 10:00:00,F1_R4,14,1,1.11,10,23,6,18.68,52.83,688.99,1.0
2025-06-23 11:00:00,F1_R4,14,1,1.11,11,23,6,20.87,55.33,742.29,1.145
2025-06-23 12:00:00,F1_R4,14,1,1.11,12,23,6,22.66,57.31,767.42,1.205
2025-06-23 13:00:00,F1_R4,14,1,1.11,13,23,6,23.05,56.79,762.35,1.172
2025-06-23 14:00:00,F1_R4,14,1,1.11,14,23,6,23.07,56.32,757.97,1.167
2025-06-23 15:00:00,F1_R4,14,1,1.11,15,23,6,22.96,55.28,741.86,1.143
2025-06-23 16:00:00,F1_R4,14,1,1.11,16,23,6,21.52,52.55,686.92,0.991
2025-06-23 17:00:00,F1_R4,14,1,1.11,17,23,6,20.07,50.11,600.76,0.713
2025-06-23 18:00:00,F1_R4,14,1,1.11,18,23,6,19.29,46.09,508.03,0.409
2025-06-23 19:00:00,F1_R4,14,1,1.11,19,23,6,17.41,42.43,454.51,0.264
2025-06-23 20:00:00,F1_R4,14,1,1.11,20,23,6,15.83,40.7,432.65,0.219
2025-06-23 21:00:00,F1_R4,14,1,1.11,21,23,6,14.88,37.08,424.17,0.205
2025-06-23 22:00:00,F1_R4,14,1,1.11,22,23,6,14.0,34.95,421.39,0.201
2025-06-23 23:00:00,F1_R4,14,1,1.11,23,23,6,13.82,32.42,420.45,0.2
2025-06-24 00:00:00,F1_R4,14,1,1.11,0,24,6,12.82,30.5,420.02,0.2
2025-06-24 01:00:00,F1_R4,14,1,1.11,1,24,6,13.31,30.81,420.05,0.2
2025-06-24 02:00:00,F1_R4,14,1,1.11,2,24,6,13.18,32.14,420.15,0.2
2025-06-24 03:00:00,F1_R4,14,1,1.11,3,24,6,13.02,33.9,420.47,0.2
2025-06-24 04:00:00,F1_R4,14,1,1.11,4,24,6,13.11,34.8,421.38,0.201
2025-06-24 05:00:00,F1_R4,14,1,1.11,5,24,6,13.73,37.08,424.17,0.205
2025-06-24 06:00:00,F1_R4,14,1,1.11,6,24,6,14.17,40.76,432.67,0.219
2025-06-24 07:00:00,F1_R4,14,1,1.11,7,24,6,15.14,43.52,455.57,0.267
2025-06-24 08:00:00,F1_R4,14,1,1.11,8,24,6,16.16,46.31,508.57,0.411
2025-06-24 09:00:00,F1_R4,14,1,1.11,9,24,6,17.68,50.23,601.33,0.715
2025-06-24 10:00:00,F1_R4,14,1,1.11,10,24,6,18.68,52.83,688.99,1.0
2025-06-24 11:00:00,F1_R4,14,1,1.11,11,24,6,20.87,55.33,742.29,1.145
2025-06-24 12:00:00,F1_R4,14,1,1.11,12,24,6,22.66,57.31,767.42,1.205
2025-06-24 13:00:00,F1_R4,14,1,1.11,13,24,6,23.05,56.79,762.35,1.172
2025-06-24 14:00:00,F1_R4,14,1,1.11,14,24,6,23.07,56.32,757.97,1.167
2025-06-24 15:00:00,F1_R4,14,1,1.11,15,24,6,22.96,55.28,741.86,1.143
2025-06-24 16:00:00,F1_R4,14,1,1.11,16,24,6,21.52,52.55,686.92,0.991
2025-06-24 17:00:00,F1_R4,14,1,1.11,17,24,6,20.07,50.11,600.76,0.713
2025-06-24 18:00:00,F1_R4,14,1,1.11,18,24,6,19.29,46.09,508.03,0.409
2025-06-24 19:00:00,F1_R4,14,1,1.11,19,24,6,17.41,42.43,454.51,0.264
2025-06-24 20:00:00,F1_R4,14,1,1.11,20,24,6,15.83,40.7,432.65,0.219
2025-06-24 21:00:00,F1_R4,14,1,1.11,21,24,6,14.88,37.08,424.17,0.205
2025-06-24 22:00:00,F1_R4,14,1,1.11,22,24,6,14.0,34.95,421.39,0.201
2025-06-24 23:00:00,F1_R4,14,1,1.11,23,24,6,13.82,32.42,420.45,0.2
2025-06-25 00:00:00,F1_R4,14,1,1.11,0,25,6,12.82,30.5,420.02,0.2
2025-06-25 01:00:00,F1_R4,14,1,1.11,1,25,6,13.31,30.81,420.05,0.2
2025-06-25 02:00:00,F1_R4,14,1,1.11,2,25,6,13.18,32.14,420.15,0.2
2025-06-25 03:00:00,F1_R4,14,1,1.11,3,25,6,13.02,33.9,420.47,0.2
2025-06-25 04:00:00,F1_R4,14,1,1.11,4,25,6,13.11,34.8,421.38,0.201
2025-06-25 05:00:00,F1_R4,14,1,1.11,5,25,6,13.73,37.08,424.17,0.202
2025-06-25 06:00:00,F1_R4,14,1,1.11,6,25,6,14.17,40.76,432.67,0.208
2025-06-25 07:00:00,F1_R4,14,1,1.11,7,25,6,15.14,43.52,455.57,0.228
2025-06-25 08:00:00,F1_R4,14,1,1.11,8,25,6,16.16,46.31,508.57,0.286
2025-06-25 09:00:00,F1_R4,14,1,1.11,9,25,6,17.68,50.23,601.33,0.415
2025-06-25 10:00:00,F1_R4,14,1,1.11,10,25,6,18.68,52.83,688.99,0.525
2025-06-25 11:00:00,F1_R4,14,1,1.11,11,25,6,20.87,55.33,742.29,0.584
2025-06-25 12:00:00,F1_R4,14,1,1.11,12,25,6,22.66,57.31,767.42,0.617
2025-06-25 13:00:00,F1_R4,14,1,1.11,13,25,6,23.05,56.79,762.35,0.578
2025-06-25 14:00:00,F1_R4,14,1,1.11,14,25,6,23.07,56.32,757.97,0.578
2025-06-25 15:00:00,F1_R4,14,1,1.11,15,25,6,22.96,55.28,741.86,0.582
2025-06-25 16:00:00,F1_R4,14,1,1.11,16,25,6,21.52,52.55,686.92,0.516
2025-06-25 17:00:00,F1_R4,14,1,1.11,17,25,6,20.07,50.11,600.76,0.413
2025-06-25 18:00:00,F1_R4,14,1,1.11,18,25,6,19.29,46.09,508.03,0.284
2025-06-25 19:00:00,F1_R4,14,1,1.11,19,25,6,17.41,42.43,454.51,0.225
2025-06-25 20:00:00,F1_R4,14,1,1.11,20,25,6,15.83,40.7,432.65,0.208
2025-06-25 21:00:00,F1_R4,14,1,1.11,21,25,6,14.88,37.08,424.17,0.202
2025-06-25 22:00:00,F1_R4,14,1,1.11,22,25,6,14.0,34.95,421.39,0.201
2025-06-25 23:00:00,F1_R4,14,1,1.11,23,25,6,13.82,32.42,420.45,0.2
2025-06-26 00:00:00,F1_R4,14,1,1.11,0,26,6,12.82,30.5,420.02,0.2
2025-06-26 01:00:00,F1_R4,14,1,1.11,1,26,6,13.31,30.81,420.05,0.2
2025-06-26 02:00:00,F1_R4,14,1,1.11,2,26,6,13.18,32.14,420.15,0.2
2025-06-26 03:00:00,F1_R4,14,1,1.11,3,26,6,13.02,33.9,420.47,0.2
2025-06-26 04:00:00,F1_R4,14,1,1.11,4,26,6,13.11,34.8,421.38,0.201
2025-06-26 05:00:00,F1_R4,14,1,1.11,5,26,6,13.73,37.08,424.17,0.202
2025-06-26 06:00:00,F1_R4,14,1,1.11,6,26,6,14.17,40.76,432.67,0.208
2025-06-26 07:00:00,F1_R4,14,1,1.11,7,26,6,15.14,43.52,455.57,0.228
2025-06-26 08:00:00,F1_R4,14,1,1.11,8,26,6,16.16,46.31,508.57,0.286
2025-06-26 09:00:00,F1_R4,14,1,1.11,9,26,6,17.68,50.23,601.33,0.415
2025-06-26 10:00:00,F1_R4,14,1,1.11,10,26,6,18.68,52.83,688.99,0.525
2025-06-26 11:00:00,F1_R4,14,1,1.11,11,26,6,20.87,55.33,742.29,0.584
2025-06-26 12:00:00,F1_R4,14,1,1.11,12,26,6,22.66,57.31,767.42,0.617
2025-06-26 13:00:00,F1_R4,14,1,1.11,13,26,6,23.05,56.79,762.35,0.578
2025-06-26 14:00:00,F1_R4,14,1,1.11,14,26,6,23.07,56.32,757.97,0.578
2025-06-26 15:00:00,F1_R4,14,1,1.11,15,26,6,22.96,55.28,741.86,0.582
2025-06-26 16:00:00,F1_R4,14,1,1.11,16,26,6,21.52,52.55,686.92,0.516
2025-06-26 17:00:00,F1_R4,14,1,1.11,17,26,6,20.07,50.11,600.76,0.413
2025-06-26 18:00:00,F1_R4,14,1,1.11,18,26,6,19.29,46.09,508.03,0.284
2025-06-26 19:00:00,F1_R4,14,1,1.11,19,26,6,17.41,42.43,454.51,0.225
2025-06-26 20:00:00,F1_R4,14,1,1.11,20,26,6,15.83,40.7,432.65,0.208
2025-06-26 21:00:00,F1_R4,14,1,1.11,21,26,6,14.88,37.08,424.17,0.202
2025-06-26 22:00:00,F1_R4,14,1,1.11,22,26,6,14.0,34.95,421.39,0.201
2025-06-26 23:00:00,F1_R4,14,1,1.11,23,26,6,13.82,32.42,420.45,0.2
2025-06-27 00:00:00,F1_R4,14,1,1.11,0,27,6,12.82,30.5,420.02,0.2
2025-06-27 01:00:00,F1_R4,14,1,1.11,1,27,6,13.31,30.81,420.05,0.2
2025-06-27 02:00:00,F1_R4,14,1,1.11,2,27,6,13.18,32.14,420.15,0.2
2025-06-27 03:00:00,F1_R4,14,1,1.11,3,27,6,13.02,33.9,420.47,0.2
2025-06-27 04:00:00,F1_R4,14,1,1.11,4,27,6,13.11,34.8,421.38,0.201
2025-06-27 05:00:00,F1_R4,14,1,1.11,5,27,6,13.73,37.08,424.17,0.202
2025-06-27 06:00:00,F1_R4,14,1,1.11,6,27,6,14.17,40.76,432.67,0.208
2025-06-27 07:00:00,F1_R4,14,1,1.11,7,27,6,15.14,43.52,455.57,0.228
2025-06-27 08:00:00,F1_R4,14,1,1.11,8,27,6,16.16,46.31,508.57,0.286
2025-06-27 09:00:00,F1_R4,14,1,1.11,9,27,6,17.68,50.23,601.33,0.415
2025-06-27 10:00:00,F1_R4,14,1,1.11,10,27,6,18.68,52.83,688.99,0.525
2025-06-27 11:00:00,F1_R4,14,1,1.11,11,27,6,20.87,55.33,742.29,0.584
2025-06-27 12:00:00,F1_R4,14,1,1.11,12,27,6,22.66,57.31,767.42,0.617
2025-06-27 13:00:00,F1_R4,14,1,1.11,13,27,6,23.05,56.79,762.35,0.578
2025-06-27 14:00:00,F1_R4,14,1,1.11,14,27,6,23.07,56.32,757.97,0.578
2025-06-27 15:00:00,F1_R4,14,1,1.11,15,27,6,22.96,55.28,741.86,0.582
2025-06-27 16:00:00,F1_R4,14,1,1.11,16,27,6,21.52,52.55,686.92,0.516
2025-06-27 17:00:00,F1_R4,14,1,1.11,17,27,6,20.07,50.11,600.76,0.413
2025-06-27 18:00:00,F1_R4,14,1,1.11,18,27,6,19.29,46.09,508.03,0.284
2025-06-27 19:00:00,F1_R4,14,1,1.11,19,27,6,17.41,42.43,454.51,0.225
2025-06-27 20:00:00,F1_R4,14,1,1.11,20,27,6,15.83,40.7,432.65,0.208
2025-06-27 21:00:00,F1_R4,14,1,1.11,21,27,6,14.88,37.08,424.17,0.202
2025-06-27 22:00:00,F1_R4,14,1,1.11,22,27,6,14.0,34.95,421.39,0.201
2025-06-27 23:00:00,F1_R4,14,1,1.11,23,27,6,13.82,32.42,420.45,0.2
2025-06-28 00:00:00,F1_R4,14,1,1.11,0,28,6,12.82,30.5,420.02,0.2
2025-06-28 01:00:00,F1_R4,14,1,1.11,1,28,6,13.31,30.81,420.05,0.2
2025-06-28 02:00:00,F1_R4,14,1,1.11,2,28,6,13.18,32.14,420.15,0.2
2025-06-28 03:00:00,F1_R4,14,1,1.11,3,28,6,13.02,33.9,420.47,0.2
2025-06-28 04:00:00,F1_R4,14,1,1.11,4,28,6,13.11,34.8,421.38,0.201
2025-06-28 05:00:00,F1_R4,14,1,1.11,5,28,6,13.73,37.08,424.17,0.202
2025-06-28 06:00:00,F1_R4,14,1,1.11,6,28,6,14.17,40.76,432.67,0.208
2025-06-28 07:00:00,F1_R4,14,1,1.11,7,28,6,15.14,43.52,455.57,0.228
2025-06-28 08:00:00,F1_R4,14,1,1.11,8,28,6,16.16,46.31,508.57,0.286
2025-06-28 09:00:00,F1_R4,14,1,1.11,9,28,6,17.68,50.23,601.33,0.415
2025-06-28 10:00:00,F1_R4,14,1,1.11,10,28,6,18.68,52.83,688.99,0.525
2025-06-28 11:00:00,F1_R4,14,1,1.11,11,28,6,20.87,55.33,742.29,0.584
2025-06-28 12:00:00,F1_R4,14,1,1.11,12,28,6,22.66,57.31,767.42,0.617
2025-06-28 13:00:00,F1_R4,14,1,1.11,13,28,6,23.05,56.79,762.35,0.578
2025-06-28 14:00:00,F1_R4,14,1,1.11,14,28,6,23.07,56.32,757.97,0.578
2025-06-28 15:00:00,F1_R4,14,1,1.11,15,28,6,22.96,55.28,741.86,0.582
2025-06-28 16:00:00,F1_R4,14,1,1.11,16,28,6,21.52,52.55,686.92,0.516
2025-06-28 17:00:00,F1_R4,14,1,1.11,17,28,6,20.07,50.11,600.76,0.413
2025-06-28 18:00:00,F1_R4,14,1,1.11,18,28,6,19.29,46.09,508.03,0.284
2025-06-28 19:00:00,F1_R4,14,1,1.11,19,28,6,17.41,42.43,454.51,0.225
2025-06-28 20:00:00,F1_R4,14,1,1.11,20,28,6,15.83,40.7,432.65,0.208
2025-06-28 21:00:00,F1_R4,14,1,1.11,21,28,6,14.88,37.08,424.17,0.202
2025-06-28 22:00:00,F1_R4,14,1,1.11,22,28,6,14.0,34.95,421.39,0.201
2025-06-28 23:00:00,F1_R4,14,1,1.11,23,28,6,13.82,32.42,420.45,0.2
2025-06-29 00:00:00,F1_R4,14,1,1.11,0,29,6,12.82,30.5,420.02,0.2
2025-06-29 01:00:00,F1_R4,14,1,1.11,1,29,6,13.31,30.81,420.05,0.2
2025-06-29 02:00:00,F1_R4,14,1,1.11,2,29,6,13.18,32.14,420.15,0.2
2025-06-29 03:00:00,F1_R4,14,1,1.11,3,29,6,13.02,33.9,420.47,0.2
2025-06-29 04:00:00,F1_R4,14,1,1.11,4,29,6,13.11,34.8,421.38,0.201
2025-06-29 05:00:00,F1_R4,14,1,1.11,5,29,6,13.73,37.08,424.17,0.202
2025-06-29 06:00:00,F1_R4,14,1,1.11,6,29,6,14.17,40.76,432.67,0.208
2025-06-29 07:00:00,F1_R4,14,1,1.11,7,29,6,15.14,43.52,455.57,0.228
2025-06-29 08:00:00,F1_R4,14,1,1.11,8,29,6,16.16,46.31,508.57,0.286
2025-06-29 09:00:00,F1_R4,14,1,1.11,9,29,6,17.68,50.23,601.33,0.415
2025-06-29 10:00:00,F1_R4,14,1,1.11,10,29,6,18.68,52.83,688.99,0.525
2025-06-29 11:00:00,F1_R4,14,1,1.11,11,29,6,20.87,55.33,742.29,0.584
2025-06-29 12:00:00,F1_R4,14,1,1.11,12,29,6,22.66,57.31,767.42,0.617
2025-06-29 13:00:00,F1_R4,14,1,1.11,13,29,6,23.05,56.79,762.35,0.578
2025-06-29 14:00:00,F1_R4,14,1,1.11,14,29,6,23.07,56.32,757.97,0.578
2025-06-29 15:00:00,F1_R4,14,1,1.11,15,29,6,22.96,55.28,741.86,0.582
2025-06-29 16:00:00,F1_R4,14,1,1.11,16,29,6,21.52,52.55,686.92,0.516
2025-06-29 17:00:00,F1_R4,14,1,1.11,17,29,6,20.07,50.11,600.76,0.413
2025-06-29 18:00:00,F1_R4,14,1,1.11,18,29,6,19.29,46.09,508.03,0.284
2025-06-29 19:00:00,F1_R4,14,1,1.11,19,29,6,17.41,42.43,454.51,0.225
2025-06-29 20:00:00,F1_R4,14,1,1.11,20,29,6,15.83,40.7,432.65,0.208
2025-06-29 21:00:00,F1_R4,14,1,1.11,21,29,6,14.88,37.08,424.17,0.202
2025-06-29 22:00:00,F1_R4,14,1,1.11,22,29,6,14.0,34.95,421.39,0.201
2025-06-29 23:00:00,F1_R4,14,1,1.11,23,29,6,13.82,32.42,420.45,0.2
2025-06-30 00:00:00,F1_R4,14,1,1.11,0,30,6,12.82,30.5,420.02,0.2
2025-06-30 01:00:00,F1_R4,14,1,1.11,1,30,6,13.31,30.81,420.05,0.2
2025-06-30 02:00:00,F1_R4,14,1,1.11,2,30,6,13.18,32.14,420.15,0.2
2025-06-30 03:00:00,F1_R4,14,1,1.11,3,30,6,13.02,33.9,420.47,0.2
2025-06-30 04:00:00,F1_R4,14,1,1.11,4,30,6,13.11,34.8,421.38,0.201
2025-06-30 05:00:00,F1_R4,14,1,1.11,5,30,6,13.73,37.08,424.17,0.205
2025-06-30 06:00:00,F1_R4,14,1,1.11,6,30,6,14.17,40.76,432.67,0.219
2025-06-30 07:00:00,F1_R4,14,1,1.11,7,30,6,15.14,43.52,455.57,0.267
2025-06-30 08:00:00,F1_R4,14,1,1.11,8,30,6,16.16,46.31,508.57,0.411
2025-06-30 09:00:00,F1_R4,14,1,1.11,9,30,6,17.68,50.23,601.33,0.715
2025-06-30 10:00:00,F1_R4,14,1,1.11,10,30,6,18.68,52.83,688.99,1.0
2025-06-30 11:00:00,F1_R4,14,1,1.11,11,30,6,20.87,55.33,742.29,1.145
2025-06-30 12:00:00,F1_R4,14,1,1.11,12,30,6,22.66,57.31,767.42,1.205
2025-06-30 13:00:00,F1_R4,14,1,1.11,13,30,6,23.05,56.79,762.35,1.172
2025-06-30 14:00:00,F1_R4,14,1,1.11,14,30,6,23.07,56.32,757.97,1.167
2025-06-30 15:00:00,F1_R4,14,1,1.11,15,30,6,22.96,55.28,741.86,1.143
2025-06-30 16:00:00,F1_R4,14,1,1.11,16,30,6,21.52,52.55,686.92,0.991
2025-06-30 17:00:00,F1_R4,14,1,1.11,17,30,6,20.07,50.11,600.76,0.713
2025-06-30 18:00:00,F1_R4,14,1,1.11,18,30,6,19.29,46.09,508.03,0.409
2025-06-30 19:00:00,F1_R4,14,1,1.11,19,30,6,17.41,42.43,454.51,0.264
2025-06-30 20:00:00,F1_R4,14,1,1.11,20,30,6,15.83,40.7,432.65,0.219
2025-06-30 21:00:00,F1_R4,14,1,1.11,21,30,6,14.88,37.08,424.17,0.205
2025-06-30 22:00:00,F1_R4,14,1,1.11,22,30,6,14.0,34.95,421.39,0.201
2025-06-30 23:00:00,F1_R4,14,1,1.11,23,30,6,13.82,32.42,420.45,0.2
2025-07-01 00:00:00,F1_R4,14,1,1.11,0,1,7,12.82,30.5,420.02,0.2
2025-07-01 01:00:00,F1_R4,14,1,1.11,1,1,7,13.31,30.81,420.05,0.2
2025-07-01 02:00:00,F1_R4,14,1,1.11,2,1,7,13.18,32.14,420.15,0.2
2025-07-01 03:00:00,F1_R4,14,1,1.11,3,1,7,13.02,33.9,420.47,0.2
2025-07-01 04:00:00,F1_R4,14,1,1.11,4,1,7,13.11,34.8,421.38,0.201
2025-07-01 05:00:00,F1_R4,14,1,1.11,5,1,7,13.73,37.08,424.17,0.205
2025-07-01 06:00:00,F1_R4,14,1,1.11,6,1,7,14.17,40.76,432.67,0.219
2025-07-01 07:00:00,F1_R4,14,1,1.11,7,1,7,15.14,43.52,455.57,0.267
2025-07-01 08:00:00,F1_R4,14,1,1.11,8,1,7,16.16,46.31,508.57,0.411
2025-07-01 09:00:00,F1_R4,14,1,1.11,9,1,7,17.68,50.23,601.33,0.715
2025-07-01 10:00:00,F1_R4,14,1,1.11,10,1,7,18.68,52.83,688.99,1.0
2025-07-01 11:00:00,F1_R4,14,1,1.11,11,1,7,20.87,55.33,742.29,1.145
2025-07-01 12:00:00,F1_R4,14,1,1.11,12,1,7,22.66,57.31,767.42,1.205
2025-07-01 13:00:00,F1_R4,14,1,1.11,13,1,7,23.05,56.79,762.35,1.172
2025-07-01 14:00:00,F1_R4,14,1,1.11,14,1,7,23.07,56.32,757.97,1.167
2025-07-01 15:00:00,F1_R4,14,1,1.11,15,1,7,22.96,55.28,741.86,1.143
2025-07-01 16:00:00,F1_R4,14,1,1.11,16,1,7,21.52,52.55,686.92,0.991
2025-07-01 17:00:00,F1_R4,14,1,1.11,17,1,7,20.07,50.11,600.76,0.713
2025-07-01 18:00:00,F1_R4,14,1,1.11,18,1,7,19.29,46.09,508.03,0.409
2025-07-01 19:00:00,F1_R4,14,1,1.11,19,1,7,17.41,42.43,454.51,0.264
2025-07-01 20:00:00,F1_R4,14,1,1.11,20,1,7,15.83,40.7,432.65,0.219
2025-07-01 21:00:00,F1_R4,14,1,1.11,21,1,7,14.88,37.08,424.17,0.205
2025-07-01 22:00:00,F1_R4,14,1,1.11,22,1,7,14.0,34.95,421.39,0.201
2025-07-01 23:00:00,F1_R4,14,1,1.11,23,1,7,13.82,32.42,420.45,0.2
2025-07-02 00:00:00,F1_R4,14,1,1.11,0,2,7,12.82,30.5,420.02,0.2
2025-07-02 01:00:00,F1_R4,14,1,1.11,1,2,7,13.31,30.81,420.05,0.2
2025-07-02 02:00:00,F1_R4,14,1,1.11,2,2,7,13.18,32.14,420.15,0.2
2025-07-02 03:00:00,F1_R4,14,1,1.11,3,2,7,13.02,33.9,420.47,0.2
2025-07-02 04:00:00,F1_R4,14,1,1.11,4,2,7,13.11,34.8,421.38,0.201
2025-07-02 05:00:00,F1_R4,14,1,1.11,5,2,7,13.73,37.08,424.17,0.202
2025-07-02 06:00:00,F1_R4,14,1,1.11,6,2,7,14.17,40.76,432.67,0.208
2025-07-02 07:00:00,F1_R4,14,1,1.11,7,2,7,15.14,43.52,455.57,0.228
2025-07-02 08:00:00,F1_R4,14,1,1.11,8,2,7,16.16,46.31,508.57,0.286
2025-07-02 09:00:00,F1_R4,14,1,1.11,9,2,7,17.68,50.23,601.33,0.415
2025-07-02 10:00:00,F1_R4,14,1,1.11,10,2,7,18.68,52.83,688.99,0.525
2025-07-02 11:00:00,F1_R4,14,1,1.11,11,2,7,20.87,55.33,742.29,0.584
2025-07-02 12:00:00,F1_R4,14,1,1.11,12,2,7,22.66,57.31,767.42,0.617
2025-07-02 13:00:00,F1_R4,14,1,1.11,13,2,7,23.05,56.79,762.35,0.578
2025-07-02 14:00:00,F1_R4,14,1,1.11,14,2,7,23.07,56.32,757.97,0.578
2025-07-02 15:00:00,F1_R4,14,1,1.11,15,2,7,22.96,55.28,741.86,0.582
2025-07-02 16:00:00,F1_R4,14,1,1.11,16,2,7,21.52,52.55,686.92,0.516
2025-07-02 17:00:00,F1_R4,14,1,1.11,17,2,7,20.07,50.11,600.76,0.413
2025-07-02 18:00:00,F1_R4,14,1,1.11,18,2,7,19.29,46.09,508.03,0.284
2025-07-02 19:00:00,F1_R4,14,1,1.11,19,2,7,17.41,42.43,454.51,0.225
2025-07-02 20:00:00,F1_R4,14,1,1.11,20,2,7,15.83,40.7,432.65,0.208
2025-07-02 21:00:00,F1_R4,14,1,1.11,21,2,7,14.88,37.08,424.17,0.202
2025-07-02 22:00:00,F1_R4,14,1,1.11,22,2,7,14.0,34.95,421.39,0.201
2025-07-02 23:00:00,F1_R4,14,1,1.11,23,2,7,13.82,32.42,420.45,0.2
2025-07-03 00:00:00,F1_R4,14,1,1.11,0,3,7,12.82,30.5,420.02,0.2
2025-07-03 01:00:00,F1_R4,14,1,1.11,1,3,7,13.31,30.81,420.05,0.2
2025-07-03 02:00:00,F1_R4,14,1,1.11,2,3,7,13.18,32.14,420.15,0.2
2025-07-03 03:00:00,F1_R4,14,1,1.11,3,3,7,13.02,33.9,420.47,0.2
2025-07-03 04:00:00,F1_R4,14,1,1.11,4,3,7,13.11,34.8,421.38,0.201
2025-07-03 05:00:00,F1_R4,14,1,1.11,5,3,7,13.73,37.08,424.17,0.202
2025-07-03 06:00:00,F1_R4,14,1,1.11,6,3,7,14.17,40.76,432.67,0.208
2025-07-03 07:00:00,F1_R4,14,1,1.11,7,3,7,15.14,43.52,455.57,0.228
2025-07-03 08:00:00,F1_R4,14,1,1.11,8,3,7,16.16,46.31,508.57,0.286
2025-07-03 09:00:00,F1_R4,14,1,1.11,9,3,7,17.68,50.23,601.33,0.415
2025-07-03 10:00:00,F1_R4,14,1,1.11,10,3,7,18.68,52.83,688.99,0.525
2025-07-03 11:00:00,F1_R4,14,1,1.11,11,3,7,20.87,55.33,742.29,0.584
2025-07-03 12:00:00,F1_R4,14,1,1.11,12,3,7,22.66,57.31,767.42,0.617
2025-07-03 13:00:00,F1_R4,14,1,1.11,13,3,7,23.05,56.79,762.35,0.578
2025-07-03 14:00:00,F1_R4,14,1,1.11,14,3,7,23.07,56.32,757.97,0.578
2025-07-03 15:00:00,F1_R4,14,1,1.11,15,3,7,22.96,55.28,741.86,0.582
2025-07-03 16:00:00,F1_R4,14,1,1.11,16,3,7,21.52,52.55,686.92,0.516
2025-07-03 17:00:00,F1_R4,14,1,1.11,17,3,7,20.07,50.11,600.76,0.413
2025-07-03 18:00:00,F1_R4,14,1,1.11,18,3,7,19.29,46.09,508.03,0.284
2025-07-03 19:00:00,F1_R4,14,1,1.11,19,3,7,17.41,42.43,454.51,0.225
2025-07-03 20:00:00,F1_R4,14,1,1.11,20,3,7,15.83,40.7,432.65,0.208
2025-07-03 21:00:00,F1_R4,14,1,1.11,21,3,7,14.88,37.08,424.17,0.202
2025-07-03 22:00:00,F1_R4,14,1,1.11,22,3,7,14.0,34.95,421.39,0.201
2025-07-03 23:00:00,F1_R4,14,1,1.11,23,3,7,13.82,32.42,420.45,0.2
2025-07-04 00:00:00,F1_R4,14,1,1.11,0,4,7,12.82,30.5,420.02,0.2
2025-07-04 01:00:00,F1_R4,14,1,1.11,1,4,7,13.31,30.81,420.05,0.2
2025-07-04 02:00:00,F1_R4,14,1,1.11,2,4,7,13.18,32.14,420.15,0.2
2025-07-04 03:00:00,F1_R4,14,1,1.11,3,4,7,13.02,33.9,420.47,0.2
2025-07-04 04:00:00,F1_R4,14,1,1.11,4,4,7,13.11,34.8,421.38,0.201
2025-07-04 05:00:00,F1_R4,14,1,1.11,5,4,7,13.73,37.08,424.17,0.202
2025-07-04 06:00:00,F1_R4,14,1,1.11,6,4,7,14.17,40.76,432.67,0.208
2025-07-04 07:00:00,F1_R4,14,1,1.11,7,4,7,15.14,43.52,455.57,0.228
2025-07-04 08:00:00,F1_R4,14,1,1.11,8,4,7,16.16,46.31,508.57,0.286
2025-07-04 09:00:00,F1_R4,14,1,1.11,9,4,7,17.68,50.23,601.33,0.415
2025-07-04 10:00:00,F1_R4,14,1,1.11,10,4,7,18.68,52.83,688.99,0.525
2025-07-04 11:00:00,F1_R4,14,1,1.11,11,4,7,20.87,55.33,742.29,0.584
2025-07-04 12:00:00,F1_R4,14,1,1.11,12,4,7,22.66,57.31,767.42,0.617
2025-07-04 13:00:00,F1_R4,14,1,1.11,13,4,7,23.05,56.79,762.35,0.578
2025-07-04 14:00:00,F1_R4,14,1,1.11,14,4,7,23.07,56.32,757.97,0.578
2025-07-04 15:00:00,F1_R4,14,1,1.11,15,4,7,22.96,55.28,741.86,0.582
2025-07-04 16:00:00,F1_R4,14,1,1.11,16,4,7,21.52,52.55,686.92,0.516
2025-07-04 17:00:00,F1_R4,14,1,1.11,17,4,7,20.07,50.11,600.76,0.413
2025-07-04 18:00:00,F1_R4,14,1,1.11,18,4,7,19.29,46.09,508.03,0.284
2025-07-04 19:00:00,F1_R4,14,1,1.11,19,4,7,17.41,42.43,454.51,0.225
2025-07-04 20:00:00,F1_R4,14,1,1.11,20,4,7,15.83,40.7,432.65,0.208
2025-07-04 21:00:00,F1_R4,14,1,1.11,21,4,7,14.88,37.08,424.17,0.202
2025-07-04 22:00:00,F1_R4,14,1,1.11,22,4,7,14.0,34.95,421.39,0.201
2025-07-04 23:00:00,F1_R4,14,1,1.11,23,4,7,13.82,32.42,420.45,0.2
2025-07-05 00:00:00,F1_R4,14,1,1.11,0,5,7,12.82,30.5,420.02,0.2
2025-07-05 01:00:00,F1_R4,14,1,1.11,1,5,7,13.31,30.81,420.05,0.2
2025-07-05 02:00:00,F1_R4,14,1,1.11,2,5,7,13.18,32.14,420.15,0.2
2025-07-05 03:00:00,F1_R4,14,1,1.11,3,5,7,13.02,33.9,420.47,0.2
2025-07-05 04:00:00,F1_R4,14,1,1.11,4,5,7,13.11,34.8,421.38,0.201
2025-07-05 05:00:00,F1_R4,14,1,1.11,5,5,7,13.73,37.08,424.17,0.202
2025-07-05 06:00:00,F1_R4,14,1,1.11,6,5,7,14.17,40.76,432.67,0.208
2025-07-05 07:00:00,F1_R4,14,1,1.11,7,5,7,15.14,43.52,455.57,0.228
2025-07-05 08:00:00,F1_R4,14,1,1.11,8,5,7,16.16,46.31,508.57,0.286
2025-07-05 09:00:00,F1_R4,14,1,1.11,9,5,7,17.68,50.23,601.33,0.415
2025-07-05 10:00:00,F1_R4,14,1,1.11,10,5,7,18.68,52.83,688.99,0.525
2025-07-05 11:00:00,F1_R4,14,1,1.11,11,5,7,20.87,55.33,742.29,0.584
2025-07-05 12:00:00,F1_R4,14,1,1.11,12,5,7,22.66,57.31,767.42,0.617
2025-07-05 13:00:00,F1_R4,14,1,1.11,13,5,7,23.05,56.79,762.35,0.578
2025-07-05 14:00:00,F1_R4,14,1,1.11,14,5,7,23.07,56.32,757.97,0.578
2025-07-05 15:00:00,F1_R4,14,1,1.11,15,5,7,22.96,55.28,741.86,0.582
2025-07-05 16:00:00,F1_R4,14,1,1.11,16,5,7,21.52,52.55,686.92,0.516
2025-07-05 17:00:00,F1_R4,14,1,1.11,17,5,7,20.07,50.11,600.76,0.413
2025-07-05 18:00:00,F1_R4,14,1,1.11,18,5,7,19.29,46.09,508.03,0.284
2025-07-05 19:00:00,F1_R4,14,1,1.11,19,5,7,17.41,42.43,454.51,0.225
2025-07-05 20:00:00,F1_R4,14,1,1.11,20,5,7,15.83,40.7,432.65,0.208
2025-07-05 21:00:00,F1_R4,14,1,1.11,21,5,7,14.88,37.08,424.17,0.202
2025-07-05 22:00:00,F1_R4,14,1,1.11,22,5,7,14.0,34.95,421.39,0.201
2025-07-05 23:00:00,F1_R4,14,1,1.11,23,5,7,13.82,32.42,420.45,0.2
2025-07-06 00:00:00,F1_R4,14,1,1.11,0,6,7,12.82,30.5,420.02,0.2
2025-07-06 01:00:00,F1_R4,14,1,1.11,1,6,7,13.31,30.81,420.05,0.2
2025-07-06 02:00:00,F1_R4,14,1,1.11,2,6,7,13.18,32.14,420.15,0.2
2025-07-06 03:00:00,F1_R4,14,1,1.11,3,6,7,13.02,33.9,420.47,0.2
2025-07-06 04:00:00,F1_R4,14,1,1.11,4,6,7,13.11,34.8,421.38,0.201
2025-07-06 05:00:00,F1_R4,14,1,1.11,5,6,7,13.73,37.08,424.17,0.202
2025-07-06 06:00:00,F1_R4,14,1,1.11,6,6,7,14.17,40.76,432.67,0.208
2025-07-06 07:00:00,F1_R4,14,1,1.11,7,6,7,15.14,43.52,455.57,0.228
2025-07-06 08:00:00,F1_R4,14,1,1.11,8,6,7,16.16,46.31,508.57,0.286
2025-07-06 09:00:00,F1_R4,14,1,1.11,9,6,7,17.68,50.23,601.33,0.415
2025-07-06 10:00:00,F1_R4,14,1,1.11,10,6,7,18.68,52.83,688.99,0.525
2025-07-06 11:00:00,F1_R4,14,1,1.11,11,6,7,20.87,55.33,742.29,0.584
2025-07-06 12:00:00,F1_R4,14,1,1.11,12,6,7,22.66,57.31,767.42,0.617
2025-07-06 13:00:00,F1_R4,14,1,1.11,13,6,7,23.05,56.79,762.35,0.578
2025-07-06 14:00:00,F1_R4,14,1,1.11,14,6,7,23.07,56.32,757.97,0.578
2025-07-06 15:00:00,F1_R4,14,1,1.11,15,6,7,22.96,55.28,741.86,0.582
2025-07-06 16:00:00,F1_R4,14,1,1.11,16,6,7,21.52,52.55,686.92,0.516
2025-07-06 17:00:00,F1_R4,14,1,1.11,17,6,7,20.07,50.11,600.76,0.413
2025-07-06 18:00:00,F1_R4,14,1,1.11,18,6,7,19.29,46.09,508.03,0.284
2025-07-06 19:00:00,F1_R4,14,1,1.11,19,6,7,17.41,42.43,454.51,0.225
2025-07-06 20:00:00,F1_R4,14,1,1.11,20,6,7,15.83,40.7,432.65,0.208
2025-07-06 21:00:00,F1_R4,14,1,1.11,21,6,7,14.88,37.08,424.17,0.202
2025-07-06 22:00:00,F1_R4,14,1,1.11,22,6,7,14.0,34.95,421.39,0.201
2025-07-06 23:00:00,F1_R4,14,1,1.11,23,6,7,13.82,32.42,420.45,0.2
2025-07-07 00:00:00,F1_R4,14,1,1.11,0,7,7,12.82,30.5,420.02,0.2
2025-07-07 01:00:00,F1_R4,14,1,1.11,1,7,7,13.31,30.81,420.05,0.2
2025-07-07 02:00:00,F1_R4,14,1,1.11,2,7,7,13.18,32.14,420.15,0.2
2025-07-07 03:00:00,F1_R4,14,1,1.11,3,7,7,13.02,33.9,420.47,0.2
2025-07-07 04:00:00,F1_R4,14,1,1.11,4,7,7,13.11,34.8,421.38,0.201
2025-07-07 05:00:00,F1_R4,14,1,1.11,5,7,7,13.73,37.08,424.17,0.205
2025-07-07 06:00:00,F1_R4,14,1,1.11,6,7,7,14.17,40.76,432.67,0.219
2025-07-07 07:00:00,F1_R4,14,1,1.11,7,7,7,15.14,43.52,455.57,0.267
2025-07-07 08:00:00,F1_R4,14,1,1.11,8,7,7,16.16,46.31,508.57,0.411
2025-07-07 09:00:00,F1_R4,14,1,1.11,9,7,7,17.68,50.23,601.33,0.715
2025-07-07 10:00:00,F1_R4,14,1,1.11,10,7,7,18.68,52.83,688.99,1.0
2025-07-07 11:00:00,F1_R4,14,1,1.11,11,7,7,20.87,55.33,742.29,1.145
2025-07-07 12:00:00,F1_R4,14,1,1.11,12,7,7,22.66,57.31,767.42,1.205
2025-07-07 13:00:00,F1_R4,14,1,1.11,13,7,7,23.05,56.79,762.35,1.172
2025-07-07 14:00:00,F1_R4,14,1,1.11,14,7,7,23.07,56.32,757.97,1.167
2025-07-07 15:00:00,F1_R4,14,1,1.11,15,7,7,22.96,55.28,741.86,1.143
2025-07-07 16:00:00,F1_R4,14,1,1.11,16,7,7,21.52,52.55,686.92,0.991
2025-07-07 17:00:00,F1_R4,14,1,1.11,17,7,7,20.07,50.11,600.76,0.713
2025-07-07 18:00:00,F1_R4,14,1,1.11,18,7,7,19.29,46.09,508.03,0.409
2025-07-07 19:00:00,F1_R4,14,1,1.11,19,7,7,17.41,42.43,454.51,0.264
2025-07-07 20:00:00,F1_R4,14,1,1.11,20,7,7,15.83,40.7,432.65,0.219
2025-07-07 21:00:00,F1_R4,14,1,1.11,21,7,7,14.88,37.08,424.17,0.205
2025-07-07 22:00:00,F1_R4,14,1,1.11,22,7,7,14.0,34.95,421.39,0.201
2025-07-07 23:00:00,F1_R4,14,1,1.11,23,7,7,13.82,32.42,420.45,0.2
2025-07-08 00:00:00,F1_R4,14,1,1.11,0,8,7,12.82,30.5,420.02,0.2
2025-07-08 01:00:00,F1_R4,14,1,1.11,1,8,7,13.31,30.81,420.05,0.2
2025-07-08 02:00:00,F1_R4,14,1,1.11,2,8,7,13.18,32.14,420.15,0.2
2025-07-08 03:00:00,F1_R4,14,1,1.11,3,8,7,13.02,33.9,420.47,0.2
2025-07-08 04:00:00,F1_R4,14,1,1.11,4,8,7,13.11,34.8,421.38,0.201
2025-07-08 05:00:00,F1_R4,14,1,1.11,5,8,7,13.73,37.08,424.17,0.205
2025-07-08 06:00:00,F1_R4,14,1,1.11,6,8,7,14.17,40.76,432.67,0.219
2025-07-08 07:00:00,F1_R4,14,1,1.11,7,8,7,15.14,43.52,455.57,0.267
2025-07-08 08:00:00,F1_R4,14,1,1.11,8,8,7,16.16,46.31,508.57,0.411
2025-07-08 09:00:00,F1_R4,14,1,1.11,9,8,7,17.68,50.23,601.33,0.715
2025-07-08 10:00:00,F1_R4,14,1,1.11,10,8,7,18.68,52.83,688.99,1.0
2025-07-08 11:00:00,F1_R4,14,1,1.11,11,8,7,20.87,55.33,742.29,1.145
2025-07-08 12:00:00,F1_R4,14,1,1.11,12,8,7,22.66,57.31,767.42,1.205
2025-07-08 13:00:00,F1_R4,14,1,1.11,13,8,7,23.05,56.79,762.35,1.172
2025-07-08 14:00:00,F1_R4,14,1,1.11,14,8,7,23.07,56.32,757.97,1.167
2025-07-08 15:00:00,F1_R4,14,1,1.11,15,8,7,22.96,55.28,741.86,1.143
2025-07-08 16:00:00,F1_R4,14,1,1.11,16,8,7,21.52,52.55,686.92,0.991
2025-07-08 17:00:00,F1_R4,14,1,1.11,17,8,7,20.07,50.11,600.76,0.713
2025-07-08 18:00:00,F1_R4,14,1,1.11,18,8,7,19.29,46.09,508.03,0.409
2025-07-08 19:00:00,F1_R4,14,1,1.11,19,8,7,17.41,42.43,454.51,0.264
2025-07-08 20:00:00,F1_R4,14,1,1.11,20,8,7,15.83,40.7,432.65,0.219
2025-07-08 21:00:00,F1_R4,14,1,1.11,21,8,7,14.88,37.08,424.17,0.205
2025-07-08 22:00:00,F1_R4,14,1,1.11,22,8,7,14.0,34.95,421.39,0.201
2025-07-08 23:00:00,F1_R4,14,1,1.11,23,8,7,13.82,32.42,420.45,0.2
2025-07-09 00:00:00,F1_R4,14,1,1.11,0,9,7,12.82,30.5,420.02,0.2
2025-07-09 01:00:00,F1_R4,14,1,1.11,1,9,7,13.31,30.81,420.05,0.2
2025-07-09 02:00:00,F1_R4,14,1,1.11,2,9,7,13.18,32.14,420.15,0.2
2025-07-09 03:00:00,F1_R4,14,1,1.11,3,9,7,13.02,33.9,420.47,0.2
2025-07-09 04:00:00,F1_R4,14,1,1.11,4,9,7,13.11,34.8,421.38,0.201
2025-07-09 05:00:00,F1_R4,14,1,1.11,5,9,7,13.73,37.08,424.17,0.202
2025-07-09 06:00:00,F1_R4,14,1,1.11,6,9,7,14.17,40.76,432.67,0.208
2025-07-09 07:00:00,F1_R4,14,1,1.11,7,9,7,15.14,43.52,455.57,0.228
2025-07-09 08:00:00,F1_R4,14,1,1.11,8,9,7,16.16,46.31,508.57,0.286
2025-07-09 09:00:00,F1_R4,14,1,1.11,9,9,7,17.68,50.23,601.33,0.415
2025-07-09 10:00:00,F1_R4,14,1,1.11,10,9,7,18.68,52.83,688.99,0.525
2025-07-09 11:00:00,F1_R4,14,1,1.11,11,9,7,20.87,55.33,742.29,0.584
2025-07-09 12:00:00,F1_R4,14,1,1.11,12,9,7,22.66,57.31,767.42,0.617
2025-07-09 13:00:00,F1_R4,14,1,1.11,13,9,7,23.05,56.79,762.35,0.578
2025-07-09 14:00:00,F1_R4,14,1,1.11,14,9,7,23.07,56.32,757.97,0.578
2025-07-09 15:00:00,F1_R4,14,1,1.11,15,9,7,22.96,55.28,741.86,0.582
2025-07-09 16:00:00,F1_R4,14,1,1.11,16,9,7,21.52,52.55,686.92,0.516
2025-07-09 17:00:00,F1_R4,14,1,1.11,17,9,7,20.07,50.11,600.76,0.413
2025-07-09 18:00:00,F1_R4,14,1,1.11,18,9,7,19.29,46.09,508.03,0.284
2025-07-09 19:00:00,F1_R4,14,1,1.11,19,9,7,17.41,42.43,454.51,0.225
2025-07-09 20:00:00,F1_R4,14,1,1.11,20,9,7,15.83,40.7,432.65,0.208
2025-07-09 21:00:00,F1_R4,14,1,1.11,21,9,7,14.88,37.08,424.17,0.202
2025-07-09 22:00:00,F1_R4,14,1,1.11,22,9,7,14.0,34.95,421.39,0.201
2025-07-09 23:00:00,F1_R4,14,1,1.11,23,9,7,13.82,32.42,420.45,0.2
2025-07-10 00:00:00,F1_R4,14,1,1.11,0,10,7,12.82,30.5,420.02,0.2
2025-07-10 01:00:00,F1_R4,14,1,1.11,1,10,7,13.31,30.81,420.05,0.2
2025-07-10 02:00:00,F1_R4,14,1,1.11,2,10,7,13.18,32.14,420.15,0.2
2025-07-10 03:00:00,F1_R4,14,1,1.11,3,10,7,13.02,33.9,420.47,0.2
2025-07-10 04:00:00,F1_R4,14,1,1.11,4,10,7,13.11,34.8,421.38,0.201
2025-07-10 05:00:00,F1_R4,14,1,1.11,5,10,7,13.73,37.08,424.17,0.202
2025-07-10 06:00:00,F1_R4,14,1,1.11,6,10,7,14.17,40.76,432.67,0.208
2025-07-10 07:00:00,F1_R4,14,1,1.11,7,10,7,15.14,43.52,455.57,0.228
2025-07-10 08:00:00,F1_R4,14,1,1.11,8,10,7,16.16,46.31,508.57,0.286
2025-07-10 09:00:00,F1_R4,14,1,1.11,9,10,7,17.68,50.23,601.33,0.415
2025-07-10 10:00:00,F1_R4,14,1,1.11,10,10,7,18.68,52.83,688.99,0.525
2025-07-10 11:00:00,F1_R4,14,1,1.11,11,10,7,20.87,55.33,742.29,0.584
2025-07-10 12:00:00,F1_R4,14,1,1.11,12,10,7,22.66,57.31,767.42,0.617
2025-07-10 13:00:00,F1_R4,14,1,1.11,13,10,7,23.05,56.79,762.35,0.578
2025-07-10 14:00:00,F1_R4,14,1,1.11,14,10,7,23.07,56.32,757.97,0.578
2025-07-10 15:00:00,F1_R4,14,1,1.11,15,10,7,22.96,55.28,741.86,0.582
2025-07-10 16:00:00,F1_R4,14,1,1.11,16,10,7,21.52,52.55,686.92,0.516
2025-07-10 17:00:00,F1_R4,14,1,1.11,17,10,7,20.07,50.11,600.76,0.413
2025-07-10 18:00:00,F1_R4,14,1,1.11,18,10,7,19.29,46.09,508.03,0.284
2025-07-10 19:00:00,F1_R4,14,1,1.11,19,10,7,17.41,42.43,454.51,0.225
2025-07-10 20:00:00,F1_R4,14,1,1.11,20,10,7,15.83,40.7,432.65,0.208
2025-07-10 21:00:00,F1_R4,14,1,1.11,21,10,7,14.88,37.08,424.17,0.202
2025-07-10 22:00:00,F1_R4,14,1,1.11,22,10,7,14.0,34.95,421.39,0.201
2025-07-10 23:00:00,F1_R4,14,1,1.11,23,10,7,13.82,32.42,420.45,0.2
2025-07-11 00:00:00,F1_R4,14,1,1.11,0,11,7,12.82,30.5,420.02,0.2
2025-07-11 01:00:00,F1_R4,14,1,1.11,1,11,7,13.31,30.81,420.05,0.2
2025-07-11 02:00:00,F1_R4,14,1,1.11,2,11,7,13.18,32.14,420.15,0.2
2025-07-11 03:00:00,F1_R4,14,1,1.11,3,11,7,13.02,33.9,420.47,0.2
2025-07-11 04:00:00,F1_R4,14,1,1.11,4,11,7,13.11,34.8,421.38,0.201
2025-07-11 05:00:00,F1_R4,14,1,1.11,5,11,7,13.73,37.08,424.17,0.202
2025-07-11 06:00:00,F1_R4,14,1,1.11,6,11,7,14.17,40.76,432.67,0.208
2025-07-11 07:00:00,F1_R4,14,1,1.11,7,11,7,15.14,43.52,455.57,0.228
2025-07-11 08:00:00,F1_R4,14,1,1.11,8,11,7,16.16,46.31,508.57,0.286
2025-07-11 09:00:00,F1_R4,14,1,1.11,9,11,7,17.68,50.23,601.33,0.415
2025-07-11 10:00:00,F1_R4,14,1,1.11,10,11,7,18.68,52.83,688.99,0.525
2025-07-11 11:00:00,F1_R4,14,1,1.11,11,11,7,20.87,55.33,742.29,0.584
2025-07-11 12:00:00,F1_R4,14,1,1.11,12,11,7,22.66,57.31,767.42,0.617
2025-07-11 13:00:00,F1_R4,14,1,1.11,13,11,7,23.05,56.79,762.35,0.578
2025-07-11 14:00:00,F1_R4,14,1,1.11,14,11,7,23.07,56.32,757.97,0.578
2025-07-11 15:00:00,F1_R4,14,1,1.11,15,11,7,22.96,55.28,741.86,0.582
2025-07-11 16:00:00,F1_R4,14,1,1.11,16,11,7,21.52,52.55,686.92,0.516
2025-07-11 17:00:00,F1_R4,14,1,1.11,17,11,7,20.07,50.11,600.76,0.413
2025-07-11 18:00:00,F1_R4,14,1,1.11,18,11,7,19.29,46.09,508.03,0.284
2025-07-11 19:00:00,F1_R4,14,1,1.11,19,11,7,17.41,42.43,454.51,0.225
2025-07-11 20:00:00,F1_R4,14,1,1.11,20,11,7,15.83,40.7,432.65,0.208
2025-07-11 21:00:00,F1_R4,14,1,1.11,21,11,7,14.88,37.08,424.17,0.202
2025-07-11 22:00:00,F1_R4,14,1,1.11,22,11,7,14.0,34.95,421.39,0.201
2025-07-11 23:00:00,F1_R4,14,1,1.11,23,11,7,13.82,32.42,420.45,0.2
2025-07-12 00:00:00,F1_R4,14,1,1.11,0,12,7,12.82,30.5,420.02,0.2
2025-07-12 01:00:00,F1_R4,14,1,1.11,1,12,7,13.31,30.81,420.05,0.2
2025-07-12 02:00:00,F1_R4,14,1,1.11,2,12,7,13.18,32.14,420.15,0.2
2025-07-12 03:00:00,F1_R4,14,1,1.11,3,12,7,13.02,33.9,420.47,0.2
2025-07-12 04:00:00,F1_R4,14,1,1.11,4,12,7,13.11,34.8,421.38,0.201
2025-07-12 05:00:00,F1_R4,14,1,1.11,5,12,7,13.73,37.08,424.17,0.202
2025-07-12 06:00:00,F1_R4,14,1,1.11,6,12,7,14.17,40.76,432.67,0.208
2025-07-12 07:00:00,F1_R4,14,1,1.11,7,12,7,15.14,43.52,455.57,0.228
2025-07-12 08:00:00,F1_R4,14,1,1.11,8,12,7,16.16,46.31,508.57,0.286
2025-07-12 09:00:00,F1_R4,14,1,1.11,9,12,7,17.68,50.23,601.33,0.415
2025-07-12 10:00:00,F1_R4,14,1,1.11,10,12,7,18.68,52.83,688.99,0.525
2025-07-12 11:00:00,F1_R4,14,1,1.11,11,12,7,20.87,55.33,742.29,0.584
2025-07-12 12:00:00,F1_R4,14,1,1.11,12,12,7,22.66,57.31,767.42,0.617
2025-07-12 13:00:00,F1_R4,14,1,1.11,13,12,7,23.05,56.79,762.35,0.578
2025-07-12 14:00:00,F1_R4,14,1,1.11,14,12,7,23.07,56.32,757.97,0.578
2025-07-12 15:00:00,F1_R4,14,1,1.11,15,12,7,22.96,55.28,741.86,0.582
2025-07-12 16:00:00,F1_R4,14,1,1.11,16,12,7,21.52,52.55,686.92,0.516
2025-07-12 17:00:00,F1_R4,14,1,1.11,17,12,7,20.07,50.11,600.76,0.413
2025-07-12 18:00:00,F1_R4,14,1,1.11,18,12,7,19.29,46.09,508.03,0.284
2025-07-12 19:00:00,F1_R4,14,1,1.11,19,12,7,17.41,42.43,454.51,0.225
2025-07-12 20:00:00,F1_R4,14,1,1.11,20,12,7,15.83,40.7,432.65,0.208
2025-07-12 21:00:00,F1_R4,14,1,1.11,21,12,7,14.88,37.08,424.17,0.202
2025-07-12 22:00:00,F1_R4,14,1,1.11,22,12,7,14.0,34.95,421.39,0.201
2025-07-12 23:00:00,F1_R4,14,1,1.11,23,12,7,13.82,32.42,420.45,0.2
2025-07-13 00:00:00,F1_R4,14,1,1.11,0,13,7,12.82,30.5,420.02,0.2
2025-07-13 01:00:00,F1_R4,14,1,1.11,1,13,7,13.31,30.81,420.05,0.2
2025-07-13 02:00:00,F1_R4,14,1,1.11,2,13,7,13.18,32.14,420.15,0.2
2025-07-13 03:00:00,F1_R4,14,1,1.11,3,13,7,13.02,33.9,420.47,0.2
2025-07-13 04:00:00,F1_R4,14,1,1.11,4,13,7,13.11,34.8,421.38,0.201
2025-07-13 05:00:00,F1_R4,14,1,1.11,5,13,7,13.73,37.08,424.17,0.202
2025-07-13 06:00:00,F1_R4,14,1,1.11,6,13,7,14.17,40.76,432.67,0.208
2025-07-13 07:00:00,F1_R4,14,1,1.11,7,13,7,15.14,43.52,455.57,0.228
2025-07-13 08:00:00,F1_R4,14,1,1.11,8,13,7,16.16,46.31,508.57,0.286
2025-07-13 09:00:00,F1_R4,14,1,1.11,9,13,7,17.68,50.23,601.33,0.415
2025-07-13 10:00:00,F1_R4,14,1,1.11,10,13,7,18.68,52.83,688.99,0.525
2025-07-13 11:00:00,F1_R4,14,1,1.11,11,13,7,20.87,55.33,742.29,0.584
2025-07-13 12:00:00,F1_R4,14,1,1.11,12,13,7,22.66,57.31,767.42,0.617
2025-07-13 13:00:00,F1_R4,14,1,1.11,13,13,7,23.05,56.79,762.35,0.578
2025-07-13 14:00:00,F1_R4,14,1,1.11,14,13,7,23.07,56.32,757.97,0.578
2025-07-13 15:00:00,F1_R4,14,1,1.11,15,13,7,22.96,55.28,741.86,0.582
2025-07-13 16:00:00,F1_R4,14,1,1.11,16,13,7,21.52,52.55,686.92,0.516
2025-07-13 17:00:00,F1_R4,14,1,1.11,17,13,7,20.07,50.11,600.76,0.413
2025-07-13 18:00:00,F1_R4,14,1,1.11,18,13,7,19.29,46.09,508.03,0.284
2025-07-13 19:00:00,F1_R4,14,1,1.11,19,13,7,17.41,42.43,454.51,0.225
2025-07-13 20:00:00,F1_R4,14,1,1.11,20,13,7,15.83,40.7,432.65,0.208
2025-07-13 21:00:00,F1_R4,14,1,1.11,21,13,7,14.88,37.08,424.17,0.202
2025-07-13 22:00:00,F1_R4,14,1,1.11,22,13,7,14.0,34.95,421.39,0.201
2025-07-13 23:00:00,F1_R4,14,1,1.11,23,13,7,13.82,32.42,420.45,0.2
2025-07-14 00:00:00,F1_R4,14,1,1.11,0,14,7,12.82,30.5,420.02,0.2
2025-07-14 01:00:00,F1_R4,14,1,1.11,1,14,7,13.31,30.81,420.05,0.2
2025-07-14 02:00:00,F1_R4,14,1,1.11,2,14,7,13.18,32.14,420.15,0.2
2025-07-14 03:00:00,F1_R4,14,1,1.11,3,14,7,13.02,33.9,420.47,0.2
2025-07-14 04:00:00,F1_R4,14,1,1.11,4,14,7,13.11,34.8,421.38,0.201
2025-07-14 05:00:00,F1_R4,14,1,1.11,5,14,7,13.73,37.08,424.17,0.205
2025-07-14 06:00:00,F1_R4,14,1,1.11,6,14,7,14.17,40.76,432.67,0.219
2025-07-14 07:00:00,F1_R4,14,1,1.11,7,14,7,15.14,43.52,455.57,0.267
2025-07-14 08:00:00,F1_R4,14,1,1.11,8,14,7,16.16,46.31,508.57,0.411
2025-07-14 09:00:00,F1_R4,14,1,1.11,9,14,7,17.68,50.23,601.33,0.715
2025-07-14 10:00:00,F1_R4,14,1,1.11,10,14,7,18.68,52.83,688.99,1.0
2025-07-14 11:00:00,F1_R4,14,1,1.11,11,14,7,20.87,55.33,742.29,1.145
2025-07-14 12:00:00,F1_R4,14,1,1.11,12,14,7,22.66,57.31,767.42,1.205
2025-07-14 13:00:00,F1_R4,14,1,1.11,13,14,7,23.05,56.79,762.35,1.172
2025-07-14 14:00:00,F1_R4,14,1,1.11,14,14,7,23.07,56.32,757.97,1.167
2025-07-14 15:00:00,F1_R4,14,1,1.11,15,14,7,22.96,55.28,741.86,1.143
2025-07-14 16:00:00,F1_R4,14,1,1.11,16,14,7,21.52,52.55,686.92,0.991
2025-07-14 17:00:00,F1_R4,14,1,1.11,17,14,7,20.07,50.11,600.76,0.713
2025-07-14 18:00:00,F1_R4,14,1,1.11,18,14,7,19.29,46.09,508.03,0.409
2025-07-14 19:00:00,F1_R4,14,1,1.11,19,14,7,17.41,42.43,454.51,0.264
2025-07-14 20:00:00,F1_R4,14,1,1.11,20,14,7,15.83,40.7,432.65,0.219
2025-07-14 21:00:00,F1_R4,14,1,1.11,21,14,7,14.88,37.08,424.17,0.205
2025-07-14 22:00:00,F1_R4,14,1,1.11,22,14,7,14.0,34.95,421.39,0.201
2025-07-14 23:00:00,F1_R4,14,1,1.11,23,14,7,13.82,32.42,420.45,0.2
2025-07-15 00:00:00,F1_R4,14,1,1.11,0,15,7,12.82,30.5,420.02,0.2
2025-07-15 01:00:00,F1_R4,14,1,1.11,1,15,7,13.31,30.81,420.05,0.2
2025-07-15 02:00:00,F1_R4,14,1,1.11,2,15,7,13.18,32.14,420.15,0.2
2025-07-15 03:00:00,F1_R4,14,1,1.11,3,15,7,13.02,33.9,420.47,0.2
2025-07-15 04:00:00,F1_R4,14,1,1.11,4,15,7,13.11,34.8,421.38,0.201
2025-07-15 05:00:00,F1_R4,14,1,1.11,5,15,7,13.73,37.08,424.17,0.205
2025-07-15 06:00:00,F1_R4,14,1,1.11,6,15,7,14.17,40.76,432.67,0.219
2025-07-15 07:00:00,F1_R4,14,1,1.11,7,15,7,15.14,43.52,455.57,0.267
2025-07-15 08:00:00,F1_R4,14,1,1.11,8,15,7,16.16,46.31,508.57,0.411
2025-07-15 09:00:00,F1_R4,14,1,1.11,9,15,7,17.68,50.23,601.33,0.715
2025-07-15 10:00:00,F1_R4,14,1,1.11,10,15,7,18.68,52.83,688.99,1.0
2025-07-15 11:00:00,F1_R4,14,1,1.11,11,15,7,20.87,55.33,742.29,1.145
2025-07-15 12:00:00,F1_R4,14,1,1.11,12,15,7,22.66,57.31,767.42,1.205
2025-07-15 13:00:00,F1_R4,14,1,1.11,13,15,7,23.05,56.79,762.35,1.172
2025-07-15 14:00:00,F1_R4,14,1,1.11,14,15,7,23.07,56.32,757.97,1.167
2025-07-15 15:00:00,F1_R4,14,1,1.11,15,15,7,22.96,55.28,741.86,1.143
2025-07-15 16:00:00,F1_R4,14,1,1.11,16,15,7,21.52,52.55,686.92,0.991
2025-07-15 17:00:00,F1_R4,14,1,1.11,17,15,7,20.07,50.11,600.76,0.713
2025-07-15 18:00:00,F1_R4,14,1,1.11,18,15,7,19.29,46.09,508.03,0.409
2025-07-15 19:00:00,F1_R4,14,1,1.11,19,15,7,17.41,42.43,454.51,0.264
2025-07-15 20:00:00,F1_R4,14,1,1.11,20,15,7,15.83,40.7,432.65,0.219
2025-07-15 21:00:00,F1_R4,14,1,1.11,21,15,7,14.88,37.08,424.17,0.205
2025-07-15 22:00:00,F1_R4,14,1,1.11,22,15,7,14.0,34.95,421.39,0.201
2025-07-15 23:00:00,F1_R4,14,1,1.11,23,15,7,13.82,32.42,420.45,0.2
2025-07-16 00:00:00,F1_R4,14,1,1.11,0,16,7,12.82,30.5,420.02,0.2
2025-07-16 01:00:00,F1_R4,14,1,1.11,1,16,7,13.31,30.81,420.05,0.2
2025-07-16 02:00:00,F1_R4,14,1,1.11,2,16,7,13.18,32.14,420.15,0.2
2025-07-16 03:00:00,F1_R4,14,1,1.11,3,16,7,13.02,33.9,420.47,0.2
2025-07-16 04:00:00,F1_R4,14,1,1.11,4,16,7,13.11,34.8,421.38,0.201
2025-07-16 05:00:00,F1_R4,14,1,1.11,5,16,7,13.73,37.08,424.17,0.202
2025-07-16 06:00:00,F1_R4,14,1,1.11,6,16,7,14.17,40.76,432.67,0.208
2025-07-16 07:00:00,F1_R4,14,1,1.11,7,16,7,15.14,43.52,455.57,0.228
2025-07-16 08:00:00,F1_R4,14,1,1.11,8,16,7,16.16,46.31,508.57,0.286
2025-07-16 09:00:00,F1_R4,14,1,1.11,9,16,7,17.68,50.23,601.33,0.415
2025-07-16 10:00:00,F1_R4,14,1,1.11,10,16,7,18.68,52.83,688.99,0.525
2025-07-16 11:00:00,F1_R4,14,1,1.11,11,16,7,20.87,55.33,742.29,0.584
2025-07-16 12:00:00,F1_R4,14,1,1.11,12,16,7,22.66,57.31,767.42,0.617
2025-07-16 13:00:00,F1_R4,14,1,1.11,13,16,7,23.05,56.79,762.35,0.578
2025-07-16 14:00:00,F1_R4,14,1,1.11,14,16,7,23.07,56.32,757.97,0.578
2025-07-16 15:00:00,F1_R4,14,1,1.11,15,16,7,22.96,55.28,741.86,0.582
2025-07-16 16:00:00,F1_R4,14,1,1.11,16,16,7,21.52,52.55,686.92,0.516
2025-07-16 17:00:00,F1_R4,14,1,1.11,17,16,7,20.07,50.11,600.76,0.413
2025-07-16 18:00:00,F1_R4,14,1,1.11,18,16,7,19.29,46.09,508.03,0.284
2025-07-16 19:00:00,F1_R4,14,1,1.11,19,16,7,17.41,42.43,454.51,0.225
2025-07-16 20:00:00,F1_R4,14,1,1.11,20,16,7,15.83,40.7,432.65,0.208
2025-07-16 21:00:00,F1_R4,14,1,1.11,21,16,7,14.88,37.08,424.17,0.202
2025-07-16 22:00:00,F1_R4,14,1,1.11,22,16,7,14.0,34.95,421.39,0.201
2025-07-16 23:00:00,F1_R4,14,1,1.11,23,16,7,13.82,32.42,420.45,0.2
2025-07-17 00:00:00,F1_R4,14,1,1.11,0,17,7,12.82,30.5,420.02,0.2
2025-07-17 01:00:00,F1_R4,14,1,1.11,1,17,7,13.31,30.81,420.05,0.2
2025-07-17 02:00:00,F1_R4,14,1,1.11,2,17,7,13.18,32.14,420.15,0.2
2025-07-17 03:00:00,F1_R4,14,1,1.11,3,17,7,13.02,33.9,420.47,0.2
2025-07-17 04:00:00,F1_R4,14,1,1.11,4,17,7,13.11,34.8,421.38,0.201
2025-07-17 05:00:00,F1_R4,14,1,1.11,5,17,7,13.73,37.08,424.17,0.202
2025-07-17 06:00:00,F1_R4,14,1,1.11,6,17,7,14.17,40.76,432.67,0.208
2025-07-17 07:00:00,F1_R4,14,1,1.11,7,17,7,15.14,43.52,455.57,0.228
2025-07-17 08:00:00,F1_R4,14,1,1.11,8,17,7,16.16,46.31,508.57,0.286
2025-07-17 09:00:00,F1_R4,14,1,1.11,9,17,7,17.68,50.23,601.33,0.415
2025-07-17 10:00:00,F1_R4,14,1,1.11,10,17,7,18.68,52.83,688.99,0.525
2025-07-17 11:00:00,F1_R4,14,1,1.11,11,17,7,20.87,55.33,742.29,0.584
2025-07-17 12:00:00,F1_R4,14,1,1.11,12,17,7,22.66,57.31,767.42,0.617
2025-07-17 13:00:00,F1_R4,14,1,1.11,13,17,7,23.05,56.79,762.35,0.578
2025-07-17 14:00:00,F1_R4,14,1,1.11,14,17,7,23.07,56.32,757.97,0.578
2025-07-17 15:00:00,F1_R4,14,1,1.11,15,17,7,22.96,55.28,741.86,0.582
2025-07-17 16:00:00,F1_R4,14,1,1.11,16,17,7,21.52,52.55,686.92,0.516
2025-07-17 17:00:00,F1_R4,14,1,1.11,17,17,7,20.07,50.11,600.76,0.413
2025-07-17 18:00:00,F1_R4,14,1,1.11,18,17,7,19.29,46.09,508.03,0.284
2025-07-17 19:00:00,F1_R4,14,1,1.11,19,17,7,17.41,42.43,454.51,0.225
2025-07-17 20:00:00,F1_R4,14,1,1.11,20,17,7,15.83,40.7,432.65,0.208
2025-07-17 21:00:00,F1_R4,14,1,1.11,21,17,7,14.88,37.08,424.17,0.202
2025-07-17 22:00:00,F1_R4,14,1,1.11,22,17,7,14.0,34.95,421.39,0.201
2025-07-17 23:00:00,F1_R4,14,1,1.11,23,17,7,13.82,32.42,420.45,0.2
2025-07-18 00:00:00,F1_R4,14,1,1.11,0,18,7,12.82,30.5,420.02,0.2
2025-07-18 01:00:00,F1_R4,14,1,1.11,1,18,7,13.31,30.81,420.05,0.2
2025-07-18 02:00:00,F1_R4,14,1,1.11,2,18,7,13.18,32.14,420.15,0.2
2025-07-18 03:00:00,F1_R4,14,1,1.11,3,18,7,13.02,33.9,420.47,0.2
2025-07-18 04:00:00,F1_R4,14,1,1.11,4,18,7,13.11,34.8,421.38,0.201
2025-07-18 05:00:00,F1_R4,14,1,1.11,5,18,7,13.73,37.08,424.17,0.202
2025-07-18 06:00:00,F1_R4,14,1,1.11,6,18,7,14.17,40.76,432.67,0.208
2025-07-18 07:00:00,F1_R4,14,1,1.11,7,18,7,15.14,43.52,455.57,0.228
2025-07-18 08:00:00,F1_R4,14,1,1.11,8,18,7,16.16,46.31,508.57,0.286
2025-07-18 09:00:00,F1_R4,14,1,1.11,9,18,7,17.68,50.23,601.33,0.415
2025-07-18 10:00:00,F1_R4,14,1,1.11,10,18,7,18.68,52.83,688.99,0.525
2025-07-18 11:00:00,F1_R4,14,1,1.11,11,18,7,20.87,55.33,742.29,0.584
2025-07-18 12:00:00,F1_R4,14,1,1.11,12,18,7,22.66,57.31,767.42,0.617
2025-07-18 13:00:00,F1_R4,14,1,1.11,13,18,7,23.05,56.79,762.35,0.578
2025-07-18 14:00:00,F1_R4,14,1,1.11,14,18,7,23.07,56.32,757.97,0.578
2025-07-18 15:00:00,F1_R4,14,1,1.11,15,18,7,22.96,55.28,741.86,0.582
2025-07-18 16:00:00,F1_R4,14,1,1.11,16,18,7,21.52,52.55,686.92,0.516
2025-07-18 17:00:00,F1_R4,14,1,1.11,17,18,7,20.07,50.11,600.76,0.413
2025-07-18 18:00:00,F1_R4,14,1,1.11,18,18,7,19.29,46.09,508.03,0.284
2025-07-18 19:00:00,F1_R4,14,1,1.11,19,18,7,17.41,42.43,454.51,0.225
2025-07-18 20:00:00,F1_R4,14,1,1.11,20,18,7,15.83,40.7,432.65,0.208
2025-07-18 21:00:00,F1_R4,14,1,1.11,21,18,7,14.88,37.08,424.17,0.202
2025-07-18 22:00:00,F1_R4,14,1,1.11,22,18,7,14.0,34.95,421.39,0.201
2025-07-18 23:00:00,F1_R4,14,1,1.11,23,18,7,13.82,32.42,420.45,0.2
2025-07-19 00:00:00,F1_R4,14,1,1.11,0,19,7,12.82,30.5,420.02,0.2
2025-07-19 01:00:00,F1_R4,14,1,1.11,1,19,7,13.31,30.81,420.05,0.2
2025-07-19 02:00:00,F1_R4,14,1,1.11,2,19,7,13.18,32.14,420.15,0.2
2025-07-19 03:00:00,F1_R4,14,1,1.11,3,19,7,13.02,33.9,420.47,0.2
2025-07-19 04:00:00,F1_R4,14,1,1.11,4,19,7,13.11,34.8,421.38,0.201
2025-07-19 05:00:00,F1_R4,14,1,1.11,5,19,7,13.73,37.08,424.17,0.202
2025-07-19 06:00:00,F1_R4,14,1,1.11,6,19,7,14.17,40.76,432.67,0.208
2025-07-19 07:00:00,F1_R4,14,1,1.11,7,19,7,15.14,43.52,455.57,0.228
2025-07-19 08:00:00,F1_R4,14,1,1.11,8,19,7,16.16,46.31,508.57,0.286
2025-07-19 09:00:00,F1_R4,14,1,1.11,9,19,7,17.68,50.23,601.33,0.415
2025-07-19 10:00:00,F1_R4,14,1,1.11,10,19,7,18.68,52.83,688.99,0.525
2025-07-19 11:00:00,F1_R4,14,1,1.11,11,19,7,20.87,55.33,742.29,0.584
2025-07-19 12:00:00,F1_R4,14,1,1.11,12,19,7,22.66,57.31,767.42,0.617
2025-07-19 13:00:00,F1_R4,14,1,1.11,13,19,7,23.05,56.79,762.35,0.578
2025-07-19 14:00:00,F1_R4,14,1,1.11,14,19,7,23.07,56.32,757.97,0.578
2025-07-19 15:00:00,F1_R4,14,1,1.11,15,19,7,22.96,55.28,741.86,0.582
2025-07-19 16:00:00,F1_R4,14,1,1.11,16,19,7,21.52,52.55,686.92,0.516
2025-07-19 17:00:00,F1_R4,14,1,1.11,17,19,7,20.07,50.11,600.76,0.413
2025-07-19 18:00:00,F1_R4,14,1,1.11,18,19,7,19.29,46.09,508.03,0.284
2025-07-19 19:00:00,F1_R4,14,1,1.11,19,19,7,17.41,42.43,454.51,0.225
2025-07-19 20:00:00,F1_R4,14,1,1.11,20,19,7,15.83,40.7,432.65,0.208
2025-07-19 21:00:00,F1_R4,14,1,1.11,21,19,7,14.88,37.08,424.17,0.202
2025-07-19 22:00:00,F1_R4,14,1,1.11,22,19,7,14.0,34.95,421.39,0.201
2025-07-19 23:00:00,F1_R4,14,1,1.11,23,19,7,13.82,32.42,420.45,0.2
2025-07-20 00:00:00,F1_R4,14,1,1.11,0,20,7,12.82,30.5,420.02,0.2
2025-07-20 01:00:00,F1_R4,14,1,1.11,1,20,7,13.31,30.81,420.05,0.2
2025-07-20 02:00:00,F1_R4,14,1,1.11,2,20,7,13.18,32.14,420.15,0.2
2025-07-20 03:00:00,F1_R4,14,1,1.11,3,20,7,13.02,33.9,420.47,0.2
2025-07-20 04:00:00,F1_R4,14,1,1.11,4,20,7,13.11,34.8,421.38,0.201
2025-07-20 05:00:00,F1_R4,14,1,1.11,5,20,7,13.73,37.08,424.17,0.202
2025-07-20 06:00:00,F1_R4,14,1,1.11,6,20,7,14.17,40.76,432.67,0.208
2025-07-20 07:00:00,F1_R4,14,1,1.11,7,20,7,15.14,43.52,455.57,0.228
2025-07-20 08:00:00,F1_R4,14,1,1.11,8,20,7,16.16,46.31,508.57,0.286
2025-07-20 09:00:00,F1_R4,14,1,1.11,9,20,7,17.68,50.23,601.33,0.415
2025-07-20 10:00:00,F1_R4,14,1,1.11,10,20,7,18.68,52.83,688.99,0.525
2025-07-20 11:00:00,F1_R4,14,1,1.11,11,20,7,20.87,55.33,742.29,0.584
2025-07-20 12:00:00,F1_R4,14,1,1.11,12,20,7,22.66,57.31,767.42,0.617
2025-07-20 13:00:00,F1_R4,14,1,1.11,13,20,7,23.05,56.79,762.35,0.578
2025-07-20 14:00:00,F1_R4,14,1,1.11,14,20,7,23.07,56.32,757.97,0.578
2025-07-20 15:00:00,F1_R4,14,1,1.11,15,20,7,22.96,55.28,741.86,0.582
2025-07-20 16:00:00,F1_R4,14,1,1.11,16,20,7,21.52,52.55,686.92,0.516
2025-07-20 17:00:00,F1_R4,14,1,1.11,17,20,7,20.07,50.11,600.76,0.413
2025-07-20 18:00:00,F1_R4,14,1,1.11,18,20,7,19.29,46.09,508.03,0.284
2025-07-20 19:00:00,F1_R4,14,1,1.11,19,20,7,17.41,42.43,454.51,0.225
2025-07-20 20:00:00,F1_R4,14,1,1.11,20,20,7,15.83,40.7,432.65,0.208
2025-07-20 21:00:00,F1_R4,14,1,1.11,21,20,7,14.88,37.08,424.17,0.202
2025-07-20 22:00:00,F1_R4,14,1,1.11,22,20,7,14.0,34.95,421.39,0.201
2025-07-20 23:00:00,F1_R4,14,1,1.11,23,20,7,13.82,32.42,420.45,0.2
2025-07-21 00:00:00,F1_R4,14,1,1.11,0,21,7,12.82,30.5,420.02,0.2
2025-07-21 01:00:00,F1_R4,14,1,1.11,1,21,7,13.31,30.81,420.05,0.2
2025-07-21 02:00:00,F1_R4,14,1,1.11,2,21,7,13.18,32.14,420.15,0.2
2025-07-21 03:00:00,F1_R4,14,1,1.11,3,21,7,13.02,33.9,420.47,0.2
2025-07-21 04:00:00,F1_R4,14,1,1.11,4,21,7,13.11,34.8,421.38,0.201
2025-07-21 05:00:00,F1_R4,14,1,1.11,5,21,7,13.73,37.08,424.17,0.205
2025-07-21 06:00:00,F1_R4,14,1,1.11,6,21,7,14.17,40.76,432.67,0.219
2025-07-21 07:00:00,F1_R4,14,1,1.11,7,21,7,15.14,43.52,455.57,0.267
2025-07-21 08:00:00,F1_R4,14,1,1.11,8,21,7,16.16,46.31,508.57,0.411
2025-07-21 09:00:00,F1_R4,14,1,1.11,9,21,7,17.68,50.23,601.33,0.715
2025-07-21 10:00:00,F1_R4,14,1,1.11,10,21,7,18.68,52.83,688.99,1.0
2025-07-21 11:00:00,F1_R4,14,1,1.11,11,21,7,20.87,55.33,742.29,1.145
2025-07-21 12:00:00,F1_R4,14,1,1.11,12,21,7,22.66,57.31,767.42,1.205
2025-07-21 13:00:00,F1_R4,14,1,1.11,13,21,7,23.05,56.79,762.35,1.172
2025-07-21 14:00:00,F1_R4,14,1,1.11,14,21,7,23.07,56.32,757.97,1.167
2025-07-21 15:00:00,F1_R4,14,1,1.11,15,21,7,22.96,55.28,741.86,1.143
2025-07-21 16:00:00,F1_R4,14,1,1.11,16,21,7,21.52,52.55,686.92,0.991
2025-07-21 17:00:00,F1_R4,14,1,1.11,17,21,7,20.07,50.11,600.76,0.713
2025-07-21 18:00:00,F1_R4,14,1,1.11,18,21,7,19.29,46.09,508.03,0.409
2025-07-21 19:00:00,F1_R4,14,1,1.11,19,21,7,17.41,42.43,454.51,0.264
2025-07-21 20:00:00,F1_R4,14,1,1.11,20,21,7,15.83,40.7,432.65,0.219
2025-07-21 21:00:00,F1_R4,14,1,1.11,21,21,7,14.88,37.08,424.17,0.205
2025-07-21 22:00:00,F1_R4,14,1,1.11,22,21,7,14.0,34.95,421.39,0.201
2025-07-21 23:00:00,F1_R4,14,1,1.11,23,21,7,13.82,32.42,420.45,0.2
2025-07-22 00:00:00,F1_R4,14,1,1.11,0,22,7,12.82,30.5,420.02,0.2
2025-07-22 01:00:00,F1_R4,14,1,1.11,1,22,7,13.31,30.81,420.05,0.2
2025-07-22 02:00:00,F1_R4,14,1,1.11,2,22,7,13.18,32.14,420.15,0.2
2025-07-22 03:00:00,F1_R4,14,1,1.11,3,22,7,13.02,33.9,420.47,0.2
2025-07-22 04:00:00,F1_R4,14,1,1.11,4,22,7,13.11,34.8,421.38,0.201
2025-07-22 05:00:00,F1_R4,14,1,1.11,5,22,7,13.73,37.08,424.17,0.205
2025-07-22 06:00:00,F1_R4,14,1,1.11,6,22,7,14.17,40.76,432.67,0.219
2025-07-22 07:00:00,F1_R4,14,1,1.11,7,22,7,15.14,43.52,455.57,0.267
2025-07-22 08:00:00,F1_R4,14,1,1.11,8,22,7,16.16,46.31,508.57,0.411
2025-07-22 09:00:00,F1_R4,14,1,1.11,9,22,7,17.68,50.23,601.33,0.715
2025-07-22 10:00:00,F1_R4,14,1,1.11,10,22,7,18.68,52.83,688.99,1.0
2025-07-22 11:00:00,F1_R4,14,1,1.11,11,22,7,20.87,55.33,742.29,1.145
2025-07-22 12:00:00,F1_R4,14,1,1.11,12,22,7,22.66,57.31,767.42,1.205
2025-07-22 13:00:00,F1_R4,14,1,1.11,13,22,7,23.05,56.79,762.35,1.172
2025-07-22 14:00:00,F1_R4,14,1,1.11,14,22,7,23.07,56.32,757.97,1.167
2025-07-22 15:00:00,F1_R4,14,1,1.11,15,22,7,22.96,55.28,741.86,1.143
2025-07-22 16:00:00,F1_R4,14,1,1.11,16,22,7,21.52,52.55,686.92,0.991
2025-07-22 17:00:00,F1_R4,14,1,1.11,17,22,7,20.07,50.11,600.76,0.713
2025-07-22 18:00:00,F1_R4,14,1,1.11,18,22,7,19.29,46.09,508.03,0.409
2025-07-22 19:00:00,F1_R4,14,1,1.11,19,22,7,17.41,42.43,454.51,0.264
2025-07-22 20:00:00,F1_R4,14,1,1.11,20,22,7,15.83,40.7,432.65,0.219
2025-07-22 21:00:00,F1_R4,14,1,1.11,21,22,7,14.88,37.08,424.17,0.205
2025-07-22 22:00:00,F1_R4,14,1,1.11,22,22,7,14.0,34.95,421.39,0.201
2025-07-22 23:00:00,F1_R4,14,1,1.11,23,22,7,13.82,32.42,420.45,0.2
2025-07-23 00:00:00,F1_R4,14,1,1.11,0,23,7,12.82,30.5,420.02,0.2
2025-07-23 01:00:00,F1_R4,14,1,1.11,1,23,7,13.31,30.81,420.05,0.2
2025-07-23 02:00:00,F1_R4,14,1,1.11,2,23,7,13.18,32.14,420.15,0.2
2025-07-23 03:00:00,F1_R4,14,1,1.11,3,23,7,13.02,33.9,420.47,0.2
2025-07-23 04:00:00,F1_R4,14,1,1.11,4,23,7,13.11,34.8,421.38,0.201
2025-07-23 05:00:00,F1_R4,14,1,1.11,5,23,7,13.73,37.08,424.17,0.202
2025-07-23 06:00:00,F1_R4,14,1,1.11,6,23,7,14.17,40.76,432.67,0.208
2025-07-23 07:00:00,F1_R4,14,1,1.11,7,23,7,15.14,43.52,455.57,0.228
2025-07-23 08:00:00,F1_R4,14,1,1.11,8,23,7,16.16,46.31,508.57,0.286
2025-07-23 09:00:00,F1_R4,14,1,1.11,9,23,7,17.68,50.23,601.33,0.415
2025-07-23 10:00:00,F1_R4,14,1,1.11,10,23,7,18.68,52.83,688.99,0.525
2025-07-23 11:00:00,F1_R4,14,1,1.11,11,23,7,20.87,55.33,742.29,0.584
2025-07-23 12:00:00,F1_R4,14,1,1.11,12,23,7,22.66,57.31,767.42,0.617
2025-07-23 13:00:00,F1_R4,14,1,1.11,13,23,7,23.05,56.79,762.35,0.578
2025-07-23 14:00:00,F1_R4,14,1,1.11,14,23,7,23.07,56.32,757.97,0.578
2025-07-23 15:00:00,F1_R4,14,1,1.11,15,23,7,22.96,55.28,741.86,0.582
2025-07-23 16:00:00,F1_R4,14,1,1.11,16,23,7,21.52,52.55,686.92,0.516
2025-07-23 17:00:00,F1_R4,14,1,1.11,17,23,7,20.07,50.11,600.76,0.413
2025-07-23 18:00:00,F1_R4,14,1,1.11,18,23,7,19.29,46.09,508.03,0.284
2025-07-23 19:00:00,F1_R4,14,1,1.11,19,23,7,17.41,42.43,454.51,0.225
2025-07-23 20:00:00,F1_R4,14,1,1.11,20,23,7,15.83,40.7,432.65,0.208
2025-07-23 21:00:00,F1_R4,14,1,1.11,21,23,7,14.88,37.08,424.17,0.202
2025-07-23 22:00:00,F1_R4,14,1,1.11,22,23,7,14.0,34.95,421.39,0.201
2025-07-23 23:00:00,F1_R4,14,1,1.11,23,23,7,13.82,32.42,420.45,0.2
2025-07-24 00:00:00,F1_R4,14,1,1.11,0,24,7,12.82,30.5,420.02,0.2
2025-07-24 01:00:00,F1_R4,14,1,1.11,1,24,7,13.31,30.81,420.05,0.2
2025-07-24 02:00:00,F1_R4,14,1,1.11,2,24,7,13.18,32.14,420.15,0.2
2025-07-24 03:00:00,F1_R4,14,1,1.11,3,24,7,13.02,33.9,420.47,0.2
2025-07-24 04:00:00,F1_R4,14,1,1.11,4,24,7,13.11,34.8,421.38,0.201
2025-07-24 05:00:00,F1_R4,14,1,1.11,5,24,7,13.73,37.08,424.17,0.202
2025-07-24 06:00:00,F1_R4,14,1,1.11,6,24,7,14.17,40.76,432.67,0.208
2025-07-24 07:00:00,F1_R4,14,1,1.11,7,24,7,15.14,43.52,455.57,0.228
2025-07-24 08:00:00,F1_R4,14,1,1.11,8,24,7,16.16,46.31,508.57,0.286
2025-07-24 09:00:00,F1_R4,14,1,1.11,9,24,7,17.68,50.23,601.33,0.415
2025-07-24 10:00:00,F1_R4,14,1,1.11,10,24,7,18.68,52.83,688.99,0.525
2025-07-24 11:00:00,F1_R4,14,1,1.11,11,24,7,20.87,55.33,742.29,0.584
2025-07-24 12:00:00,F1_R4,14,1,1.11,12,24,7,22.66,57.31,767.42,0.617
2025-07-24 13:00:00,F1_R4,14,1,1.11,13,24,7,23.05,56.79,762.35,0.578
2025-07-24 14:00:00,F1_R4,14,1,1.11,14,24,7,23.07,56.32,757.97,0.578
2025-07-24 15:00:00,F1_R4,14,1,1.11,15,24,7,22.96,55.28,741.86,0.582
2025-07-24 16:00:00,F1_R4,14,1,1.11,16,24,7,21.52,52.55,686.92,0.516
2025-07-24 17:00:00,F1_R4,14,1,1.11,17,24,7,20.07,50.11,600.76,0.413
2025-07-24 18:00:00,F1_R4,14,1,1.11,18,24,7,19.29,46.09,508.03,0.284
2025-07-24 19:00:00,F1_R4,14,1,1.11,19,24,7,17.41,42.43,454.51,0.225
2025-07-24 20:00:00,F1_R4,14,1,1.11,20,24,7,15.83,40.7,432.65,0.208
2025-07-24 21:00:00,F1_R4,14,1,1.11,21,24,7,14.88,37.08,424.17,0.202
2025-07-24 22:00:00,F1_R4,14,1,1.11,22,24,7,14.0,34.95,421.39,0.201
2025-07-24 23:00:00,F1_R4,14,1,1.11,23,24,7,13.82,32.42,420.45,0.2
2025-07-25 00:00:00,F1_R4,14,1,1.11,0,25,7,12.82,30.5,420.02,0.2
2025-07-25 01:00:00,F1_R4,14,1,1.11,1,25,7,13.31,30.81,420.05,0.2
2025-07-25 02:00:00,F1_R4,14,1,1.11,2,25,7,13.18,32.14,420.15,0.2
2025-07-25 03:00:00,F1_R4,14,1,1.11,3,25,7,13.02,33.9,420.47,0.2
2025-07-25 04:00:00,F1_R4,14,1,1.11,4,25,7,13.11,34.8,421.38,0.201
2025-07-25 05:00:00,F1_R4,14,1,1.11,5,25,7,13.73,37.08,424.17,0.202
2025-07-25 06:00:00,F1_R4,14,1,1.11,6,25,7,14.17,40.76,432.67,0.208
2025-07-25 07:00:00,F1_R4,14,1,1.11,7,25,7,15.14,43.52,455.57,0.228
2025-07-25 08:00:00,F1_R4,14,1,1.11,8,25,7,16.16,46.31,508.57,0.286
2025-07-25 09:00:00,F1_R4,14,1,1.11,9,25,7,17.68,50.23,601.33,0.415
2025-07-25 10:00:00,F1_R4,14,1,1.11,10,25,7,18.68,52.83,688.99,0.525
2025-07-25 11:00:00,F1_R4,14,1,1.11,11,25,7,20.87,55.33,742.29,0.584
2025-07-25 12:00:00,F1_R4,14,1,1.11,12,25,7,22.66,57.31,767.42,0.617
2025-07-25 13:00:00,F1_R4,14,1,1.11,13,25,7,23.05,56.79,762.35,0.578
2025-07-25 14:00:00,F1_R4,14,1,1.11,14,25,7,23.07,56.32,757.97,0.578
2025-07-25 15:00:00,F1_R4,14,1,1.11,15,25,7,22.96,55.28,741.86,0.582
2025-07-25 16:00:00,F1_R4,14,1,1.11,16,25,7,21.52,52.55,686.92,0.516
2025-07-25 17:00:00,F1_R4,14,1,1.11,17,25,7,20.07,50.11,600.76,0.413
2025-07-25 18:00:00,F1_R4,14,1,1.11,18,25,7,19.29,46.09,508.03,0.284
2025-07-25 19:00:00,F1_R4,14,1,1.11,19,25,7,17.41,42.43,454.51,0.225
2025-07-25 20:00:00,F1_R4,14,1,1.11,20,25,7,15.83,40.7,432.65,0.208
2025-07-25 21:00:00,F1_R4,14,1,1.11,21,25,7,14.88,37.08,424.17,0.202
2025-07-25 22:00:00,F1_R4,14,1,1.11,22,25,7,14.0,34.95,421.39,0.201
2025-07-25 23:00:00,F1_R4,14,1,1.11,23,25,7,13.82,32.42,420.45,0.2
2025-07-26 00:00:00,F1_R4,14,1,1.11,0,26,7,12.82,30.5,420.02,0.2
2025-07-26 01:00:00,F1_R4,14,1,1.11,1,26,7,13.31,30.81,420.05,0.2
2025-07-26 02:00:00,F1_R4,14,1,1.11,2,26,7,13.18,32.14,420.15,0.2
2025-07-26 03:00:00,F1_R4,14,1,1.11,3,26,7,13.02,33.9,420.47,0.2
2025-07-26 04:00:00,F1_R4,14,1,1.11,4,26,7,13.11,34.8,421.38,0.201
2025-07-26 05:00:00,F1_R4,14,1,1.11,5,26,7,13.73,37.08,424.17,0.202
2025-07-26 06:00:00,F1_R4,14,1,1.11,6,26,7,14.17,40.76,432.67,0.208
2025-07-26 07:00:00,F1_R4,14,1,1.11,7,26,7,15.14,43.52,455.57,0.228
2025-07-26 08:00:00,F1_R4,14,1,1.11,8,26,7,16.16,46.31,508.57,0.286
2025-07-26 09:00:00,F1_R4,14,1,1.11,9,26,7,17.68,50.23,601.33,0.415
2025-07-26 10:00:00,F1_R4,14,1,1.11,10,26,7,18.68,52.83,688.99,0.525
2025-07-26 11:00:00,F1_R4,14,1,1.11,11,26,7,20.87,55.33,742.29,0.584
2025-07-26 12:00:00,F1_R4,14,1,1.11,12,26,7,22.66,57.31,767.42,0.617
2025-07-26 13:00:00,F1_R4,14,1,1.11,13,26,7,23.05,56.79,762.35,0.578
2025-07-26 14:00:00,F1_R4,14,1,1.11,14,26,7,23.07,56.32,757.97,0.578
2025-07-26 15:00:00,F1_R4,14,1,1.11,15,26,7,22.96,55.28,741.86,0.582
2025-07-26 16:00:00,F1_R4,14,1,1.11,16,26,7,21.52,52.55,686.92,0.516
2025-07-26 17:00:00,F1_R4,14,1,1.11,17,26,7,20.07,50.11,600.76,0.413
2025-07-26 18:00:00,F1_R4,14,1,1.11,18,26,7,19.29,46.09,508.03,0.284
2025-07-26 19:00:00,F1_R4,14,1,1.11,19,26,7,17.41,42.43,454.51,0.225
2025-07-26 20:00:00,F1_R4,14,1,1.11,20,26,7,15.83,40.7,432.65,0.208
2025-07-26 21:00:00,F1_R4,14,1,1.11,21,26,7,14.88,37.08,424.17,0.202
2025-07-26 22:00:00,F1_R4,14,1,1.11,22,26,7,14.0,34.95,421.39,0.201
2025-07-26 23:00:00,F1_R4,14,1,1.11,23,26,7,13.82,32.42,420.45,0.2
2025-07-27 00:00:00,F1_R4,14,1,1.11,0,27,7,12.82,30.5,420.02,0.2
2025-07-27 01:00:00,F1_R4,14,1,1.11,1,27,7,13.31,30.81,420.05,0.2
2025-07-27 02:00:00,F1_R4,14,1,1.11,2,27,7,13.18,32.14,420.15,0.2
2025-07-27 03:00:00,F1_R4,14,1,1.11,3,27,7,13.02,33.9,420.47,0.2
2025-07-27 04:00:00,F1_R4,14,1,1.11,4,27,7,13.11,34.8,421.38,0.201
2025-07-27 05:00:00,F1_R4,14,1,1.11,5,27,7,13.73,37.08,424.17,0.202
2025-07-27 06:00:00,F1_R4,14,1,1.11,6,27,7,14.17,40.76,432.67,0.208
2025-07-27 07:00:00,F1_R4,14,1,1.11,7,27,7,15.14,43.52,455.57,0.228
2025-07-27 08:00:00,F1_R4,14,1,1.11,8,27,7,16.16,46.31,508.57,0.286
2025-07-27 09:00:00,F1_R4,14,1,1.11,9,27,7,17.68,50.23,601.33,0.415
2025-07-27 10:00:00,F1_R4,14,1,1.11,10,27,7,18.68,52.83,688.99,0.525
2025-07-27 11:00:00,F1_R4,14,1,1.11,11,27,7,20.87,55.33,742.29,0.584
2025-07-27 12:00:00,F1_R4,14,1,1.11,12,27,7,22.66,57.31,767.42,0.617
2025-07-27 13:00:00,F1_R4,14,1,1.11,13,27,7,23.05,56.79,762.35,0.578
2025-07-27 14:00:00,F1_R4,14,1,1.11,14,27,7,23.07,56.32,757.97,0.578
2025-07-27 15:00:00,F1_R4,14,1,1.11,15,27,7,22.96,55.28,741.86,0.582
2025-07-27 16:00:00,F1_R4,14,1,1.11,16,27,7,21.52,52.55,686.92,0.516
2025-07-27 17:00:00,F1_R4,14,1,1.11,17,27,7,20.07,50.11,600.76,0.413
2025-07-27 18:00:00,F1_R4,14,1,1.11,18,27,7,19.29,46.09,508.03,0.284
2025-07-27 19:00:00,F1_R4,14,1,1.11,19,27,7,17.41,42.43,454.51,0.225
2025-07-27 20:00:00,F1_R4,14,1,1.11,20,27,7,15.83,40.7,432.65,0.208
2025-07-27 21:00:00,F1_R4,14,1,1.11,21,27,7,14.88,37.08,424.17,0.202
2025-07-27 22:00:00,F1_R4,14,1,1.11,22,27,7,14.0,34.95,421.39,0.201
2025-07-27 23:00:00,F1_R4,14,1,1.11,23,27,7,13.82,32.42,420.45,0.2
2025-07-28 00:00:00,F1_R4,14,1,1.11,0,28,7,12.82,30.5,420.02,0.2
2025-07-28 01:00:00,F1_R4,14,1,1.11,1,28,7,13.31,30.81,420.05,0.2
2025-07-28 02:00:00,F1_R4,14,1,1.11,2,28,7,13.18,32.14,420.15,0.2
2025-07-28 03:00:00,F1_R4,14,1,1.11,3,28,7,13.02,33.9,420.47,0.2
2025-07-28 04:00:00,F1_R4,14,1,1.11,4,28,7,13.11,34.8,421.38,0.201
2025-07-28 05:00:00,F1_R4,14,1,1.11,5,28,7,13.73,37.08,424.17,0.205
2025-07-28 06:00:00,F1_R4,14,1,1.11,6,28,7,14.17,40.76,432.67,0.219
2025-07-28 07:00:00,F1_R4,14,1,1.11,7,28,7,15.14,43.52,455.57,0.267
2025-07-28 08:00:00,F1_R4,14,1,1.11,8,28,7,16.16,46.31,508.57,0.411
2025-07-28 09:00:00,F1_R4,14,1,1.11,9,28,7,17.68,50.23,601.33,0.715
2025-07-28 10:00:00,F1_R4,14,1,1.11,10,28,7,18.68,52.83,688.99,1.0
2025-07-28 11:00:00,F1_R4,14,1,1.11,11,28,7,20.87,55.33,742.29,1.145
2025-07-28 12:00:00,F1_R4,14,1,1.11,12,28,7,22.66,57.31,767.42,1.205
2025-07-28 13:00:00,F1_R4,14,1,1.11,13,28,7,23.05,56.79,762.35,1.172
2025-07-28 14:00:00,F1_R4,14,1,1.11,14,28,7,23.07,56.32,757.97,1.167
2025-07-28 15:00:00,F1_R4,14,1,1.11,15,28,7,22.96,55.28,741.86,1.143
2025-07-28 16:00:00,F1_R4,14,1,1.11,16,28,7,21.52,52.55,686.92,0.991
2025-07-28 17:00:00,F1_R4,14,1,1.11,17,28,7,20.07,50.11,600.76,0.713
2025-07-28 18:00:00,F1_R4,14,1,1.11,18,28,7,19.29,46.09,508.03,0.409
2025-07-28 19:00:00,F1_R4,14,1,1.11,19,28,7,17.41,42.43,454.51,0.264
2025-07-28 20:00:00,F1_R4,14,1,1.11,20,28,7,15.83,40.7,432.65,0.219
2025-07-28 21:00:00,F1_R4,14,1,1.11,21,28,7,14.88,37.08,424.17,0.205
2025-07-28 22:00:00,F1_R4,14,1,1.11,22,28,7,14.0,34.95,421.39,0.201
2025-07-28 23:00:00,F1_R4,14,1,1.11,23,28,7,13.82,32.42,420.45,0.2
2025-07-29 00:00:00,F1_R4,14,1,1.11,0,29,7,12.82,30.5,420.02,0.2
2025-07-29 01:00:00,F1_R4,14,1,1.11,1,29,7,13.31,30.81,420.05,0.2
2025-07-29 02:00:00,F1_R4,14,1,1.11,2,29,7,13.18,32.14,420.15,0.2
2025-07-29 03:00:00,F1_R4,14,1,1.11,3,29,7,13.02,33.9,420.47,0.2
2025-07-29 04:00:00,F1_R4,14,1,1.11,4,29,7,13.11,34.8,421.38,0.201
2025-07-29 05:00:00,F1_R4,14,1,1.11,5,29,7,13.73,37.08,424.17,0.205
2025-07-29 06:00:00,F1_R4,14,1,1.11,6,29,7,14.17,40.76,432.67,0.219
2025-07-29 07:00:00,F1_R4,14,1,1.11,7,29,7,15.14,43.52,455.57,0.267
2025-07-29 08:00:00,F1_R4,14,1,1.11,8,29,7,16.16,46.31,508.57,0.411
2025-07-29 09:00:00,F1_R4,14,1,1.11,9,29,7,17.68,50.23,601.33,0.715
2025-07-29 10:00:00,F1_R4,14,1,1.11,10,29,7,18.68,52.83,688.99,1.0
2025-07-29 11:00:00,F1_R4,14,1,1.11,11,29,7,20.87,55.33,742.29,1.145
2025-07-29 12:00:00,F1_R4,14,1,1.11,12,29,7,22.66,57.31,767.42,1.205
2025-07-29 13:00:00,F1_R4,14,1,1.11,13,29,7,23.05,56.79,762.35,1.172
2025-07-29 14:00:00,F1_R4,14,1,1.11,14,29,7,23.07,56.32,757.97,1.167
2025-07-29 15:00:00,F1_R4,14,1,1.11,15,29,7,22.96,55.28,741.86,1.143
2025-07-29 16:00:00,F1_R4,14,1,1.11,16,29,7,21.52,52.55,686.92,0.991
2025-07-29 17:00:00,F1_R4,14,1,1.11,17,29,7,20.07,50.11,600.76,0.713
2025-07-29 18:00:00,F1_R4,14,1,1.11,18,29,7,19.29,46.09,508.03,0.409
2025-07-29 19:00:00,F1_R4,14,1,1.11,19,29,7,17.41,42.43,454.51,0.264
2025-07-29 20:00:00,F1_R4,14,1,1.11,20,29,7,15.83,40.7,432.65,0.219
2025-07-29 21:00:00,F1_R4,14,1,1.11,21,29,7,14.88,37.08,424.17,0.205
2025-07-29 22:00:00,F1_R4,14,1,1.11,22,29,7,14.0,34.95,421.39,0.201
2025-07-29 23:00:00,F1_R4,14,1,1.11,23,29,7,13.82,32.42,420.45,0.2
2025-07-30 00:00:00,F1_R4,14,1,1.11,0,30,7,12.82,30.5,420.02,0.2
2025-07-30 01:00:00,F1_R4,14,1,1.11,1,30,7,13.31,30.81,420.05,0.2
2025-07-30 02:00:00,F1_R4,14,1,1.11,2,30,7,13.18,32.14,420.15,0.2
2025-07-30 03:00:00,F1_R4,14,1,1.11,3,30,7,13.02,33.9,420.47,0.2
2025-07-30 04:00:00,F1_R4,14,1,1.11,4,30,7,13.11,34.8,421.38,0.201
2025-07-30 05:00:00,F1_R4,14,1,1.11,5,30,7,13.73,37.08,424.17,0.202
2025-07-30 06:00:00,F1_R4,14,1,1.11,6,30,7,14.17,40.76,432.67,0.208
2025-07-30 07:00:00,F1_R4,14,1,1.11,7,30,7,15.14,43.52,455.57,0.228
2025-07-30 08:00:00,F1_R4,14,1,1.11,8,30,7,16.16,46.31,508.57,0.286
2025-07-30 09:00:00,F1_R4,14,1,1.11,9,30,7,17.68,50.23,601.33,0.415
2025-07-30 10:00:00,F1_R4,14,1,1.11,10,30,7,18.68,52.83,688.99,0.525
2025-07-30 11:00:00,F1_R4,14,1,1.11,11,30,7,20.87,55.33,742.29,0.584
2025-07-30 12:00:00,F1_R4,14,1,1.11,12,30,7,22.66,57.31,767.42,0.617
2025-07-30 13:00:00,F1_R4,14,1,1.11,13,30,7,23.05,56.79,762.35,0.578
2025-07-30 14:00:00,F1_R4,14,1,1.11,14,30,7,23.07,56.32,757.97,0.578
2025-07-30 15:00:00,F1_R4,14,1,1.11,15,30,7,22.96,55.28,741.86,0.582
2025-07-30 16:00:00,F1_R4,14,1,1.11,16,30,7,21.52,52.55,686.92,0.516
2025-07-30 17:00:00,F1_R4,14,1,1.11,17,30,7,20.07,50.11,600.76,0.413
2025-07-30 18:00:00,F1_R4,14,1,1.11,18,30,7,19.29,46.09,508.03,0.284
2025-07-30 19:00:00,F1_R4,14,1,1.11,19,30,7,17.41,42.43,454.51,0.225
2025-07-30 20:00:00,F1_R4,14,1,1.11,20,30,7,15.83,40.7,432.65,0.208
2025-07-30 21:00:00,F1_R4,14,1,1.11,21,30,7,14.88,37.08,424.17,0.202
2025-07-30 22:00:00,F1_R4,14,1,1.11,22,30,7,14.0,34.95,421.39,0.201
2025-07-30 23:00:00,F1_R4,14,1,1.11,23,30,7,13.82,32.42,420.45,0.2
2025-07-31 00:00:00,F1_R4,14,1,1.11,0,31,7,12.82,30.5,420.02,0.2
2025-07-31 01:00:00,F1_R4,14,1,1.11,1,31,7,13.31,30.81,420.05,0.2
2025-07-31 02:00:00,F1_R4,14,1,1.11,2,31,7,13.18,32.14,420.15,0.2
2025-07-31 03:00:00,F1_R4,14,1,1.11,3,31,7,13.02,33.9,420.47,0.2
2025-07-31 04:00:00,F1_R4,14,1,1.11,4,31,7,13.11,34.8,421.38,0.201
2025-07-31 05:00:00,F1_R4,14,1,1.11,5,31,7,13.73,37.08,424.17,0.202
2025-07-31 06:00:00,F1_R4,14,1,1.11,6,31,7,14.17,40.76,432.67,0.208
2025-07-31 07:00:00,F1_R4,14,1,1.11,7,31,7,15.14,43.52,455.57,0.228
2025-07-31 08:00:00,F1_R4,14,1,1.11,8,31,7,16.16,46.31,508.57,0.286
2025-07-31 09:00:00,F1_R4,14,1,1.11,9,31,7,17.68,50.23,601.33,0.415
2025-07-31 10:00:00,F1_R4,14,1,1.11,10,31,7,18.68,52.83,688.99,0.525
2025-07-31 11:00:00,F1_R4,14,1,1.11,11,31,7,20.87,55.33,742.29,0.584
2025-07-31 12:00:00,F1_R4,14,1,1.11,12,31,7,22.66,57.31,767.42,0.617
2025-07-31 13:00:00,F1_R4,14,1,1.11,13,31,7,23.05,56.79,762.35,0.578
2025-07-31 14:00:00,F1_R4,14,1,1.11,14,31,7,23.07,56.32,757.97,0.578
2025-07-31 15:00:00,F1_R4,14,1,1.11,15,31,7,22.96,55.28,741.86,0.582
2025-07-31 16:00:00,F1_R4,14,1,1.11,16,31,7,21.52,52.55,686.92,0.516
2025-07-31 17:00:00,F1_R4,14,1,1.11,17,31,7,20.07,50.11,600.76,0.413
2025-07-31 18:00:00,F1_R4,14,1,1.11,18,31,7,19.29,46.09,508.03,0.284
2025-07-31 19:00:00,F1_R4,14,1,1.11,19,31,7,17.41,42.43,454.51,0.225
2025-07-31 20:00:00,F1_R4,14,1,1.11,20,31,7,15.83,40.7,432.65,0.208
2025-07-31 21:00:00,F1_R4,14,1,1.11,21,31,7,14.88,37.08,424.17,0.202
2025-07-31 22:00:00,F1_R4,14,1,1.11,22,31,7,14.0,34.95,421.39,0.201
2025-07-31 23:00:00,F1_R4,14,1,1.11,23,31,7,13.82,32.42,420.45,0.2
2025-08-01 00:00:00,F1_R4,14,1,1.11,0,1,8,12.82,30.5,420.02,0.2
2025-08-01 01:00:00,F1_R4,14,1,1.11,1,1,8,13.31,30.81,420.05,0.2
2025-08-01 02:00:00,F1_R4,14,1,1.11,2,1,8,13.18,32.14,420.15,0.2
2025-08-01 03:00:00,F1_R4,14,1,1.11,3,1,8,13.02,33.9,420.47,0.2
2025-08-01 04:00:00,F1_R4,14,1,1.11,4,1,8,13.11,34.8,421.38,0.201
2025-08-01 05:00:00,F1_R4,14,1,1.11,5,1,8,13.73,37.08,424.17,0.202
2025-08-01 06:00:00,F1_R4,14,1,1.11,6,1,8,14.17,40.76,432.67,0.208
2025-08-01 07:00:00,F1_R4,14,1,1.11,7,1,8,15.14,43.52,455.57,0.228
2025-08-01 08:00:00,F1_R4,14,1,1.11,8,1,8,16.16,46.31,508.57,0.286
2025-08-01 09:00:00,F1_R4,14,1,1.11,9,1,8,17.68,50.23,601.33,0.415
2025-08-01 10:00:00,F1_R4,14,1,1.11,10,1,8,18.68,52.83,688.99,0.525
2025-08-01 11:00:00,F1_R4,14,1,1.11,11,1,8,20.87,55.33,742.29,0.584
2025-08-01 12:00:00,F1_R4,14,1,1.11,12,1,8,22.66,57.31,767.42,0.617
2025-08-01 13:00:00,F1_R4,14,1,1.11,13,1,8,23.05,56.79,762.35,0.578
2025-08-01 14:00:00,F1_R4,14,1,1.11,14,1,8,23.07,56.32,757.97,0.578
2025-08-01 15:00:00,F1_R4,14,1,1.11,15,1,8,22.96,55.28,741.86,0.582
2025-08-01 16:00:00,F1_R4,14,1,1.11,16,1,8,21.52,52.55,686.92,0.516
2025-08-01 17:00:00,F1_R4,14,1,1.11,17,1,8,20.07,50.11,600.76,0.413
2025-08-01 18:00:00,F1_R4,14,1,1.11,18,1,8,19.29,46.09,508.03,0.284
2025-08-01 19:00:00,F1_R4,14,1,1.11,19,1,8,17.41,42.43,454.51,0.225
2025-08-01 20:00:00,F1_R4,14,1,1.11,20,1,8,15.83,40.7,432.65,0.208
2025-08-01 21:00:00,F1_R4,14,1,1.11,21,1,8,14.88,37.08,424.17,0.202
2025-08-01 22:00:00,F1_R4,14,1,1.11,22,1,8,14.0,34.95,421.39,0.201
2025-08-01 23:00:00,F1_R4,14,1,1.11,23,1,8,13.82,32.42,420.45,0.2
2025-08-02 00:00:00,F1_R4,14,1,1.11,0,2,8,12.82,30.5,420.02,0.2
2025-08-02 01:00:00,F1_R4,14,1,1.11,1,2,8,13.31,30.81,420.05,0.2
2025-08-02 02:00:00,F1_R4,14,1,1.11,2,2,8,13.18,32.14,420.15,0.2
2025-08-02 03:00:00,F1_R4,14,1,1.11,3,2,8,13.02,33.9,420.47,0.2
2025-08-02 04:00:00,F1_R4,14,1,1.11,4,2,8,13.11,34.8,421.38,0.201
2025-08-02 05:00:00,F1_R4,14,1,1.11,5,2,8,13.73,37.08,424.17,0.202
2025-08-02 06:00:00,F1_R4,14,1,1.11,6,2,8,14.17,40.76,432.67,0.208
2025-08-02 07:00:00,F1_R4,14,1,1.11,7,2,8,15.14,43.52,455.57,0.228
2025-08-02 08:00:00,F1_R4,14,1,1.11,8,2,8,16.16,46.31,508.57,0.286
2025-08-02 09:00:00,F1_R4,14,1,1.11,9,2,8,17.68,50.23,601.33,0.415
2025-08-02 10:00:00,F1_R4,14,1,1.11,10,2,8,18.68,52.83,688.99,0.525
2025-08-02 11:00:00,F1_R4,14,1,1.11,11,2,8,20.87,55.33,742.29,0.584
2025-08-02 12:00:00,F1_R4,14,1,1.11,12,2,8,22.66,57.31,767.42,0.617
2025-08-02 13:00:00,F1_R4,14,1,1.11,13,2,8,23.05,56.79,762.35,0.578
2025-08-02 14:00:00,F1_R4,14,1,1.11,14,2,8,23.07,56.32,757.97,0.578
2025-08-02 15:00:00,F1_R4,14,1,1.11,15,2,8,22.96,55.28,741.86,0.582
2025-08-02 16:00:00,F1_R4,14,1,1.11,16,2,8,21.52,52.55,686.92,0.516
2025-08-02 17:00:00,F1_R4,14,1,1.11,17,2,8,20.07,50.11,600.76,0.413
2025-08-02 18:00:00,F1_R4,14,1,1.11,18,2,8,19.29,46.09,508.03,0.284
2025-08-02 19:00:00,F1_R4,14,1,1.11,19,2,8,17.41,42.43,454.51,0.225
2025-08-02 20:00:00,F1_R4,14,1,1.11,20,2,8,15.83,40.7,432.65,0.208
2025-08-02 21:00:00,F1_R4,14,1,1.11,21,2,8,14.88,37.08,424.17,0.202
2025-08-02 22:00:00,F1_R4,14,1,1.11,22,2,8,14.0,34.95,421.39,0.201
2025-08-02 23:00:00,F1_R4,14,1,1.11,23,2,8,13.82,32.42,420.45,0.2
2025-08-03 00:00:00,F1_R4,14,1,1.11,0,3,8,12.82,30.5,420.02,0.2
2025-08-03 01:00:00,F1_R4,14,1,1.11,1,3,8,13.31,30.81,420.05,0.2
2025-08-03 02:00:00,F1_R4,14,1,1.11,2,3,8,13.18,32.14,420.15,0.2
2025-08-03 03:00:00,F1_R4,14,1,1.11,3,3,8,13.02,33.9,420.47,0.2
2025-08-03 04:00:00,F1_R4,14,1,1.11,4,3,8,13.11,34.8,421.38,0.201
2025-08-03 05:00:00,F1_R4,14,1,1.11,5,3,8,13.73,37.08,424.17,0.202
2025-08-03 06:00:00,F1_R4,14,1,1.11,6,3,8,14.17,40.76,432.67,0.208
2025-08-03 07:00:00,F1_R4,14,1,1.11,7,3,8,15.14,43.52,455.57,0.228
2025-08-03 08:00:00,F1_R4,14,1,1.11,8,3,8,16.16,46.31,508.57,0.286
2025-08-03 09:00:00,F1_R4,14,1,1.11,9,3,8,17.68,50.23,601.33,0.415
2025-08-03 10:00:00,F1_R4,14,1,1.11,10,3,8,18.68,52.83,688.99,0.525
2025-08-03 11:00:00,F1_R4,14,1,1.11,11,3,8,20.87,55.33,742.29,0.584
2025-08-03 12:00:00,F1_R4,14,1,1.11,12,3,8,22.66,57.31,767.42,0.617
2025-08-03 13:00:00,F1_R4,14,1,1.11,13,3,8,23.05,56.79,762.35,0.578
2025-08-03 14:00:00,F1_R4,14,1,1.11,14,3,8,23.07,56.32,757.97,0.578
2025-08-03 15:00:00,F1_R4,14,1,1.11,15,3,8,22.96,55.28,741.86,0.582
2025-08-03 16:00:00,F1_R4,14,1,1.11,16,3,8,21.52,52.55,686.92,0.516
2025-08-03 17:00:00,F1_R4,14,1,1.11,17,3,8,20.07,50.11,600.76,0.413
2025-08-03 18:00:00,F1_R4,14,1,1.11,18,3,8,19.29,46.09,508.03,0.284
2025-08-03 19:00:00,F1_R4,14,1,1.11,19,3,8,17.41,42.43,454.51,0.225
2025-08-03 20:00:00,F1_R4,14,1,1.11,20,3,8,15.83,40.7,432.65,0.208
2025-08-03 21:00:00,F1_R4,14,1,1.11,21,3,8,14.88,37.08,424.17,0.202
2025-08-03 22:00:00,F1_R4,14,1,1.11,22,3,8,14.0,34.95,421.39,0.201
2025-08-03 23:00:00,F1_R4,14,1,1.11,23,3,8,13.82,32.42,420.45,0.2
2025-08-04 00:00:00,F1_R4,14,1,1.11,0,4,8,12.82,30.5,420.02,0.2
2025-08-04 01:00:00,F1_R4,14,1,1.11,1,4,8,13.31,30.81,420.05,0.2
2025-08-04 02:00:00,F1_R4,14,1,1.11,2,4,8,13.18,32.14,420.15,0.2
2025-08-04 03:00:00,F1_R4,14,1,1.11,3,4,8,13.02,33.9,420.47,0.2
2025-08-04 04:00:00,F1_R4,14,1,1.11,4,4,8,13.11,34.8,421.38,0.201
2025-08-04 05:00:00,F1_R4,14,1,1.11,5,4,8,13.73,37.08,424.17,0.205
2025-08-04 06:00:00,F1_R4,14,1,1.11,6,4,8,14.17,40.76,432.67,0.219
2025-08-04 07:00:00,F1_R4,14,1,1.11,7,4,8,15.14,43.52,455.57,0.267
2025-08-04 08:00:00,F1_R4,14,1,1.11,8,4,8,16.16,46.31,508.57,0.411
2025-08-04 09:00:00,F1_R4,14,1,1.11,9,4,8,17.68,50.23,601.33,0.715
2025-08-04 10:00:00,F1_R4,14,1,1.11,10,4,8,18.68,52.83,688.99,1.0
2025-08-04 11:00:00,F1_R4,14,1,1.11,11,4,8,20.87,55.33,742.29,1.145
2025-08-04 12:00:00,F1_R4,14,1,1.11,12,4,8,22.66,57.31,767.42,1.205
2025-08-04 13:00:00,F1_R4,14,1,1.11,13,4,8,23.05,56.79,762.35,1.172
2025-08-04 14:00:00,F1_R4,14,1,1.11,14,4,8,23.07,56.32,757.97,1.167
2025-08-04 15:00:00,F1_R4,14,1,1.11,15,4,8,22.96,55.28,741.86,1.143
2025-08-04 16:00:00,F1_R4,14,1,1.11,16,4,8,21.52,52.55,686.92,0.991
2025-08-04 17:00:00,F1_R4,14,1,1.11,17,4,8,20.07,50.11,600.76,0.713
2025-08-04 18:00:00,F1_R4,14,1,1.11,18,4,8,19.29,46.09,508.03,0.409
2025-08-04 19:00:00,F1_R4,14,1,1.11,19,4,8,17.41,42.43,454.51,0.264
2025-08-04 20:00:00,F1_R4,14,1,1.11,20,4,8,15.83,40.7,432.65,0.219
2025-08-04 21:00:00,F1_R4,14,1,1.11,21,4,8,14.88,37.08,424.17,0.205
2025-08-04 22:00:00,F1_R4,14,1,1.11,22,4,8,14.0,34.95,421.39,0.201
2025-08-04 23:00:00,F1_R4,14,1,1.11,23,4,8,13.82,32.42,420.45,0.2
2025-08-05 00:00:00,F1_R4,14,1,1.11,0,5,8,12.82,30.5,420.02,0.2
2025-08-05 01:00:00,F1_R4,14,1,1.11,1,5,8,13.31,30.81,420.05,0.2
2025-08-05 02:00:00,F1_R4,14,1,1.11,2,5,8,13.18,32.14,420.15,0.2
2025-08-05 03:00:00,F1_R4,14,1,1.11,3,5,8,13.02,33.9,420.47,0.2
2025-08-05 04:00:00,F1_R4,14,1,1.11,4,5,8,13.11,34.8,421.38,0.201
2025-08-05 05:00:00,F1_R4,14,1,1.11,5,5,8,13.73,37.08,424.17,0.205
2025-08-05 06:00:00,F1_R4,14,1,1.11,6,5,8,14.17,40.76,432.67,0.219
2025-08-05 07:00:00,F1_R4,14,1,1.11,7,5,8,15.14,43.52,455.57,0.267
2025-08-05 08:00:00,F1_R4,14,1,1.11,8,5,8,16.16,46.31,508.57,0.411
2025-08-05 09:00:00,F1_R4,14,1,1.11,9,5,8,17.68,50.23,601.33,0.715
2025-08-05 10:00:00,F1_R4,14,1,1.11,10,5,8,18.68,52.83,688.99,1.0
2025-08-05 11:00:00,F1_R4,14,1,1.11,11,5,8,20.87,55.33,742.29,1.145
2025-08-05 12:00:00,F1_R4,14,1,1.11,12,5,8,22.66,57.31,767.42,1.205
2025-08-05 13:00:00,F1_R4,14,1,1.11,13,5,8,23.05,56.79,762.35,1.172
2025-08-05 14:00:00,F1_R4,14,1,1.11,14,5,8,23.07,56.32,757.97,1.167
2025-08-05 15:00:00,F1_R4,14,1,1.11,15,5,8,22.96,55.28,741.86,1.143
2025-08-05 16:00:00,F1_R4,14,1,1.11,16,5,8,21.52,52.55,686.92,0.991
2025-08-05 17:00:00,F1_R4,14,1,1.11,17,5,8,20.07,50.11,600.76,0.713
2025-08-05 18:00:00,F1_R4,14,1,1.11,18,5,8,19.29,46.09,508.03,0.409
2025-08-05 19:00:00,F1_R4,14,1,1.11,19,5,8,17.41,42.43,454.51,0.264
2025-08-05 20:00:00,F1_R4,14,1,1.11,20,5,8,15.83,40.7,432.65,0.219
2025-08-05 21:00:00,F1_R4,14,1,1.11,21,5,8,14.88,37.08,424.17,0.205
2025-08-05 22:00:00,F1_R4,14,1,1.11,22,5,8,14.0,34.95,421.39,0.201
2025-08-05 23:00:00,F1_R4,14,1,1.11,23,5,8,13.82,32.42,420.45,0.2
2025-08-06 00:00:00,F1_R4,14,1,1.11,0,6,8,12.82,30.5,420.02,0.2
2025-08-06 01:00:00,F1_R4,14,1,1.11,1,6,8,13.31,30.81,420.05,0.2
2025-08-06 02:00:00,F1_R4,14,1,1.11,2,6,8,13.18,32.14,420.15,0.2
2025-08-06 03:00:00,F1_R4,14,1,1.11,3,6,8,13.02,33.9,420.47,0.2
2025-08-06 04:00:00,F1_R4,14,1,1.11,4,6,8,13.11,34.8,421.38,0.201
2025-08-06 05:00:00,F1_R4,14,1,1.11,5,6,8,13.73,37.08,424.17,0.202
2025-08-06 06:00:00,F1_R4,14,1,1.11,6,6,8,14.17,40.76,432.67,0.208
2025-08-06 07:00:00,F1_R4,14,1,1.11,7,6,8,15.14,43.52,455.57,0.228
2025-08-06 08:00:00,F1_R4,14,1,1.11,8,6,8,16.16,46.31,508.57,0.286
2025-08-06 09:00:00,F1_R4,14,1,1.11,9,6,8,17.68,50.23,601.33,0.415
2025-08-06 10:00:00,F1_R4,14,1,1.11,10,6,8,18.68,52.83,688.99,0.525
2025-08-06 11:00:00,F1_R4,14,1,1.11,11,6,8,20.87,55.33,742.29,0.584
2025-08-06 12:00:00,F1_R4,14,1,1.11,12,6,8,22.66,57.31,767.42,0.617
2025-08-06 13:00:00,F1_R4,14,1,1.11,13,6,8,23.05,56.79,762.35,0.578
2025-08-06 14:00:00,F1_R4,14,1,1.11,14,6,8,23.07,56.32,757.97,0.578
2025-08-06 15:00:00,F1_R4,14,1,1.11,15,6,8,22.96,55.28,741.86,0.582
2025-08-06 16:00:00,F1_R4,14,1,1.11,16,6,8,21.52,52.55,686.92,0.516
2025-08-06 17:00:00,F1_R4,14,1,1.11,17,6,8,20.07,50.11,600.76,0.413
2025-08-06 18:00:00,F1_R4,14,1,1.11,18,6,8,19.29,46.09,508.03,0.284
2025-08-06 19:00:00,F1_R4,14,1,1.11,19,6,8,17.41,42.43,454.51,0.225
2025-08-06 20:00:00,F1_R4,14,1,1.11,20,6,8,15.83,40.7,432.65,0.208
2025-08-06 21:00:00,F1_R4,14,1,1.11,21,6,8,14.88,37.08,424.17,0.202
2025-08-06 22:00:00,F1_R4,14,1,1.11,22,6,8,14.0,34.95,421.39,0.201
2025-08-06 23:00:00,F1_R4,14,1,1.11,23,6,8,13.82,32.42,420.45,0.2
2025-08-07 00:00:00,F1_R4,14,1,1.11,0,7,8,12.82,30.5,420.02,0.2
2025-08-07 01:00:00,F1_R4,14,1,1.11,1,7,8,13.31,30.81,420.05,0.2
2025-08-07 02:00:00,F1_R4,14,1,1.11,2,7,8,13.18,32.14,420.15,0.2
2025-08-07 03:00:00,F1_R4,14,1,1.11,3,7,8,13.02,33.9,420.47,0.2
2025-08-07 04:00:00,F1_R4,14,1,1.11,4,7,8,13.11,34.8,421.38,0.201
2025-08-07 05:00:00,F1_R4,14,1,1.11,5,7,8,13.73,37.08,424.17,0.202
2025-08-07 06:00:00,F1_R4,14,1,1.11,6,7,8,14.17,40.76,432.67,0.208
2025-08-07 07:00:00,F1_R4,14,1,1.11,7,7,8,15.14,43.52,455.57,0.228
2025-08-07 08:00:00,F1_R4,14,1,1.11,8,7,8,16.16,46.31,508.57,0.286
2025-08-07 09:00:00,F1_R4,14,1,1.11,9,7,8,17.68,50.23,601.33,0.415
2025-08-07 10:00:00,F1_R4,14,1,1.11,10,7,8,18.68,52.83,688.99,0.525
2025-08-07 11:00:00,F1_R4,14,1,1.11,11,7,8,20.87,55.33,742.29,0.584
2025-08-07 12:00:00,F1_R4,14,1,1.11,12,7,8,22.66,57.31,767.42,0.617
2025-08-07 13:00:00,F1_R4,14,1,1.11,13,7,8,23.05,56.79,762.35,0.578
2025-08-07 14:00:00,F1_R4,14,1,1.11,14,7,8,23.07,56.32,757.97,0.578
2025-08-07 15:00:00,F1_R4,14,1,1.11,15,7,8,22.96,55.28,741.86,0.582
2025-08-07 16:00:00,F1_R4,14,1,1.11,16,7,8,21.52,52.55,686.92,0.516
2025-08-07 17:00:00,F1_R4,14,1,1.11,17,7,8,20.07,50.11,600.76,0.413
2025-08-07 18:00:00,F1_R4,14,1,1.11,18,7,8,19.29,46.09,508.03,0.284
2025-08-07 19:00:00,F1_R4,14,1,1.11,19,7,8,17.41,42.43,454.51,0.225
2025-08-07 20:00:00,F1_R4,14,1,1.11,20,7,8,15.83,40.7,432.65,0.208
2025-08-07 21:00:00,F1_R4,14,1,1.11,21,7,8,14.88,37.08,424.17,0.202
2025-08-07 22:00:00,F1_R4,14,1,1.11,22,7,8,14.0,34.95,421.39,0.201
2025-08-07 23:00:00,F1_R4,14,1,1.11,23,7,8,13.82,32.42,420.45,0.2
2025-08-08 00:00:00,F1_R4,14,1,1.11,0,8,8,12.82,30.5,420.02,0.2
2025-08-08 01:00:00,F1_R4,14,1,1.11,1,8,8,13.31,30.81,420.05,0.2
2025-08-08 02:00:00,F1_R4,14,1,1.11,2,8,8,13.18,32.14,420.15,0.2
2025-08-08 03:00:00,F1_R4,14,1,1.11,3,8,8,13.02,33.9,420.47,0.2
2025-08-08 04:00:00,F1_R4,14,1,1.11,4,8,8,13.11,34.8,421.38,0.201
2025-08-08 05:00:00,F1_R4,14,1,1.11,5,8,8,13.73,37.08,424.17,0.202
2025-08-08 06:00:00,F1_R4,14,1,1.11,6,8,8,14.17,40.76,432.67,0.208
2025-08-08 07:00:00,F1_R4,14,1,1.11,7,8,8,15.14,43.52,455.57,0.228
2025-08-08 08:00:00,F1_R4,14,1,1.11,8,8,8,16.16,46.31,508.57,0.286
2025-08-08 09:00:00,F1_R4,14,1,1.11,9,8,8,17.68,50.23,601.33,0.415
2025-08-08 10:00:00,F1_R4,14,1,1.11,10,8,8,18.68,52.83,688.99,0.525
2025-08-08 11:00:00,F1_R4,14,1,1.11,11,8,8,20.87,55.33,742.29,0.584
2025-08-08 12:00:00,F1_R4,14,1,1.11,12,8,8,22.66,57.31,767.42,0.617
2025-08-08 13:00:00,F1_R4,14,1,1.11,13,8,8,23.05,56.79,762.35,0.578
2025-08-08 14:00:00,F1_R4,14,1,1.11,14,8,8,23.07,56.32,757.97,0.578
2025-08-08 15:00:00,F1_R4,14,1,1.11,15,8,8,22.96,55.28,741.86,0.582
2025-08-08 16:00:00,F1_R4,14,1,1.11,16,8,8,21.52,52.55,686.92,0.516
2025-08-08 17:00:00,F1_R4,14,1,1.11,17,8,8,20.07,50.11,600.76,0.413
2025-08-08 18:00:00,F1_R4,14,1,1.11,18,8,8,19.29,46.09,508.03,0.284
2025-08-08 19:00:00,F1_R4,14,1,1.11,19,8,8,17.41,42.43,454.51,0.225
2025-08-08 20:00:00,F1_R4,14,1,1.11,20,8,8,15.83,40.7,432.65,0.208
2025-08-08 21:00:00,F1_R4,14,1,1.11,21,8,8,14.88,37.08,424.17,0.202
2025-08-08 22:00:00,F1_R4,14,1,1.11,22,8,8,14.0,34.95,421.39,0.201
2025-08-08 23:00:00,F1_R4,14,1,1.11,23,8,8,13.82,32.42,420.45,0.2
2025-08-09 00:00:00,F1_R4,14,1,1.11,0,9,8,12.82,30.5,420.02,0.2
2025-08-09 01:00:00,F1_R4,14,1,1.11,1,9,8,13.31,30.81,420.05,0.2
2025-08-09 02:00:00,F1_R4,14,1,1.11,2,9,8,13.18,32.14,420.15,0.2
2025-08-09 03:00:00,F1_R4,14,1,1.11,3,9,8,13.02,33.9,420.47,0.2
2025-08-09 04:00:00,F1_R4,14,1,1.11,4,9,8,13.11,34.8,421.38,0.201
2025-08-09 05:00:00,F1_R4,14,1,1.11,5,9,8,13.73,37.08,424.17,0.202
2025-08-09 06:00:00,F1_R4,14,1,1.11,6,9,8,14.17,40.76,432.67,0.208
2025-08-09 07:00:00,F1_R4,14,1,1.11,7,9,8,15.14,43.52,455.57,0.228
2025-08-09 08:00:00,F1_R4,14,1,1.11,8,9,8,16.16,46.31,508.57,0.286
2025-08-09 09:00:00,F1_R4,14,1,1.11,9,9,8,17.68,50.23,601.33,0.415
2025-08-09 10:00:00,F1_R4,14,1,1.11,10,9,8,18.68,52.83,688.99,0.525
2025-08-09 11:00:00,F1_R4,14,1,1.11,11,9,8,20.87,55.33,742.29,0.584
2025-08-09 12:00:00,F1_R4,14,1,1.11,12,9,8,22.66,57.31,767.42,0.617
2025-08-09 13:00:00,F1_R4,14,1,1.11,13,9,8,23.05,56.79,762.35,0.578
2025-08-09 14:00:00,F1_R4,14,1,1.11,14,9,8,23.07,56.32,757.97,0.578
2025-08-09 15:00:00,F1_R4,14,1,1.11,15,9,8,22.96,55.28,741.86,0.582
2025-08-09 16:00:00,F1_R4,14,1,1.11,16,9,8,21.52,52.55,686.92,0.516
2025-08-09 17:00:00,F1_R4,14,1,1.11,17,9,8,20.07,50.11,600.76,0.413
2025-08-09 18:00:00,F1_R4,14,1,1.11,18,9,8,19.29,46.09,508.03,0.284
2025-08-09 19:00:00,F1_R4,14,1,1.11,19,9,8,17.41,42.43,454.51,0.225
2025-08-09 20:00:00,F1_R4,14,1,1.11,20,9,8,15.83,40.7,432.65,0.208
2025-08-09 21:00:00,F1_R4,14,1,1.11,21,9,8,14.88,37.08,424.17,0.202
2025-08-09 22:00:00,F1_R4,14,1,1.11,22,9,8,14.0,34.95,421.39,0.201
2025-08-09 23:00:00,F1_R4,14,1,1.11,23,9,8,13.82,32.42,420.45,0.2
2025-08-10 00:00:00,F1_R4,14,1,1.11,0,10,8,12.82,30.5,420.02,0.2
2025-08-10 01:00:00,F1_R4,14,1,1.11,1,10,8,13.31,30.81,420.05,0.2
2025-08-10 02:00:00,F1_R4,14,1,1.11,2,10,8,13.18,32.14,420.15,0.2
2025-08-10 03:00:00,F1_R4,14,1,1.11,3,10,8,13.02,33.9,420.47,0.2
2025-08-10 04:00:00,F1_R4,14,1,1.11,4,10,8,13.11,34.8,421.38,0.201
2025-08-10 05:00:00,F1_R4,14,1,1.11,5,10,8,13.73,37.08,424.17,0.202
2025-08-10 06:00:00,F1_R4,14,1,1.11,6,10,8,14.17,40.76,432.67,0.208
2025-08-10 07:00:00,F1_R4,14,1,1.11,7,10,8,15.14,43.52,455.57,0.228
2025-08-10 08:00:00,F1_R4,14,1,1.11,8,10,8,16.16,46.31,508.57,0.286
2025-08-10 09:00:00,F1_R4,14,1,1.11,9,10,8,17.68,50.23,601.33,0.415
2025-08-10 10:00:00,F1_R4,14,1,1.11,10,10,8,18.68,52.83,688.99,0.525
2025-08-10 11:00:00,F1_R4,14,1,1.11,11,10,8,20.87,55.33,742.29,0.584
2025-08-10 12:00:00,F1_R4,14,1,1.11,12,10,8,22.66,57.31,767.42,0.617
2025-08-10 13:00:00,F1_R4,14,1,1.11,13,10,8,23.05,56.79,762.35,0.578
2025-08-10 14:00:00,F1_R4,14,1,1.11,14,10,8,23.07,56.32,757.97,0.578
2025-08-10 15:00:00,F1_R4,14,1,1.11,15,10,8,22.96,55.28,741.86,0.582
2025-08-10 16:00:00,F1_R4,14,1,1.11,16,10,8,21.52,52.55,686.92,0.516
2025-08-10 17:00:00,F1_R4,14,1,1.11,17,10,8,20.07,50.11,600.76,0.413
2025-08-10 18:00:00,F1_R4,14,1,1.11,18,10,8,19.29,46.09,508.03,0.284
2025-08-10 19:00:00,F1_R4,14,1,1.11,19,10,8,17.41,42.43,454.51,0.225
2025-08-10 20:00:00,F1_R4,14,1,1.11,20,10,8,15.83,40.7,432.65,0.208
2025-08-10 21:00:00,F1_R4,14,1,1.11,21,10,8,14.88,37.08,424.17,0.202
2025-08-10 22:00:00,F1_R4,14,1,1.11,22,10,8,14.0,34.95,421.39,0.201
2025-08-10 23:00:00,F1_R4,14,1,1.11,23,10,8,13.82,32.42,420.45,0.2
2025-08-11 00:00:00,F1_R4,14,1,1.11,0,11,8,12.82,30.5,420.02,0.2
2025-08-11 01:00:00,F1_R4,14,1,1.11,1,11,8,13.31,30.81,420.05,0.2
2025-08-11 02:00:00,F1_R4,14,1,1.11,2,11,8,13.18,32.14,420.15,0.2
2025-08-11 03:00:00,F1_R4,14,1,1.11,3,11,8,13.02,33.9,420.47,0.2
2025-08-11 04:00:00,F1_R4,14,1,1.11,4,11,8,13.11,34.8,421.38,0.201
2025-08-11 05:00:00,F1_R4,14,1,1.11,5,11,8,13.73,37.08,424.17,0.205
2025-08-11 06:00:00,F1_R4,14,1,1.11,6,11,8,14.17,40.76,432.67,0.219
2025-08-11 07:00:00,F1_R4,14,1,1.11,7,11,8,15.14,43.52,455.57,0.267
2025-08-11 08:00:00,F1_R4,14,1,1.11,8,11,8,16.16,46.31,508.57,0.411
2025-08-11 09:00:00,F1_R4,14,1,1.11,9,11,8,17.68,50.23,601.33,0.715
2025-08-11 10:00:00,F1_R4,14,1,1.11,10,11,8,18.68,52.83,688.99,1.0
2025-08-11 11:00:00,F1_R4,14,1,1.11,11,11,8,20.87,55.33,742.29,1.145
2025-08-11 12:00:00,F1_R4,14,1,1.11,12,11,8,22.66,57.31,767.42,1.205
2025-08-11 13:00:00,F1_R4,14,1,1.11,13,11,8,23.05,56.79,762.35,1.172
2025-08-11 14:00:00,F1_R4,14,1,1.11,14,11,8,23.07,56.32,757.97,1.167
2025-08-11 15:00:00,F1_R4,14,1,1.11,15,11,8,22.96,55.28,741.86,1.143
2025-08-11 16:00:00,F1_R4,14,1,1.11,16,11,8,21.52,52.55,686.92,0.991
2025-08-11 17:00:00,F1_R4,14,1,1.11,17,11,8,20.07,50.11,600.76,0.713
2025-08-11 18:00:00,F1_R4,14,1,1.11,18,11,8,19.29,46.09,508.03,0.409
2025-08-11 19:00:00,F1_R4,14,1,1.11,19,11,8,17.41,42.43,454.51,0.264
2025-08-11 20:00:00,F1_R4,14,1,1.11,20,11,8,15.83,40.7,432.65,0.219
2025-08-11 21:00:00,F1_R4,14,1,1.11,21,11,8,14.88,37.08,424.17,0.205
2025-08-11 22:00:00,F1_R4,14,1,1.11,22,11,8,14.0,34.95,421.39,0.201
2025-08-11 23:00:00,F1_R4,14,1,1.11,23,11,8,13.82,32.42,420.45,0.2
2025-08-12 00:00:00,F1_R4,14,1,1.11,0,12,8,12.82,30.5,420.02,0.2
2025-08-12 01:00:00,F1_R4,14,1,1.11,1,12,8,13.31,30.81,420.05,0.2
2025-08-12 02:00:00,F1_R4,14,1,1.11,2,12,8,13.18,32.14,420.15,0.2
2025-08-12 03:00:00,F1_R4,14,1,1.11,3,12,8,13.02,33.9,420.47,0.2
2025-08-12 04:00:00,F1_R4,14,1,1.11,4,12,8,13.11,34.8,421.38,0.201
2025-08-12 05:00:00,F1_R4,14,1,1.11,5,12,8,13.73,37.08,424.17,0.205
2025-08-12 06:00:00,F1_R4,14,1,1.11,6,12,8,14.17,40.76,432.67,0.219
2025-08-12 07:00:00,F1_R4,14,1,1.11,7,12,8,15.14,43.52,455.57,0.267
2025-08-12 08:00:00,F1_R4,14,1,1.11,8,12,8,16.16,46.31,508.57,0.411
2025-08-12 09:00:00,F1_R4,14,1,1.11,9,12,8,17.68,50.23,601.33,0.715
2025-08-12 10:00:00,F1_R4,14,1,1.11,10,12,8,18.68,52.83,688.99,1.0
2025-08-12 11:00:00,F1_R4,14,1,1.11,11,12,8,20.87,55.33,742.29,1.145
2025-08-12 12:00:00,F1_R4,14,1,1.11,12,12,8,22.66,57.31,767.42,1.205
2025-08-12 13:00:00,F1_R4,14,1,1.11,13,12,8,23.05,56.79,762.35,1.172
2025-08-12 14:00:00,F1_R4,14,1,1.11,14,12,8,23.07,56.32,757.97,1.167
2025-08-12 15:00:00,F1_R4,14,1,1.11,15,12,8,22.96,55.28,741.86,1.143
2025-08-12 16:00:00,F1_R4,14,1,1.11,16,12,8,21.52,52.55,686.92,0.991
2025-08-12 17:00:00,F1_R4,14,1,1.11,17,12,8,20.07,50.11,600.76,0.713
2025-08-12 18:00:00,F1_R4,14,1,1.11,18,12,8,19.29,46.09,508.03,0.409
2025-08-12 19:00:00,F1_R4,14,1,1.11,19,12,8,17.41,42.43,454.51,0.264
2025-08-12 20:00:00,F1_R4,14,1,1.11,20,12,8,15.83,40.7,432.65,0.219
2025-08-12 21:00:00,F1_R4,14,1,1.11,21,12,8,14.88,37.08,424.17,0.205
2025-08-12 22:00:00,F1_R4,14,1,1.11,22,12,8,14.0,34.95,421.39,0.201
2025-08-12 23:00:00,F1_R4,14,1,1.11,23,12,8,13.82,32.42,420.45,0.2
2025-08-13 00:00:00,F1_R4,14,1,1.11,0,13,8,12.82,30.5,420.02,0.2
2025-08-13 01:00:00,F1_R4,14,1,1.11,1,13,8,13.31,30.81,420.05,0.2
2025-08-13 02:00:00,F1_R4,14,1,1.11,2,13,8,13.18,32.14,420.15,0.2
2025-08-13 03:00:00,F1_R4,14,1,1.11,3,13,8,13.02,33.9,420.47,0.2
2025-08-13 04:00:00,F1_R4,14,1,1.11,4,13,8,13.11,34.8,421.38,0.201
2025-08-13 05:00:00,F1_R4,14,1,1.11,5,13,8,13.73,37.08,424.17,0.202
2025-08-13 06:00:00,F1_R4,14,1,1.11,6,13,8,14.17,40.76,432.67,0.208
2025-08-13 07:00:00,F1_R4,14,1,1.11,7,13,8,15.14,43.52,455.57,0.228
2025-08-13 08:00:00,F1_R4,14,1,1.11,8,13,8,16.16,46.31,508.57,0.286
2025-08-13 09:00:00,F1_R4,14,1,1.11,9,13,8,17.68,50.23,601.33,0.415
2025-08-13 10:00:00,F1_R4,14,1,1.11,10,13,8,18.68,52.83,688.99,0.525
2025-08-13 11:00:00,F1_R4,14,1,1.11,11,13,8,20.87,55.33,742.29,0.584
2025-08-13 12:00:00,F1_R4,14,1,1.11,12,13,8,22.66,57.31,767.42,0.617
2025-08-13 13:00:00,F1_R4,14,1,1.11,13,13,8,23.05,56.79,762.35,0.578
2025-08-13 14:00:00,F1_R4,14,1,1.11,14,13,8,23.07,56.32,757.97,0.578
2025-08-13 15:00:00,F1_R4,14,1,1.11,15,13,8,22.96,55.28,741.86,0.582
2025-08-13 16:00:00,F1_R4,14,1,1.11,16,13,8,21.52,52.55,686.92,0.516
2025-08-13 17:00:00,F1_R4,14,1,1.11,17,13,8,20.07,50.11,600.76,0.413
2025-08-13 18:00:00,F1_R4,14,1,1.11,18,13,8,19.29,46.09,508.03,0.284
2025-08-13 19:00:00,F1_R4,14,1,1.11,19,13,8,17.41,42.43,454.51,0.225
2025-08-13 20:00:00,F1_R4,14,1,1.11,20,13,8,15.83,40.7,432.65,0.208
2025-08-13 21:00:00,F1_R4,14,1,1.11,21,13,8,14.88,37.08,424.17,0.202
2025-08-13 22:00:00,F1_R4,14,1,1.11,22,13,8,14.0,34.95,421.39,0.201
2025-08-13 23:00:00,F1_R4,14,1,1.11,23,13,8,13.82,32.42,420.45,0.2
2025-08-14 00:00:00,F1_R4,14,1,1.11,0,14,8,12.82,30.5,420.02,0.2
2025-08-14 01:00:00,F1_R4,14,1,1.11,1,14,8,13.31,30.81,420.05,0.2
2025-08-14 02:00:00,F1_R4,14,1,1.11,2,14,8,13.18,32.14,420.15,0.2
2025-08-14 03:00:00,F1_R4,14,1,1.11,3,14,8,13.02,33.9,420.47,0.2
2025-08-14 04:00:00,F1_R4,14,1,1.11,4,14,8,13.11,34.8,421.38,0.201
2025-08-14 05:00:00,F1_R4,14,1,1.11,5,14,8,13.73,37.08,424.17,0.202
2025-08-14 06:00:00,F1_R4,14,1,1.11,6,14,8,14.17,40.76,432.67,0.208
2025-08-14 07:00:00,F1_R4,14,1,1.11,7,14,8,15.14,43.52,455.57,0.228
2025-08-14 08:00:00,F1_R4,14,1,1.11,8,14,8,16.16,46.31,508.57,0.286
2025-08-14 09:00:00,F1_R4,14,1,1.11,9,14,8,17.68,50.23,601.33,0.415
2025-08-14 10:00:00,F1_R4,14,1,1.11,10,14,8,18.68,52.83,688.99,0.525
2025-08-14 11:00:00,F1_R4,14,1,1.11,11,14,8,20.87,55.33,742.29,0.584
2025-08-14 12:00:00,F1_R4,14,1,1.11,12,14,8,22.66,57.31,767.42,0.617
2025-08-14 13:00:00,F1_R4,14,1,1.11,13,14,8,23.05,56.79,762.35,0.578
2025-08-14 14:00:00,F1_R4,14,1,1.11,14,14,8,23.07,56.32,757.97,0.578
2025-08-14 15:00:00,F1_R4,14,1,1.11,15,14,8,22.96,55.28,741.86,0.582
2025-08-14 16:00:00,F1_R4,14,1,1.11,16,14,8,21.52,52.55,686.92,0.516
2025-08-14 17:00:00,F1_R4,14,1,1.11,17,14,8,20.07,50.11,600.76,0.413
2025-08-14 18:00:00,F1_R4,14,1,1.11,18,14,8,19.29,46.09,508.03,0.284
2025-08-14 19:00:00,F1_R4,14,1,1.11,19,14,8,17.41,42.43,454.51,0.225
2025-08-14 20:00:00,F1_R4,14,1,1.11,20,14,8,15.83,40.7,432.65,0.208
2025-08-14 21:00:00,F1_R4,14,1,1.11,21,14,8,14.88,37.08,424.17,0.202
2025-08-14 22:00:00,F1_R4,14,1,1.11,22,14,8,14.0,34.95,421.39,0.201
2025-08-14 23:00:00,F1_R4,14,1,1.11,23,14,8,13.82,32.42,420.45,0.2
2025-08-15 00:00:00,F1_R4,14,1,1.11,0,15,8,12.82,30.5,420.02,0.2
2025-08-15 01:00:00,F1_R4,14,1,1.11,1,15,8,13.31,30.81,420.05,0.2
2025-08-15 02:00:00,F1_R4,14,1,1.11,2,15,8,13.18,32.14,420.15,0.2
2025-08-15 03:00:00,F1_R4,14,1,1.11,3,15,8,13.02,33.9,420.47,0.2
2025-08-15 04:00:00,F1_R4,14,1,1.11,4,15,8,13.11,34.8,421.38,0.201
2025-08-15 05:00:00,F1_R4,14,1,1.11,5,15,8,13.73,37.08,424.17,0.202
2025-08-15 06:00:00,F1_R4,14,1,1.11,6,15,8,14.17,40.76,432.67,0.208
2025-08-15 07:00:00,F1_R4,14,1,1.11,7,15,8,15.14,43.52,455.57,0.228
2025-08-15 08:00:00,F1_R4,14,1,1.11,8,15,8,16.16,46.31,508.57,0.286
2025-08-15 09:00:00,F1_R4,14,1,1.11,9,15,8,17.68,50.23,601.33,0.415
2025-08-15 10:00:00,F1_R4,14,1,1.11,10,15,8,18.68,52.83,688.99,0.525
2025-08-15 11:00:00,F1_R4,14,1,1.11,11,15,8,20.87,55.33,742.29,0.584
2025-08-15 12:00:00,F1_R4,14,1,1.11,12,15,8,22.66,57.31,767.42,0.617
2025-08-15 13:00:00,F1_R4,14,1,1.11,13,15,8,23.05,56.79,762.35,0.578
2025-08-15 14:00:00,F1_R4,14,1,1.11,14,15,8,23.07,56.32,757.97,0.578
2025-08-15 15:00:00,F1_R4,14,1,1.11,15,15,8,22.96,55.28,741.86,0.582
2025-08-15 16:00:00,F1_R4,14,1,1.11,16,15,8,21.52,52.55,686.92,0.516
2025-08-15 17:00:00,F1_R4,14,1,1.11,17,15,8,20.07,50.11,600.76,0.413
2025-08-15 18:00:00,F1_R4,14,1,1.11,18,15,8,19.29,46.09,508.03,0.284
2025-08-15 19:00:00,F1_R4,14,1,1.11,19,15,8,17.41,42.43,454.51,0.225
2025-08-15 20:00:00,F1_R4,14,1,1.11,20,15,8,15.83,40.7,432.65,0.208
2025-08-15 21:00:00,F1_R4,14,1,1.11,21,15,8,14.88,37.08,424.17,0.202
2025-08-15 22:00:00,F1_R4,14,1,1.11,22,15,8,14.0,34.95,421.39,0.201
2025-08-15 23:00:00,F1_R4,14,1,1.11,23,15,8,13.82,32.42,420.45,0.2
2025-08-16 00:00:00,F1_R4,14,1,1.11,0,16,8,12.82,30.5,420.02,0.2
2025-08-16 01:00:00,F1_R4,14,1,1.11,1,16,8,13.31,30.81,420.05,0.2
2025-08-16 02:00:00,F1_R4,14,1,1.11,2,16,8,13.18,32.14,420.15,0.2
2025-08-16 03:00:00,F1_R4,14,1,1.11,3,16,8,13.02,33.9,420.47,0.2
2025-08-16 04:00:00,F1_R4,14,1,1.11,4,16,8,13.11,34.8,421.38,0.201
2025-08-16 05:00:00,F1_R4,14,1,1.11,5,16,8,13.73,37.08,424.17,0.202
2025-08-16 06:00:00,F1_R4,14,1,1.11,6,16,8,14.17,40.76,432.67,0.208
2025-08-16 07:00:00,F1_R4,14,1,1.11,7,16,8,15.14,43.52,455.57,0.228
2025-08-16 08:00:00,F1_R4,14,1,1.11,8,16,8,16.16,46.31,508.57,0.286
2025-08-16 09:00:00,F1_R4,14,1,1.11,9,16,8,17.68,50.23,601.33,0.415
2025-08-16 10:00:00,F1_R4,14,1,1.11,10,16,8,18.68,52.83,688.99,0.525
2025-08-16 11:00:00,F1_R4,14,1,1.11,11,16,8,20.87,55.33,742.29,0.584
2025-08-16 12:00:00,F1_R4,14,1,1.11,12,16,8,22.66,57.31,767.42,0.617
2025-08-16 13:00:00,F1_R4,14,1,1.11,13,16,8,23.05,56.79,762.35,0.578
2025-08-16 14:00:00,F1_R4,14,1,1.11,14,16,8,23.07,56.32,757.97,0.578
2025-08-16 15:00:00,F1_R4,14,1,1.11,15,16,8,22.96,55.28,741.86,0.582
2025-08-16 16:00:00,F1_R4,14,1,1.11,16,16,8,21.52,52.55,686.92,0.516
2025-08-16 17:00:00,F1_R4,14,1,1.11,17,16,8,20.07,50.11,600.76,0.413
2025-08-16 18:00:00,F1_R4,14,1,1.11,18,16,8,19.29,46.09,508.03,0.284
2025-08-16 19:00:00,F1_R4,14,1,1.11,19,16,8,17.41,42.43,454.51,0.225
2025-08-16 20:00:00,F1_R4,14,1,1.11,20,16,8,15.83,40.7,432.65,0.208
2025-08-16 21:00:00,F1_R4,14,1,1.11,21,16,8,14.88,37.08,424.17,0.202
2025-08-16 22:00:00,F1_R4,14,1,1.11,22,16,8,14.0,34.95,421.39,0.201
2025-08-16 23:00:00,F1_R4,14,1,1.11,23,16,8,13.82,32.42,420.45,0.2
2025-08-17 00:00:00,F1_R4,14,1,1.11,0,17,8,12.82,30.5,420.02,0.2
2025-08-17 01:00:00,F1_R4,14,1,1.11,1,17,8,13.31,30.81,420.05,0.2
2025-08-17 02:00:00,F1_R4,14,1,1.11,2,17,8,13.18,32.14,420.15,0.2
2025-08-17 03:00:00,F1_R4,14,1,1.11,3,17,8,13.02,33.9,420.47,0.2
2025-08-17 04:00:00,F1_R4,14,1,1.11,4,17,8,13.11,34.8,421.38,0.201
2025-08-17 05:00:00,F1_R4,14,1,1.11,5,17,8,13.73,37.08,424.17,0.202
2025-08-17 06:00:00,F1_R4,14,1,1.11,6,17,8,14.17,40.76,432.67,0.208
2025-08-17 07:00:00,F1_R4,14,1,1.11,7,17,8,15.14,43.52,455.57,0.228
2025-08-17 08:00:00,F1_R4,14,1,1.11,8,17,8,16.16,46.31,508.57,0.286
2025-08-17 09:00:00,F1_R4,14,1,1.11,9,17,8,17.68,50.23,601.33,0.415
2025-08-17 10:00:00,F1_R4,14,1,1.11,10,17,8,18.68,52.83,688.99,0.525
2025-08-17 11:00:00,F1_R4,14,1,1.11,11,17,8,20.87,55.33,742.29,0.584
2025-08-17 12:00:00,F1_R4,14,1,1.11,12,17,8,22.66,57.31,767.42,0.617
2025-08-17 13:00:00,F1_R4,14,1,1.11,13,17,8,23.05,56.79,762.35,0.578
2025-08-17 14:00:00,F1_R4,14,1,1.11,14,17,8,23.07,56.32,757.97,0.578
2025-08-17 15:00:00,F1_R4,14,1,1.11,15,17,8,22.96,55.28,741.86,0.582
2025-08-17 16:00:00,F1_R4,14,1,1.11,16,17,8,21.52,52.55,686.92,0.516
2025-08-17 17:00:00,F1_R4,14,1,1.11,17,17,8,20.07,50.11,600.76,0.413
2025-08-17 18:00:00,F1_R4,14,1,1.11,18,17,8,19.29,46.09,508.03,0.284
2025-08-17 19:00:00,F1_R4,14,1,1.11,19,17,8,17.41,42.43,454.51,0.225
2025-08-17 20:00:00,F1_R4,14,1,1.11,20,17,8,15.83,40.7,432.65,0.208
2025-08-17 21:00:00,F1_R4,14,1,1.11,21,17,8,14.88,37.08,424.17,0.202
2025-08-17 22:00:00,F1_R4,14,1,1.11,22,17,8,14.0,34.95,421.39,0.201
2025-08-17 23:00:00,F1_R4,14,1,1.11,23,17,8,13.82,32.42,420.45,0.2
2025-08-18 00:00:00,F1_R4,14,1,1.11,0,18,8,12.82,30.5,420.02,0.2
2025-08-18 01:00:00,F1_R4,14,1,1.11,1,18,8,13.31,30.81,420.05,0.2
2025-08-18 02:00:00,F1_R4,14,1,1.11,2,18,8,13.18,32.14,420.15,0.2
2025-08-18 03:00:00,F1_R4,14,1,1.11,3,18,8,13.02,33.9,420.47,0.2
2025-08-18 04:00:00,F1_R4,14,1,1.11,4,18,8,13.11,34.8,421.38,0.201
2025-08-18 05:00:00,F1_R4,14,1,1.11,5,18,8,13.73,37.08,424.17,0.205
2025-08-18 06:00:00,F1_R4,14,1,1.11,6,18,8,14.17,40.76,432.67,0.219
2025-08-18 07:00:00,F1_R4,14,1,1.11,7,18,8,15.14,43.52,455.57,0.267
2025-08-18 08:00:00,F1_R4,14,1,1.11,8,18,8,16.16,46.31,508.57,0.411
2025-08-18 09:00:00,F1_R4,14,1,1.11,9,18,8,17.68,50.23,601.33,0.715
2025-08-18 10:00:00,F1_R4,14,1,1.11,10,18,8,18.68,52.83,688.99,1.0
2025-08-18 11:00:00,F1_R4,14,1,1.11,11,18,8,20.87,55.33,742.29,1.145
2025-08-18 12:00:00,F1_R4,14,1,1.11,12,18,8,22.66,57.31,767.42,1.205
2025-08-18 13:00:00,F1_R4,14,1,1.11,13,18,8,23.05,56.79,762.35,1.172
2025-08-18 14:00:00,F1_R4,14,1,1.11,14,18,8,23.07,56.32,757.97,1.167
2025-08-18 15:00:00,F1_R4,14,1,1.11,15,18,8,22.96,55.28,741.86,1.143
2025-08-18 16:00:00,F1_R4,14,1,1.11,16,18,8,21.52,52.55,686.92,0.991
2025-08-18 17:00:00,F1_R4,14,1,1.11,17,18,8,20.07,50.11,600.76,0.713
2025-08-18 18:00:00,F1_R4,14,1,1.11,18,18,8,19.29,46.09,508.03,0.409
2025-08-18 19:00:00,F1_R4,14,1,1.11,19,18,8,17.41,42.43,454.51,0.264
2025-08-18 20:00:00,F1_R4,14,1,1.11,20,18,8,15.83,40.7,432.65,0.219
2025-08-18 21:00:00,F1_R4,14,1,1.11,21,18,8,14.88,37.08,424.17,0.205
2025-08-18 22:00:00,F1_R4,14,1,1.11,22,18,8,14.0,34.95,421.39,0.201
2025-08-18 23:00:00,F1_R4,14,1,1.11,23,18,8,13.82,32.42,420.45,0.2
2025-08-19 00:00:00,F1_R4,14,1,1.11,0,19,8,12.82,30.5,420.02,0.2
2025-08-19 01:00:00,F1_R4,14,1,1.11,1,19,8,13.31,30.81,420.05,0.2
2025-08-19 02:00:00,F1_R4,14,1,1.11,2,19,8,13.18,32.14,420.15,0.2
2025-08-19 03:00:00,F1_R4,14,1,1.11,3,19,8,13.02,33.9,420.47,0.2
2025-08-19 04:00:00,F1_R4,14,1,1.11,4,19,8,13.11,34.8,421.38,0.201
2025-08-19 05:00:00,F1_R4,14,1,1.11,5,19,8,13.73,37.08,424.17,0.205
2025-08-19 06:00:00,F1_R4,14,1,1.11,6,19,8,14.17,40.76,432.67,0.219
2025-08-19 07:00:00,F1_R4,14,1,1.11,7,19,8,15.14,43.52,455.57,0.267
2025-08-19 08:00:00,F1_R4,14,1,1.11,8,19,8,16.16,46.31,508.57,0.411
2025-08-19 09:00:00,F1_R4,14,1,1.11,9,19,8,17.68,50.23,601.33,0.715
2025-08-19 10:00:00,F1_R4,14,1,1.11,10,19,8,18.68,52.83,688.99,1.0
2025-08-19 11:00:00,F1_R4,14,1,1.11,11,19,8,20.87,55.33,742.29,1.145
2025-08-19 12:00:00,F1_R4,14,1,1.11,12,19,8,22.66,57.31,767.42,1.205
2025-08-19 13:00:00,F1_R4,14,1,1.11,13,19,8,23.05,56.79,762.35,1.172
2025-08-19 14:00:00,F1_R4,14,1,1.11,14,19,8,23.07,56.32,757.97,1.167
2025-08-19 15:00:00,F1_R4,14,1,1.11,15,19,8,22.96,55.28,741.86,1.143
2025-08-19 16:00:00,F1_R4,14,1,1.11,16,19,8,21.52,52.55,686.92,0.991
2025-08-19 17:00:00,F1_R4,14,1,1.11,17,19,8,20.07,50.11,600.76,0.713
2025-08-19 18:00:00,F1_R4,14,1,1.11,18,19,8,19.29,46.09,508.03,0.409
2025-08-19 19:00:00,F1_R4,14,1,1.11,19,19,8,17.41,42.43,454.51,0.264
2025-08-19 20:00:00,F1_R4,14,1,1.11,20,19,8,15.83,40.7,432.65,0.219
2025-08-19 21:00:00,F1_R4,14,1,1.11,21,19,8,14.88,37.08,424.17,0.205
2025-08-19 22:00:00,F1_R4,14,1,1.11,22,19,8,14.0,34.95,421.39,0.201
2025-08-19 23:00:00,F1_R4,14,1,1.11,23,19,8,13.82,32.42,420.45,0.2
2025-08-20 00:00:00,F1_R4,14,1,1.11,0,20,8,12.82,30.5,420.02,0.2
2025-08-20 01:00:00,F1_R4,14,1,1.11,1,20,8,13.31,30.81,420.05,0.2
2025-08-20 02:00:00,F1_R4,14,1,1.11,2,20,8,13.18,32.14,420.15,0.2
2025-08-20 03:00:00,F1_R4,14,1,1.11,3,20,8,13.02,33.9,420.47,0.2
2025-08-20 04:00:00,F1_R4,14,1,1.11,4,20,8,13.11,34.8,421.38,0.201
2025-08-20 05:00:00,F1_R4,14,1,1.11,5,20,8,13.73,37.08,424.17,0.202
2025-08-20 06:00:00,F1_R4,14,1,1.11,6,20,8,14.17,40.76,432.67,0.208
2025-08-20 07:00:00,F1_R4,14,1,1.11,7,20,8,15.14,43.52,455.57,0.228
2025-08-20 08:00:00,F1_R4,14,1,1.11,8,20,8,16.16,46.31,508.57,0.286
2025-08-20 09:00:00,F1_R4,14,1,1.11,9,20,8,17.68,50.23,601.33,0.415
2025-08-20 10:00:00,F1_R4,14,1,1.11,10,20,8,18.68,52.83,688.99,0.525
2025-08-20 11:00:00,F1_R4,14,1,1.11,11,20,8,20.87,55.33,742.29,0.584
2025-08-20 12:00:00,F1_R4,14,1,1.11,12,20,8,22.66,57.31,767.42,0.617
2025-08-20 13:00:00,F1_R4,14,1,1.11,13,20,8,23.05,56.79,762.35,0.578
2025-08-20 14:00:00,F1_R4,14,1,1.11,14,20,8,23.07,56.32,757.97,0.578
2025-08-20 15:00:00,F1_R4,14,1,1.11,15,20,8,22.96,55.28,741.86,0.582
2025-08-20 16:00:00,F1_R4,14,1,1.11,16,20,8,21.52,52.55,686.92,0.516
2025-08-20 17:00:00,F1_R4,14,1,1.11,17,20,8,20.07,50.11,600.76,0.413
2025-08-20 18:00:00,F1_R4,14,1,1.11,18,20,8,19.29,46.09,508.03,0.284
2025-08-20 19:00:00,F1_R4,14,1,1.11,19,20,8,17.41,42.43,454.51,0.225
2025-08-20 20:00:00,F1_R4,14,1,1.11,20,20,8,15.83,40.7,432.65,0.208
2025-08-20 21:00:00,F1_R4,14,1,1.11,21,20,8,14.88,37.08,424.17,0.202
2025-08-20 22:00:00,F1_R4,14,1,1.11,22,20,8,14.0,34.95,421.39,0.201
2025-08-20 23:00:00,F1_R4,14,1,1.11,23,20,8,13.82,32.42,420.45,0.2
2025-08-21 00:00:00,F1_R4,14,1,1.11,0,21,8,12.82,30.5,420.02,0.2
2025-08-21 01:00:00,F1_R4,14,1,1.11,1,21,8,13.31,30.81,420.05,0.2
2025-08-21 02:00:00,F1_R4,14,1,1.11,2,21,8,13.18,32.14,420.15,0.2
2025-08-21 03:00:00,F1_R4,14,1,1.11,3,21,8,13.02,33.9,420.47,0.2
2025-08-21 04:00:00,F1_R4,14,1,1.11,4,21,8,13.11,34.8,421.38,0.201
2025-08-21 05:00:00,F1_R4,14,1,1.11,5,21,8,13.73,37.08,424.17,0.202
2025-08-21 06:00:00,F1_R4,14,1,1.11,6,21,8,14.17,40.76,432.67,0.208
2025-08-21 07:00:00,F1_R4,14,1,1.11,7,21,8,15.14,43.52,455.57,0.228
2025-08-21 08:00:00,F1_R4,14,1,1.11,8,21,8,16.16,46.31,508.57,0.286
2025-08-21 09:00:00,F1_R4,14,1,1.11,9,21,8,17.68,50.23,601.33,0.415
2025-08-21 10:00:00,F1_R4,14,1,1.11,10,21,8,18.68,52.83,688.99,0.525
2025-08-21 11:00:00,F1_R4,14,1,1.11,11,21,8,20.87,55.33,742.29,0.584
2025-08-21 12:00:00,F1_R4,14,1,1.11,12,21,8,22.66,57.31,767.42,0.617
2025-08-21 13:00:00,F1_R4,14,1,1.11,13,21,8,23.05,56.79,762.35,0.578
2025-08-21 14:00:00,F1_R4,14,1,1.11,14,21,8,23.07,56.32,757.97,0.578
2025-08-21 15:00:00,F1_R4,14,1,1.11,15,21,8,22.96,55.28,741.86,0.582
2025-08-21 16:00:00,F1_R4,14,1,1.11,16,21,8,21.52,52.55,686.92,0.516
2025-08-21 17:00:00,F1_R4,14,1,1.11,17,21,8,20.07,50.11,600.76,0.413
2025-08-21 18:00:00,F1_R4,14,1,1.11,18,21,8,19.29,46.09,508.03,0.284
2025-08-21 19:00:00,F1_R4,14,1,1.11,19,21,8,17.41,42.43,454.51,0.225
2025-08-21 20:00:00,F1_R4,14,1,1.11,20,21,8,15.83,40.7,432.65,0.208
2025-08-21 21:00:00,F1_R4,14,1,1.11,21,21,8,14.88,37.08,424.17,0.202
2025-08-21 22:00:00,F1_R4,14,1,1.11,22,21,8,14.0,34.95,421.39,0.201
2025-08-21 23:00:00,F1_R4,14,1,1.11,23,21,8,13.82,32.42,420.45,0.2
2025-08-22 00:00:00,F1_R4,14,1,1.11,0,22,8,12.82,30.5,420.02,0.2
2025-08-22 01:00:00,F1_R4,14,1,1.11,1,22,8,13.31,30.81,420.05,0.2
2025-08-22 02:00:00,F1_R4,14,1,1.11,2,22,8,13.18,32.14,420.15,0.2
2025-08-22 03:00:00,F1_R4,14,1,1.11,3,22,8,13.02,33.9,420.47,0.2
2025-08-22 04:00:00,F1_R4,14,1,1.11,4,22,8,13.11,34.8,421.38,0.201
2025-08-22 05:00:00,F1_R4,14,1,1.11,5,22,8,13.73,37.08,424.17,0.202
2025-08-22 06:00:00,F1_R4,14,1,1.11,6,22,8,14.17,40.76,432.67,0.208
2025-08-22 07:00:00,F1_R4,14,1,1.11,7,22,8,15.14,43.52,455.57,0.228
2025-08-22 08:00:00,F1_R4,14,1,1.11,8,22,8,16.16,46.31,508.57,0.286
2025-08-22 09:00:00,F1_R4,14,1,1.11,9,22,8,17.68,50.23,601.33,0.415
2025-08-22 10:00:00,F1_R4,14,1,1.11,10,22,8,18.68,52.83,688.99,0.525
2025-08-22 11:00:00,F1_R4,14,1,1.11,11,22,8,20.87,55.33,742.29,0.584
2025-08-22 12:00:00,F1_R4,14,1,1.11,12,22,8,22.66,57.31,767.42,0.617
2025-08-22 13:00:00,F1_R4,14,1,1.11,13,22,8,23.05,56.79,762.35,0.578
2025-08-22 14:00:00,F1_R4,14,1,1.11,14,22,8,23.07,56.32,757.97,0.578
2025-08-22 15:00:00,F1_R4,14,1,1.11,15,22,8,22.96,55.28,741.86,0.582
2025-08-22 16:00:00,F1_R4,14,1,1.11,16,22,8,21.52,52.55,686.92,0.516
2025-08-22 17:00:00,F1_R4,14,1,1.11,17,22,8,20.07,50.11,600.76,0.413
2025-08-22 18:00:00,F1_R4,14,1,1.11,18,22,8,19.29,46.09,508.03,0.284
2025-08-22 19:00:00,F1_R4,14,1,1.11,19,22,8,17.41,42.43,454.51,0.225
2025-08-22 20:00:00,F1_R4,14,1,1.11,20,22,8,15.83,40.7,432.65,0.208
2025-08-22 21:00:00,F1_R4,14,1,1.11,21,22,8,14.88,37.08,424.17,0.202
2025-08-22 22:00:00,F1_R4,14,1,1.11,22,22,8,14.0,34.95,421.39,0.201
2025-08-22 23:00:00,F1_R4,14,1,1.11,23,22,8,13.82,32.42,420.45,0.2
2025-08-23 00:00:00,F1_R4,14,1,1.11,0,23,8,12.82,30.5,420.02,0.2
2025-08-23 01:00:00,F1_R4,14,1,1.11,1,23,8,13.31,30.81,420.05,0.2
2025-08-23 02:00:00,F1_R4,14,1,1.11,2,23,8,13.18,32.14,420.15,0.2
2025-08-23 03:00:00,F1_R4,14,1,1.11,3,23,8,13.02,33.9,420.47,0.2
2025-08-23 04:00:00,F1_R4,14,1,1.11,4,23,8,13.11,34.8,421.38,0.201
2025-08-23 05:00:00,F1_R4,14,1,1.11,5,23,8,13.73,37.08,424.17,0.202
2025-08-23 06:00:00,F1_R4,14,1,1.11,6,23,8,14.17,40.76,432.67,0.208
2025-08-23 07:00:00,F1_R4,14,1,1.11,7,23,8,15.14,43.52,455.57,0.228
2025-08-23 08:00:00,F1_R4,14,1,1.11,8,23,8,16.16,46.31,508.57,0.286
2025-08-23 09:00:00,F1_R4,14,1,1.11,9,23,8,17.68,50.23,601.33,0.415
2025-08-23 10:00:00,F1_R4,14,1,1.11,10,23,8,18.68,52.83,688.99,0.525
2025-08-23 11:00:00,F1_R4,14,1,1.11,11,23,8,20.87,55.33,742.29,0.584
2025-08-23 12:00:00,F1_R4,14,1,1.11,12,23,8,22.66,57.31,767.42,0.617
2025-08-23 13:00:00,F1_R4,14,1,1.11,13,23,8,23.05,56.79,762.35,0.578
2025-08-23 14:00:00,F1_R4,14,1,1.11,14,23,8,23.07,56.32,757.97,0.578
2025-08-23 15:00:00,F1_R4,14,1,1.11,15,23,8,22.96,55.28,741.86,0.582
2025-08-23 16:00:00,F1_R4,14,1,1.11,16,23,8,21.52,52.55,686.92,0.516
2025-08-23 17:00:00,F1_R4,14,1,1.11,17,23,8,20.07,50.11,600.76,0.413
2025-08-23 18:00:00,F1_R4,14,1,1.11,18,23,8,19.29,46.09,508.03,0.284
2025-08-23 19:00:00,F1_R4,14,1,1.11,19,23,8,17.41,42.43,454.51,0.225
2025-08-23 20:00:00,F1_R4,14,1,1.11,20,23,8,15.83,40.7,432.65,0.208
2025-08-23 21:00:00,F1_R4,14,1,1.11,21,23,8,14.88,37.08,424.17,0.202
2025-08-23 22:00:00,F1_R4,14,1,1.11,22,23,8,14.0,34.95,421.39,0.201
2025-08-23 23:00:00,F1_R4,14,1,1.11,23,23,8,13.82,32.42,420.45,0.2
2025-08-24 00:00:00,F1_R4,14,1,1.11,0,24,8,12.82,30.5,420.02,0.2
2025-08-24 01:00:00,F1_R4,14,1,1.11,1,24,8,13.31,30.81,420.05,0.2
2025-08-24 02:00:00,F1_R4,14,1,1.11,2,24,8,13.18,32.14,420.15,0.2
2025-08-24 03:00:00,F1_R4,14,1,1.11,3,24,8,13.02,33.9,420.47,0.2
2025-08-24 04:00:00,F1_R4,14,1,1.11,4,24,8,13.11,34.8,421.38,0.201
2025-08-24 05:00:00,F1_R4,14,1,1.11,5,24,8,13.73,37.08,424.17,0.202
2025-08-24 06:00:00,F1_R4,14,1,1.11,6,24,8,14.17,40.76,432.67,0.208
2025-08-24 07:00:00,F1_R4,14,1,1.11,7,24,8,15.14,43.52,455.57,0.228
2025-08-24 08:00:00,F1_R4,14,1,1.11,8,24,8,16.16,46.31,508.57,0.286
2025-08-24 09:00:00,F1_R4,14,1,1.11,9,24,8,17.68,50.23,601.33,0.415
2025-08-24 10:00:00,F1_R4,14,1,1.11,10,24,8,18.68,52.83,688.99,0.525
2025-08-24 11:00:00,F1_R4,14,1,1.11,11,24,8,20.87,55.33,742.29,0.584
2025-08-24 12:00:00,F1_R4,14,1,1.11,12,24,8,22.66,57.31,767.42,0.617
2025-08-24 13:00:00,F1_R4,14,1,1.11,13,24,8,23.05,56.79,762.35,0.578
2025-08-24 14:00:00,F1_R4,14,1,1.11,14,24,8,23.07,56.32,757.97,0.578
2025-08-24 15:00:00,F1_R4,14,1,1.11,15,24,8,22.96,55.28,741.86,0.582
2025-08-24 16:00:00,F1_R4,14,1,1.11,16,24,8,21.52,52.55,686.92,0.516
2025-08-24 17:00:00,F1_R4,14,1,1.11,17,24,8,20.07,50.11,600.76,0.413
2025-08-24 18:00:00,F1_R4,14,1,1.11,18,24,8,19.29,46.09,508.03,0.284
2025-08-24 19:00:00,F1_R4,14,1,1.11,19,24,8,17.41,42.43,454.51,0.225
2025-08-24 20:00:00,F1_R4,14,1,1.11,20,24,8,15.83,40.7,432.65,0.208
2025-08-24 21:00:00,F1_R4,14,1,1.11,21,24,8,14.88,37.08,424.17,0.202
2025-08-24 22:00:00,F1_R4,14,1,1.11,22,24,8,14.0,34.95,421.39,0.201
2025-08-24 23:00:00,F1_R4,14,1,1.11,23,24,8,13.82,32.42,420.45,0.2
2025-08-25 00:00:00,F1_R4,14,1,1.11,0,25,8,12.82,30.5,420.02,0.2
2025-08-25 01:00:00,F1_R4,14,1,1.11,1,25,8,13.31,30.81,420.05,0.2
2025-08-25 02:00:00,F1_R4,14,1,1.11,2,25,8,13.18,32.14,420.15,0.2
2025-08-25 03:00:00,F1_R4,14,1,1.11,3,25,8,13.02,33.9,420.47,0.2
2025-08-25 04:00:00,F1_R4,14,1,1.11,4,25,8,13.11,34.8,421.38,0.201
2025-08-25 05:00:00,F1_R4,14,1,1.11,5,25,8,13.73,37.08,424.17,0.205
2025-08-25 06:00:00,F1_R4,14,1,1.11,6,25,8,14.17,40.76,432.67,0.219
2025-08-25 07:00:00,F1_R4,14,1,1.11,7,25,8,15.14,43.52,455.57,0.267
2025-08-25 08:00:00,F1_R4,14,1,1.11,8,25,8,16.16,46.31,508.57,0.411
2025-08-25 09:00:00,F1_R4,14,1,1.11,9,25,8,17.68,50.23,601.33,0.715
2025-08-25 10:00:00,F1_R4,14,1,1.11,10,25,8,18.68,52.83,688.99,1.0
2025-08-25 11:00:00,F1_R4,14,1,1.11,11,25,8,20.87,55.33,742.29,1.145
2025-08-25 12:00:00,F1_R4,14,1,1.11,12,25,8,22.66,57.31,767.42,1.205
2025-08-25 13:00:00,F1_R4,14,1,1.11,13,25,8,23.05,56.79,762.35,1.172
2025-08-25 14:00:00,F1_R4,14,1,1.11,14,25,8,23.07,56.32,757.97,1.167
2025-08-25 15:00:00,F1_R4,14,1,1.11,15,25,8,22.96,55.28,741.86,1.143
2025-08-25 16:00:00,F1_R4,14,1,1.11,16,25,8,21.52,52.55,686.92,0.991
2025-08-25 17:00:00,F1_R4,14,1,1.11,17,25,8,20.07,50.11,600.76,0.713
2025-08-25 18:00:00,F1_R4,14,1,1.11,18,25,8,19.29,46.09,508.03,0.409
2025-08-25 19:00:00,F1_R4,14,1,1.11,19,25,8,17.41,42.43,454.51,0.264
2025-08-25 20:00:00,F1_R4,14,1,1.11,20,25,8,15.83,40.7,432.65,0.219
2025-08-25 21:00:00,F1_R4,14,1,1.11,21,25,8,14.88,37.08,424.17,0.205
2025-08-25 22:00:00,F1_R4,14,1,1.11,22,25,8,14.0,34.95,421.39,0.201
2025-08-25 23:00:00,F1_R4,14,1,1.11,23,25,8,13.82,32.42,420.45,0.2
2025-08-26 00:00:00,F1_R4,14,1,1.11,0,26,8,12.82,30.5,420.02,0.2
2025-08-26 01:00:00,F1_R4,14,1,1.11,1,26,8,13.31,30.81,420.05,0.2
2025-08-26 02:00:00,F1_R4,14,1,1.11,2,26,8,13.18,32.14,420.15,0.2
2025-08-26 03:00:00,F1_R4,14,1,1.11,3,26,8,13.02,33.9,420.47,0.2
2025-08-26 04:00:00,F1_R4,14,1,1.11,4,26,8,13.11,34.8,421.38,0.201
2025-08-26 05:00:00,F1_R4,14,1,1.11,5,26,8,13.73,37.08,424.17,0.205
2025-08-26 06:00:00,F1_R4,14,1,1.11,6,26,8,14.17,40.76,432.67,0.219
2025-08-26 07:00:00,F1_R4,14,1,1.11,7,26,8,15.14,43.52,455.57,0.267
2025-08-26 08:00:00,F1_R4,14,1,1.11,8,26,8,16.16,46.31,508.57,0.411
2025-08-26 09:00:00,F1_R4,14,1,1.11,9,26,8,17.68,50.23,601.33,0.715
2025-08-26 10:00:00,F1_R4,14,1,1.11,10,26,8,18.68,52.83,688.99,1.0
2025-08-26 11:00:00,F1_R4,14,1,1.11,11,26,8,20.87,55.33,742.29,1.145
2025-08-26 12:00:00,F1_R4,14,1,1.11,12,26,8,22.66,57.31,767.42,1.205
2025-08-26 13:00:00,F1_R4,14,1,1.11,13,26,8,23.05,56.79,762.35,1.172
2025-08-26 14:00:00,F1_R4,14,1,1.11,14,26,8,23.07,56.32,757.97,1.167
2025-08-26 15:00:00,F1_R4,14,1,1.11,15,26,8,22.96,55.28,741.86,1.143
2025-08-26 16:00:00,F1_R4,14,1,1.11,16,26,8,21.52,52.55,686.92,0.991
2025-08-26 17:00:00,F1_R4,14,1,1.11,17,26,8,20.07,50.11,600.76,0.713
2025-08-26 18:00:00,F1_R4,14,1,1.11,18,26,8,19.29,46.09,508.03,0.409
2025-08-26 19:00:00,F1_R4,14,1,1.11,19,26,8,17.41,42.43,454.51,0.264
2025-08-26 20:00:00,F1_R4,14,1,1.11,20,26,8,15.83,40.7,432.65,0.219
2025-08-26 21:00:00,F1_R4,14,1,1.11,21,26,8,14.88,37.08,424.17,0.205
2025-08-26 22:00:00,F1_R4,14,1,1.11,22,26,8,14.0,34.95,421.39,0.201
2025-08-26 23:00:00,F1_R4,14,1,1.11,23,26,8,13.82,32.42,420.45,0.2
2025-08-27 00:00:00,F1_R4,14,1,1.11,0,27,8,12.82,30.5,420.02,0.2
2025-08-27 01:00:00,F1_R4,14,1,1.11,1,27,8,13.31,30.81,420.05,0.2
2025-08-27 02:00:00,F1_R4,14,1,1.11,2,27,8,13.18,32.14,420.15,0.2
2025-08-27 03:00:00,F1_R4,14,1,1.11,3,27,8,13.02,33.9,420.47,0.2
2025-08-27 04:00:00,F1_R4,14,1,1.11,4,27,8,13.11,34.8,421.38,0.201
2025-08-27 05:00:00,F1_R4,14,1,1.11,5,27,8,13.73,37.08,424.17,0.202
2025-08-27 06:00:00,F1_R4,14,1,1.11,6,27,8,14.17,40.76,432.67,0.208
2025-08-27 07:00:00,F1_R4,14,1,1.11,7,27,8,15.14,43.52,455.57,0.228
2025-08-27 08:00:00,F1_R4,14,1,1.11,8,27,8,16.16,46.31,508.57,0.286
2025-08-27 09:00:00,F1_R4,14,1,1.11,9,27,8,17.68,50.23,601.33,0.415
2025-08-27 10:00:00,F1_R4,14,1,1.11,10,27,8,18.68,52.83,688.99,0.525
2025-08-27 11:00:00,F1_R4,14,1,1.11,11,27,8,20.87,55.33,742.29,0.584
2025-08-27 12:00:00,F1_R4,14,1,1.11,12,27,8,22.66,57.31,767.42,0.617
2025-08-27 13:00:00,F1_R4,14,1,1.11,13,27,8,23.05,56.79,762.35,0.578
2025-08-27 14:00:00,F1_R4,14,1,1.11,14,27,8,23.07,56.32,757.97,0.578
2025-08-27 15:00:00,F1_R4,14,1,1.11,15,27,8,22.96,55.28,741.86,0.582
2025-08-27 16:00:00,F1_R4,14,1,1.11,16,27,8,21.52,52.55,686.92,0.516
2025-08-27 17:00:00,F1_R4,14,1,1.11,17,27,8,20.07,50.11,600.76,0.413
2025-08-27 18:00:00,F1_R4,14,1,1.11,18,27,8,19.29,46.09,508.03,0.284
2025-08-27 19:00:00,F1_R4,14,1,1.11,19,27,8,17.41,42.43,454.51,0.225
2025-08-27 20:00:00,F1_R4,14,1,1.11,20,27,8,15.83,40.7,432.65,0.208
2025-08-27 21:00:00,F1_R4,14,1,1.11,21,27,8,14.88,37.08,424.17,0.202
2025-08-27 22:00:00,F1_R4,14,1,1.11,22,27,8,14.0,34.95,421.39,0.201
2025-08-27 23:00:00,F1_R4,14,1,1.11,23,27,8,13.82,32.42,420.45,0.2
2025-08-28 00:00:00,F1_R4,14,1,1.11,0,28,8,12.82,30.5,420.02,0.2
2025-08-28 01:00:00,F1_R4,14,1,1.11,1,28,8,13.31,30.81,420.05,0.2
2025-08-28 02:00:00,F1_R4,14,1,1.11,2,28,8,13.18,32.14,420.15,0.2
2025-08-28 03:00:00,F1_R4,14,1,1.11,3,28,8,13.02,33.9,420.47,0.2
2025-08-28 04:00:00,F1_R4,14,1,1.11,4,28,8,13.11,34.8,421.38,0.201
2025-08-28 05:00:00,F1_R4,14,1,1.11,5,28,8,13.73,37.08,424.17,0.202
2025-08-28 06:00:00,F1_R4,14,1,1.11,6,28,8,14.17,40.76,432.67,0.208
2025-08-28 07:00:00,F1_R4,14,1,1.11,7,28,8,15.14,43.52,455.57,0.228
2025-08-28 08:00:00,F1_R4,14,1,1.11,8,28,8,16.16,46.31,508.57,0.286
2025-08-28 09:00:00,F1_R4,14,1,1.11,9,28,8,17.68,50.23,601.33,0.415
2025-08-28 10:00:00,F1_R4,14,1,1.11,10,28,8,18.68,52.83,688.99,0.525
2025-08-28 11:00:00,F1_R4,14,1,1.11,11,28,8,20.87,55.33,742.29,0.584
2025-08-28 12:00:00,F1_R4,14,1,1.11,12,28,8,22.66,57.31,767.42,0.617
2025-08-28 13:00:00,F1_R4,14,1,1.11,13,28,8,23.05,56.79,762.35,0.578
2025-08-28 14:00:00,F1_R4,14,1,1.11,14,28,8,23.07,56.32,757.97,0.578
2025-08-28 15:00:00,F1_R4,14,1,1.11,15,28,8,22.96,55.28,741.86,0.582
2025-08-28 16:00:00,F1_R4,14,1,1.11,16,28,8,21.52,52.55,686.92,0.516
2025-08-28 17:00:00,F1_R4,14,1,1.11,17,28,8,20.07,50.11,600.76,0.413
2025-08-28 18:00:00,F1_R4,14,1,1.11,18,28,8,19.29,46.09,508.03,0.284
2025-08-28 19:00:00,F1_R4,14,1,1.11,19,28,8,17.41,42.43,454.51,0.225
2025-08-28 20:00:00,F1_R4,14,1,1.11,20,28,8,15.83,40.7,432.65,0.208
2025-08-28 21:00:00,F1_R4,14,1,1.11,21,28,8,14.88,37.08,424.17,0.202
2025-08-28 22:00:00,F1_R4,14,1,1.11,22,28,8,14.0,34.95,421.39,0.201
2025-08-28 23:00:00,F1_R4,14,1,1.11,23,28,8,13.82,32.42,420.45,0.2
2025-08-29 00:00:00,F1_R4,14,1,1.11,0,29,8,12.82,30.5,420.02,0.2
2025-08-29 01:00:00,F1_R4,14,1,1.11,1,29,8,13.31,30.81,420.05,0.2
2025-08-29 02:00:00,F1_R4,14,1,1.11,2,29,8,13.18,32.14,420.15,0.2
2025-08-29 03:00:00,F1_R4,14,1,1.11,3,29,8,13.02,33.9,420.47,0.2
2025-08-29 04:00:00,F1_R4,14,1,1.11,4,29,8,13.11,34.8,421.38,0.201
2025-08-29 05:00:00,F1_R4,14,1,1.11,5,29,8,13.73,37.08,424.17,0.202
2025-08-29 06:00:00,F1_R4,14,1,1.11,6,29,8,14.17,40.76,432.67,0.208
2025-08-29 07:00:00,F1_R4,14,1,1.11,7,29,8,15.14,43.52,455.57,0.228
2025-08-29 08:00:00,F1_R4,14,1,1.11,8,29,8,16.16,46.31,508.57,0.286
2025-08-29 09:00:00,F1_R4,14,1,1.11,9,29,8,17.68,50.23,601.33,0.415
2025-08-29 10:00:00,F1_R4,14,1,1.11,10,29,8,18.68,52.83,688.99,0.525
2025-08-29 11:00:00,F1_R4,14,1,1.11,11,29,8,20.87,55.33,742.29,0.584
2025-08-29 12:00:00,F1_R4,14,1,1.11,12,29,8,22.66,57.31,767.42,0.617
2025-08-29 13:00:00,F1_R4,14,1,1.11,13,29,8,23.05,56.79,762.35,0.578
2025-08-29 14:00:00,F1_R4,14,1,1.11,14,29,8,23.07,56.32,757.97,0.578
2025-08-29 15:00:00,F1_R4,14,1,1.11,15,29,8,22.96,55.28,741.86,0.582
2025-08-29 16:00:00,F1_R4,14,1,1.11,16,29,8,21.52,52.55,686.92,0.516
2025-08-29 17:00:00,F1_R4,14,1,1.11,17,29,8,20.07,50.11,600.76,0.413
2025-08-29 18:00:00,F1_R4,14,1,1.11,18,29,8,19.29,46.09,508.03,0.284
2025-08-29 19:00:00,F1_R4,14,1,1.11,19,29,8,17.41,42.43,454.51,0.225
2025-08-29 20:00:00,F1_R4,14,1,1.11,20,29,8,15.83,40.7,432.65,0.208
2025-08-29 21:00:00,F1_R4,14,1,1.11,21,29,8,14.88,37.08,424.17,0.202
2025-08-29 22:00:00,F1_R4,14,1,1.11,22,29,8,14.0,34.95,421.39,0.201
2025-08-29 23:00:00,F1_R4,14,1,1.11,23,29,8,13.82,32.42,420.45,0.2
2025-08-30 00:00:00,F1_R4,14,1,1.11,0,30,8,12.82,30.5,420.02,0.2
2025-08-30 01:00:00,F1_R4,14,1,1.11,1,30,8,13.31,30.81,420.05,0.2
2025-08-30 02:00:00,F1_R4,14,1,1.11,2,30,8,13.18,32.14,420.15,0.2
2025-08-30 03:00:00,F1_R4,14,1,1.11,3,30,8,13.02,33.9,420.47,0.2
2025-08-30 04:00:00,F1_R4,14,1,1.11,4,30,8,13.11,34.8,421.38,0.201
2025-08-30 05:00:00,F1_R4,14,1,1.11,5,30,8,13.73,37.08,424.17,0.202
2025-08-30 06:00:00,F1_R4,14,1,1.11,6,30,8,14.17,40.76,432.67,0.208
2025-08-30 07:00:00,F1_R4,14,1,1.11,7,30,8,15.14,43.52,455.57,0.228
2025-08-30 08:00:00,F1_R4,14,1,1.11,8,30,8,16.16,46.31,508.57,0.286
2025-08-30 09:00:00,F1_R4,14,1,1.11,9,30,8,17.68,50.23,601.33,0.415
2025-08-30 10:00:00,F1_R4,14,1,1.11,10,30,8,18.68,52.83,688.99,0.525
2025-08-30 11:00:00,F1_R4,14,1,1.11,11,30,8,20.87,55.33,742.29,0.584
2025-08-30 12:00:00,F1_R4,14,1,1.11,12,30,8,22.66,57.31,767.42,0.617
2025-08-30 13:00:00,F1_R4,14,1,1.11,13,30,8,23.05,56.79,762.35,0.578
2025-08-30 14:00:00,F1_R4,14,1,1.11,14,30,8,23.07,56.32,757.97,0.578
2025-08-30 15:00:00,F1_R4,14,1,1.11,15,30,8,22.96,55.28,741.86,0.582
2025-08-30 16:00:00,F1_R4,14,1,1.11,16,30,8,21.52,52.55,686.92,0.516
2025-08-30 17:00:00,F1_R4,14,1,1.11,17,30,8,20.07,50.11,600.76,0.413
2025-08-30 18:00:00,F1_R4,14,1,1.11,18,30,8,19.29,46.09,508.03,0.284
2025-08-30 19:00:00,F1_R4,14,1,1.11,19,30,8,17.41,42.43,454.51,0.225
2025-08-30 20:00:00,F1_R4,14,1,1.11,20,30,8,15.83,40.7,432.65,0.208
2025-08-30 21:00:00,F1_R4,14,1,1.11,21,30,8,14.88,37.08,424.17,0.202
2025-08-30 22:00:00,F1_R4,14,1,1.11,22,30,8,14.0,34.95,421.39,0.201
2025-08-30 23:00:00,F1_R4,14,1,1.11,23,30,8,13.82,32.42,420.45,0.2
2025-08-31 00:00:00,F1_R4,14,1,1.11,0,31,8,12.82,30.5,420.02,0.2
2025-08-31 01:00:00,F1_R4,14,1,1.11,1,31,8,13.31,30.81,420.05,0.2
2025-08-31 02:00:00,F1_R4,14,1,1.11,2,31,8,13.18,32.14,420.15,0.2
2025-08-31 03:00:00,F1_R4,14,1,1.11,3,31,8,13.02,33.9,420.47,0.2
2025-08-31 04:00:00,F1_R4,14,1,1.11,4,31,8,13.11,34.8,421.38,0.201
2025-08-31 05:00:00,F1_R4,14,1,1.11,5,31,8,13.73,37.08,424.17,0.202
2025-08-31 06:00:00,F1_R4,14,1,1.11,6,31,8,14.17,40.76,432.67,0.208
2025-08-31 07:00:00,F1_R4,14,1,1.11,7,31,8,15.14,43.52,455.57,0.228
2025-08-31 08:00:00,F1_R4,14,1,1.11,8,31,8,16.16,46.31,508.57,0.286
2025-08-31 09:00:00,F1_R4,14,1,1.11,9,31,8,17.68,50.23,601.33,0.415
2025-08-31 10:00:00,F1_R4,14,1,1.11,10,31,8,18.68,52.83,688.99,0.525
2025-08-31 11:00:00,F1_R4,14,1,1.11,11,31,8,20.87,55.33,742.29,0.584
2025-08-31 12:00:00,F1_R4,14,1,1.11,12,31,8,22.66,57.31,767.42,0.617
2025-08-31 13:00:00,F1_R4,14,1,1.11,13,31,8,23.05,56.79,762.35,0.578
2025-08-31 14:00:00,F1_R4,14,1,1.11,14,31,8,23.07,56.32,757.97,0.578
2025-08-31 15:00:00,F1_R4,14,1,1.11,15,31,8,22.96,55.28,741.86,0.582
2025-08-31 16:00:00,F1_R4,14,1,1.11,16,31,8,21.52,52.55,686.92,0.516
2025-08-31 17:00:00,F1_R4,14,1,1.11,17,31,8,20.07,50.11,600.76,0.413
2025-08-31 18:00:00,F1_R4,14,1,1.11,18,31,8,19.29,46.09,508.03,0.284
2025-08-31 19:00:00,F1_R4,14,1,1.11,19,31,8,17.41,42.43,454.51,0.225
2025-08-31 20:00:00,F1_R4,14,1,1.11,20,31,8,15.83,40.7,432.65,0.208
2025-08-31 21:00:00,F1_R4,14,1,1.11,21,31,8,14.88,37.08,424.17,0.202
2025-08-31 22:00:00,F1_R4,14,1,1.11,22,31,8,14.0,34.95,421.39,0.201
2025-08-31 23:00:00,F1_R4,14,1,1.11,23,31,8,13.82,32.42,420.45,0.2
2025-09-01 00:00:00,F1_R4,14,1,1.11,0,1,9,12.82,30.5,420.02,0.2
2025-09-01 01:00:00,F1_R4,14,1,1.11,1,1,9,13.31,30.81,420.05,0.2
2025-09-01 02:00:00,F1_R4,14,1,1.11,2,1,9,13.18,32.14,420.15,0.2
2025-09-01 03:00:00,F1_R4,14,1,1.11,3,1,9,13.02,33.9,420.47,0.2
2025-09-01 04:00:00,F1_R4,14,1,1.11,4,1,9,13.11,34.8,421.38,0.201
2025-09-01 05:00:00,F1_R4,14,1,1.11,5,1,9,13.73,37.08,424.17,0.205
2025-09-01 06:00:00,F1_R4,14,1,1.11,6,1,9,14.17,40.76,432.67,0.219
2025-09-01 07:00:00,F1_R4,14,1,1.11,7,1,9,15.14,43.52,455.57,0.267
2025-09-01 08:00:00,F1_R4,14,1,1.11,8,1,9,16.16,46.31,508.57,0.411
2025-09-01 09:00:00,F1_R4,14,1,1.11,9,1,9,17.68,50.23,601.33,0.715
2025-09-01 10:00:00,F1_R4,14,1,1.11,10,1,9,18.68,52.83,688.99,1.0
2025-09-01 11:00:00,F1_R4,14,1,1.11,11,1,9,20.87,55.33,742.29,1.145
2025-09-01 12:00:00,F1_R4,14,1,1.11,12,1,9,22.66,57.31,767.42,1.205
2025-09-01 13:00:00,F1_R4,14,1,1.11,13,1,9,23.05,56.79,762.35,1.172
2025-09-01 14:00:00,F1_R4,14,1,1.11,14,1,9,23.07,56.32,757.97,1.167
2025-09-01 15:00:00,F1_R4,14,1,1.11,15,1,9,22.96,55.28,741.86,1.143
2025-09-01 16:00:00,F1_R4,14,1,1.11,16,1,9,21.52,52.55,686.92,0.991
2025-09-01 17:00:00,F1_R4,14,1,1.11,17,1,9,20.07,50.11,600.76,0.713
2025-09-01 18:00:00,F1_R4,14,1,1.11,18,1,9,19.29,46.09,508.03,0.409
2025-09-01 19:00:00,F1_R4,14,1,1.11,19,1,9,17.41,42.43,454.51,0.264
2025-09-01 20:00:00,F1_R4,14,1,1.11,20,1,9,15.83,40.7,432.65,0.219
2025-09-01 21:00:00,F1_R4,14,1,1.11,21,1,9,14.88,37.08,424.17,0.205
2025-09-01 22:00:00,F1_R4,14,1,1.11,22,1,9,14.0,34.95,421.39,0.201
2025-09-01 23:00:00,F1_R4,14,1,1.11,23,1,9,13.82,32.42,420.45,0.2
2025-09-02 00:00:00,F1_R4,14,1,1.11,0,2,9,12.82,30.5,420.02,0.2
2025-09-02 01:00:00,F1_R4,14,1,1.11,1,2,9,13.31,30.81,420.05,0.2
2025-09-02 02:00:00,F1_R4,14,1,1.11,2,2,9,13.18,32.14,420.15,0.2
2025-09-02 03:00:00,F1_R4,14,1,1.11,3,2,9,13.02,33.9,420.47,0.2
2025-09-02 04:00:00,F1_R4,14,1,1.11,4,2,9,13.11,34.8,421.38,0.201
2025-09-02 05:00:00,F1_R4,14,1,1.11,5,2,9,13.73,37.08,424.17,0.205
2025-09-02 06:00:00,F1_R4,14,1,1.11,6,2,9,14.17,40.76,432.67,0.219
2025-09-02 07:00:00,F1_R4,14,1,1.11,7,2,9,15.14,43.52,455.57,0.267
2025-09-02 08:00:00,F1_R4,14,1,1.11,8,2,9,16.16,46.31,508.57,0.411
2025-09-02 09:00:00,F1_R4,14,1,1.11,9,2,9,17.68,50.23,601.33,0.715
2025-09-02 10:00:00,F1_R4,14,1,1.11,10,2,9,18.68,52.83,688.99,1.0
2025-09-02 11:00:00,F1_R4,14,1,1.11,11,2,9,20.87,55.33,742.29,1.145
2025-09-02 12:00:00,F1_R4,14,1,1.11,12,2,9,22.66,57.31,767.42,1.205
2025-09-02 13:00:00,F1_R4,14,1,1.11,13,2,9,23.05,56.79,762.35,1.172
2025-09-02 14:00:00,F1_R4,14,1,1.11,14,2,9,23.07,56.32,757.97,1.167
2025-09-02 15:00:00,F1_R4,14,1,1.11,15,2,9,22.96,55.28,741.86,1.143
2025-09-02 16:00:00,F1_R4,14,1,1.11,16,2,9,21.52,52.55,686.92,0.991
2025-09-02 17:00:00,F1_R4,14,1,1.11,17,2,9,20.07,50.11,600.76,0.713
2025-09-02 18:00:00,F1_R4,14,1,1.11,18,2,9,19.29,46.09,508.03,0.409
2025-09-02 19:00:00,F1_R4,14,1,1.11,19,2,9,17.41,42.43,454.51,0.264
2025-09-02 20:00:00,F1_R4,14,1,1.11,20,2,9,15.83,40.7,432.65,0.219
2025-09-02 21:00:00,F1_R4,14,1,1.11,21,2,9,14.88,37.08,424.17,0.205
2025-09-02 22:00:00,F1_R4,14,1,1.11,22,2,9,14.0,34.95,421.39,0.201
2025-09-02 23:00:00,F1_R4,14,1,1.11,23,2,9,13.82,32.42,420.45,0.2
2025-09-03 00:00:00,F1_R4,14,1,1.11,0,3,9,12.82,30.5,420.02,0.2
2025-09-03 01:00:00,F1_R4,14,1,1.11,1,3,9,13.31,30.81,420.05,0.2
2025-09-03 02:00:00,F1_R4,14,1,1.11,2,3,9,13.18,32.14,420.15,0.2
2025-09-03 03:00:00,F1_R4,14,1,1.11,3,3,9,13.02,33.9,420.47,0.2
2025-09-03 04:00:00,F1_R4,14,1,1.11,4,3,9,13.11,34.8,421.38,0.201
2025-09-03 05:00:00,F1_R4,14,1,1.11,5,3,9,13.73,37.08,424.17,0.202
2025-09-03 06:00:00,F1_R4,14,1,1.11,6,3,9,14.17,40.76,432.67,0.208
2025-09-03 07:00:00,F1_R4,14,1,1.11,7,3,9,15.14,43.52,455.57,0.228
2025-09-03 08:00:00,F1_R4,14,1,1.11,8,3,9,16.16,46.31,508.57,0.286
2025-09-03 09:00:00,F1_R4,14,1,1.11,9,3,9,17.68,50.23,601.33,0.415
2025-09-03 10:00:00,F1_R4,14,1,1.11,10,3,9,18.68,52.83,688.99,0.525
2025-09-03 11:00:00,F1_R4,14,1,1.11,11,3,9,20.87,55.33,742.29,0.584
2025-09-03 12:00:00,F1_R4,14,1,1.11,12,3,9,22.66,57.31,767.42,0.617
2025-09-03 13:00:00,F1_R4,14,1,1.11,13,3,9,23.05,56.79,762.35,0.578
2025-09-03 14:00:00,F1_R4,14,1,1.11,14,3,9,23.07,56.32,757.97,0.578
2025-09-03 15:00:00,F1_R4,14,1,1.11,15,3,9,22.96,55.28,741.86,0.582
2025-09-03 16:00:00,F1_R4,14,1,1.11,16,3,9,21.52,52.55,686.92,0.516
2025-09-03 17:00:00,F1_R4,14,1,1.11,17,3,9,20.07,50.11,600.76,0.413
2025-09-03 18:00:00,F1_R4,14,1,1.11,18,3,9,19.29,46.09,508.03,0.284
2025-09-03 19:00:00,F1_R4,14,1,1.11,19,3,9,17.41,42.43,454.51,0.225
2025-09-03 20:00:00,F1_R4,14,1,1.11,20,3,9,15.83,40.7,432.65,0.208
2025-09-03 21:00:00,F1_R4,14,1,1.11,21,3,9,14.88,37.08,424.17,0.202
2025-09-03 22:00:00,F1_R4,14,1,1.11,22,3,9,14.0,34.95,421.39,0.201
2025-09-03 23:00:00,F1_R4,14,1,1.11,23,3,9,13.82,32.42,420.45,0.2
2025-09-04 00:00:00,F1_R4,14,1,1.11,0,4,9,12.82,30.5,420.02,0.2
2025-09-04 01:00:00,F1_R4,14,1,1.11,1,4,9,13.31,30.81,420.05,0.2
2025-09-04 02:00:00,F1_R4,14,1,1.11,2,4,9,13.18,32.14,420.15,0.2
2025-09-04 03:00:00,F1_R4,14,1,1.11,3,4,9,13.02,33.9,420.47,0.2
2025-09-04 04:00:00,F1_R4,14,1,1.11,4,4,9,13.11,34.8,421.38,0.201
2025-09-04 05:00:00,F1_R4,14,1,1.11,5,4,9,13.73,37.08,424.17,0.202
2025-09-04 06:00:00,F1_R4,14,1,1.11,6,4,9,14.17,40.76,432.67,0.208
2025-09-04 07:00:00,F1_R4,14,1,1.11,7,4,9,15.14,43.52,455.57,0.228
2025-09-04 08:00:00,F1_R4,14,1,1.11,8,4,9,16.16,46.31,508.57,0.286
2025-09-04 09:00:00,F1_R4,14,1,1.11,9,4,9,17.68,50.23,601.33,0.415
2025-09-04 10:00:00,F1_R4,14,1,1.11,10,4,9,18.68,52.83,688.99,0.525
2025-09-04 11:00:00,F1_R4,14,1,1.11,11,4,9,20.87,55.33,742.29,0.584
2025-09-04 12:00:00,F1_R4,14,1,1.11,12,4,9,22.66,57.31,767.42,0.617
2025-09-04 13:00:00,F1_R4,14,1,1.11,13,4,9,23.05,56.79,762.35,0.578
2025-09-04 14:00:00,F1_R4,14,1,1.11,14,4,9,23.07,56.32,757.97,0.578
2025-09-04 15:00:00,F1_R4,14,1,1.11,15,4,9,22.96,55.28,741.86,0.582
2025-09-04 16:00:00,F1_R4,14,1,1.11,16,4,9,21.52,52.55,686.92,0.516
2025-09-04 17:00:00,F1_R4,14,1,1.11,17,4,9,20.07,50.11,600.76,0.413
2025-09-04 18:00:00,F1_R4,14,1,1.11,18,4,9,19.29,46.09,508.03,0.284
2025-09-04 19:00:00,F1_R4,14,1,1.11,19,4,9,17.41,42.43,454.51,0.225
2025-09-04 20:00:00,F1_R4,14,1,1.11,20,4,9,15.83,40.7,432.65,0.208
2025-09-04 21:00:00,F1_R4,14,1,1.11,21,4,9,14.88,37.08,424.17,0.202
2025-09-04 22:00:00,F1_R4,14,1,1.11,22,4,9,14.0,34.95,421.39,0.201
2025-09-04 23:00:00,F1_R4,14,1,1.11,23,4,9,13.82,32.42,420.45,0.2
2025-09-05 00:00:00,F1_R4,14,1,1.11,0,5,9,12.82,30.5,420.02,0.2
2025-09-05 01:00:00,F1_R4,14,1,1.11,1,5,9,13.31,30.81,420.05,0.2
2025-09-05 02:00:00,F1_R4,14,1,1.11,2,5,9,13.18,32.14,420.15,0.2
2025-09-05 03:00:00,F1_R4,14,1,1.11,3,5,9,13.02,33.9,420.47,0.2
2025-09-05 04:00:00,F1_R4,14,1,1.11,4,5,9,13.11,34.8,421.38,0.201
2025-09-05 05:00:00,F1_R4,14,1,1.11,5,5,9,13.73,37.08,424.17,0.202
2025-09-05 06:00:00,F1_R4,14,1,1.11,6,5,9,14.17,40.76,432.67,0.208
2025-09-05 07:00:00,F1_R4,14,1,1.11,7,5,9,15.14,43.52,455.57,0.228
2025-09-05 08:00:00,F1_R4,14,1,1.11,8,5,9,16.16,46.31,508.57,0.286
2025-09-05 09:00:00,F1_R4,14,1,1.11,9,5,9,17.68,50.23,601.33,0.415
2025-09-05 10:00:00,F1_R4,14,1,1.11,10,5,9,18.68,52.83,688.99,0.525
2025-09-05 11:00:00,F1_R4,14,1,1.11,11,5,9,20.87,55.33,742.29,0.584
2025-09-05 12:00:00,F1_R4,14,1,1.11,12,5,9,22.66,57.31,767.42,0.617
2025-09-05 13:00:00,F1_R4,14,1,1.11,13,5,9,23.05,56.79,762.35,0.578
2025-09-05 14:00:00,F1_R4,14,1,1.11,14,5,9,23.07,56.32,757.97,0.578
2025-09-05 15:00:00,F1_R4,14,1,1.11,15,5,9,22.96,55.28,741.86,0.582
2025-09-05 16:00:00,F1_R4,14,1,1.11,16,5,9,21.52,52.55,686.92,0.516
2025-09-05 17:00:00,F1_R4,14,1,1.11,17,5,9,20.07,50.11,600.76,0.413
2025-09-05 18:00:00,F1_R4,14,1,1.11,18,5,9,19.29,46.09,508.03,0.284
2025-09-05 19:00:00,F1_R4,14,1,1.11,19,5,9,17.41,42.43,454.51,0.225
2025-09-05 20:00:00,F1_R4,14,1,1.11,20,5,9,15.83,40.7,432.65,0.208
2025-09-05 21:00:00,F1_R4,14,1,1.11,21,5,9,14.88,37.08,424.17,0.202
2025-09-05 22:00:00,F1_R4,14,1,1.11,22,5,9,14.0,34.95,421.39,0.201
2025-09-05 23:00:00,F1_R4,14,1,1.11,23,5,9,13.82,32.42,420.45,0.2
2025-09-06 00:00:00,F1_R4,14,1,1.11,0,6,9,12.82,30.5,420.02,0.2
2025-09-06 01:00:00,F1_R4,14,1,1.11,1,6,9,13.31,30.81,420.05,0.2
2025-09-06 02:00:00,F1_R4,14,1,1.11,2,6,9,13.18,32.14,420.15,0.2
2025-09-06 03:00:00,F1_R4,14,1,1.11,3,6,9,13.02,33.9,420.47,0.2
2025-09-06 04:00:00,F1_R4,14,1,1.11,4,6,9,13.11,34.8,421.38,0.201
2025-09-06 05:00:00,F1_R4,14,1,1.11,5,6,9,13.73,37.08,424.17,0.202
2025-09-06 06:00:00,F1_R4,14,1,1.11,6,6,9,14.17,40.76,432.67,0.208
2025-09-06 07:00:00,F1_R4,14,1,1.11,7,6,9,15.14,43.52,455.57,0.228
2025-09-06 08:00:00,F1_R4,14,1,1.11,8,6,9,16.16,46.31,508.57,0.286
2025-09-06 09:00:00,F1_R4,14,1,1.11,9,6,9,17.68,50.23,601.33,0.415
2025-09-06 10:00:00,F1_R4,14,1,1.11,10,6,9,18.68,52.83,688.99,0.525
2025-09-06 11:00:00,F1_R4,14,1,1.11,11,6,9,20.87,55.33,742.29,0.584
2025-09-06 12:00:00,F1_R4,14,1,1.11,12,6,9,22.66,57.31,767.42,0.617
2025-09-06 13:00:00,F1_R4,14,1,1.11,13,6,9,23.05,56.79,762.35,0.578
2025-09-06 14:00:00,F1_R4,14,1,1.11,14,6,9,23.07,56.32,757.97,0.578
2025-09-06 15:00:00,F1_R4,14,1,1.11,15,6,9,22.96,55.28,741.86,0.582
2025-09-06 16:00:00,F1_R4,14,1,1.11,16,6,9,21.52,52.55,686.92,0.516
2025-09-06 17:00:00,F1_R4,14,1,1.11,17,6,9,20.07,50.11,600.76,0.413
2025-09-06 18:00:00,F1_R4,14,1,1.11,18,6,9,19.29,46.09,508.03,0.284
2025-09-06 19:00:00,F1_R4,14,1,1.11,19,6,9,17.41,42.43,454.51,0.225
2025-09-06 20:00:00,F1_R4,14,1,1.11,20,6,9,15.83,40.7,432.65,0.208
2025-09-06 21:00:00,F1_R4,14,1,1.11,21,6,9,14.88,37.08,424.17,0.202
2025-09-06 22:00:00,F1_R4,14,1,1.11,22,6,9,14.0,34.95,421.39,0.201
2025-09-06 23:00:00,F1_R4,14,1,1.11,23,6,9,13.82,32.42,420.45,0.2
2025-09-07 00:00:00,F1_R4,14,1,1.11,0,7,9,12.82,30.5,420.02,0.2
2025-09-07 01:00:00,F1_R4,14,1,1.11,1,7,9,13.31,30.81,420.05,0.2
2025-09-07 02:00:00,F1_R4,14,1,1.11,2,7,9,13.18,32.14,420.15,0.2
2025-09-07 03:00:00,F1_R4,14,1,1.11,3,7,9,13.02,33.9,420.47,0.2
2025-09-07 04:00:00,F1_R4,14,1,1.11,4,7,9,13.11,34.8,421.38,0.201
2025-09-07 05:00:00,F1_R4,14,1,1.11,5,7,9,13.73,37.08,424.17,0.202
2025-09-07 06:00:00,F1_R4,14,1,1.11,6,7,9,14.17,40.76,432.67,0.208
2025-09-07 07:00:00,F1_R4,14,1,1.11,7,7,9,15.14,43.52,455.57,0.228
2025-09-07 08:00:00,F1_R4,14,1,1.11,8,7,9,16.16,46.31,508.57,0.286
2025-09-07 09:00:00,F1_R4,14,1,1.11,9,7,9,17.68,50.23,601.33,0.415
2025-09-07 10:00:00,F1_R4,14,1,1.11,10,7,9,18.68,52.83,688.99,0.525
2025-09-07 11:00:00,F1_R4,14,1,1.11,11,7,9,20.87,55.33,742.29,0.584
2025-09-07 12:00:00,F1_R4,14,1,1.11,12,7,9,22.66,57.31,767.42,0.617
2025-09-07 13:00:00,F1_R4,14,1,1.11,13,7,9,23.05,56.79,762.35,0.578
2025-09-07 14:00:00,F1_R4,14,1,1.11,14,7,9,23.07,56.32,757.97,0.578
2025-09-07 15:00:00,F1_R4,14,1,1.11,15,7,9,22.96,55.28,741.86,0.582
2025-09-07 16:00:00,F1_R4,14,1,1.11,16,7,9,21.52,52.55,686.92,0.516
2025-09-07 17:00:00,F1_R4,14,1,1.11,17,7,9,20.07,50.11,600.76,0.413
2025-09-07 18:00:00,F1_R4,14,1,1.11,18,7,9,19.29,46.09,508.03,0.284
2025-09-07 19:00:00,F1_R4,14,1,1.11,19,7,9,17.41,42.43,454.51,0.225
2025-09-07 20:00:00,F1_R4,14,1,1.11,20,7,9,15.83,40.7,432.65,0.208
2025-09-07 21:00:00,F1_R4,14,1,1.11,21,7,9,14.88,37.08,424.17,0.202
2025-09-07 22:00:00,F1_R4,14,1,1.11,22,7,9,14.0,34.95,421.39,0.201
2025-09-07 23:00:00,F1_R4,14,1,1.11,23,7,9,13.82,32.42,420.45,0.2
2025-09-08 00:00:00,F1_R4,14,1,1.11,0,8,9,12.82,30.5,420.02,0.2
2025-09-08 01:00:00,F1_R4,14,1,1.11,1,8,9,13.31,30.81,420.05,0.2
2025-09-08 02:00:00,F1_R4,14,1,1.11,2,8,9,13.18,32.14,420.15,0.2
2025-09-08 03:00:00,F1_R4,14,1,1.11,3,8,9,13.02,33.9,420.47,0.2
2025-09-08 04:00:00,F1_R4,14,1,1.11,4,8,9,13.11,34.8,421.38,0.201
2025-09-08 05:00:00,F1_R4,14,1,1.11,5,8,9,13.73,37.08,424.17,0.205
2025-09-08 06:00:00,F1_R4,14,1,1.11,6,8,9,14.17,40.76,432.67,0.219
2025-09-08 07:00:00,F1_R4,14,1,1.11,7,8,9,15.14,43.52,455.57,0.267
2025-09-08 08:00:00,F1_R4,14,1,1.11,8,8,9,16.16,46.31,508.57,0.411
2025-09-08 09:00:00,F1_R4,14,1,1.11,9,8,9,17.68,50.23,601.33,0.715
2025-09-08 10:00:00,F1_R4,14,1,1.11,10,8,9,18.68,52.83,688.99,1.0
2025-09-08 11:00:00,F1_R4,14,1,1.11,11,8,9,20.87,55.33,742.29,1.145
2025-09-08 12:00:00,F1_R4,14,1,1.11,12,8,9,22.66,57.31,767.42,1.205
2025-09-08 13:00:00,F1_R4,14,1,1.11,13,8,9,23.05,56.79,762.35,1.172
2025-09-08 14:00:00,F1_R4,14,1,1.11,14,8,9,23.07,56.32,757.97,1.167
2025-09-08 15:00:00,F1_R4,14,1,1.11,15,8,9,22.96,55.28,741.86,1.143
2025-09-08 16:00:00,F1_R4,14,1,1.11,16,8,9,21.52,52.55,686.92,0.991
2025-09-08 17:00:00,F1_R4,14,1,1.11,17,8,9,20.07,50.11,600.76,0.713
2025-09-08 18:00:00,F1_R4,14,1,1.11,18,8,9,19.29,46.09,508.03,0.409
2025-09-08 19:00:00,F1_R4,14,1,1.11,19,8,9,17.41,42.43,454.51,0.264
2025-09-08 20:00:00,F1_R4,14,1,1.11,20,8,9,15.83,40.7,432.65,0.219
2025-09-08 21:00:00,F1_R4,14,1,1.11,21,8,9,14.88,37.08,424.17,0.205
2025-09-08 22:00:00,F1_R4,14,1,1.11,22,8,9,14.0,34.95,421.39,0.201
2025-09-08 23:00:00,F1_R4,14,1,1.11,23,8,9,13.82,32.42,420.45,0.2
2025-09-09 00:00:00,F1_R4,14,1,1.11,0,9,9,12.82,30.5,420.02,0.2
2025-09-09 01:00:00,F1_R4,14,1,1.11,1,9,9,13.31,30.81,420.05,0.2
2025-09-09 02:00:00,F1_R4,14,1,1.11,2,9,9,13.18,32.14,420.15,0.2
2025-09-09 03:00:00,F1_R4,14,1,1.11,3,9,9,13.02,33.9,420.47,0.2
2025-09-09 04:00:00,F1_R4,14,1,1.11,4,9,9,13.11,34.8,421.38,0.201
2025-09-09 05:00:00,F1_R4,14,1,1.11,5,9,9,13.73,37.08,424.17,0.205
2025-09-09 06:00:00,F1_R4,14,1,1.11,6,9,9,14.17,40.76,432.67,0.219
2025-09-09 07:00:00,F1_R4,14,1,1.11,7,9,9,15.14,43.52,455.57,0.267
2025-09-09 08:00:00,F1_R4,14,1,1.11,8,9,9,16.16,46.31,508.57,0.411
2025-09-09 09:00:00,F1_R4,14,1,1.11,9,9,9,17.68,50.23,601.33,0.715
2025-09-09 10:00:00,F1_R4,14,1,1.11,10,9,9,18.68,52.83,688.99,1.0
2025-09-09 11:00:00,F1_R4,14,1,1.11,11,9,9,20.87,55.33,742.29,1.145
2025-09-09 12:00:00,F1_R4,14,1,1.11,12,9,9,22.66,57.31,767.42,1.205
2025-09-09 13:00:00,F1_R4,14,1,1.11,13,9,9,23.05,56.79,762.35,1.172
2025-09-09 14:00:00,F1_R4,14,1,1.11,14,9,9,23.07,56.32,757.97,1.167
2025-09-09 15:00:00,F1_R4,14,1,1.11,15,9,9,22.96,55.28,741.86,1.143
2025-09-09 16:00:00,F1_R4,14,1,1.11,16,9,9,21.52,52.55,686.92,0.991
2025-09-09 17:00:00,F1_R4,14,1,1.11,17,9,9,20.07,50.11,600.76,0.713
2025-09-09 18:00:00,F1_R4,14,1,1.11,18,9,9,19.29,46.09,508.03,0.409
2025-09-09 19:00:00,F1_R4,14,1,1.11,19,9,9,17.41,42.43,454.51,0.264
2025-09-09 20:00:00,F1_R4,14,1,1.11,20,9,9,15.83,40.7,432.65,0.219
2025-09-09 21:00:00,F1_R4,14,1,1.11,21,9,9,14.88,37.08,424.17,0.205
2025-09-09 22:00:00,F1_R4,14,1,1.11,22,9,9,14.0,34.95,421.39,0.201
2025-09-09 23:00:00,F1_R4,14,1,1.11,23,9,9,13.82,32.42,420.45,0.2
2025-09-10 00:00:00,F1_R4,14,1,1.11,0,10,9,12.82,30.5,420.02,0.2
2025-09-10 01:00:00,F1_R4,14,1,1.11,1,10,9,13.31,30.81,420.05,0.2
2025-09-10 02:00:00,F1_R4,14,1,1.11,2,10,9,13.18,32.14,420.15,0.2
2025-09-10 03:00:00,F1_R4,14,1,1.11,3,10,9,13.02,33.9,420.47,0.2
2025-09-10 04:00:00,F1_R4,14,1,1.11,4,10,9,13.11,34.8,421.38,0.201
2025-09-10 05:00:00,F1_R4,14,1,1.11,5,10,9,13.73,37.08,424.17,0.202
2025-09-10 06:00:00,F1_R4,14,1,1.11,6,10,9,14.17,40.76,432.67,0.208
2025-09-10 07:00:00,F1_R4,14,1,1.11,7,10,9,15.14,43.52,455.57,0.228
2025-09-10 08:00:00,F1_R4,14,1,1.11,8,10,9,16.16,46.31,508.57,0.286
2025-09-10 09:00:00,F1_R4,14,1,1.11,9,10,9,17.68,50.23,601.33,0.415
2025-09-10 10:00:00,F1_R4,14,1,1.11,10,10,9,18.68,52.83,688.99,0.525
2025-09-10 11:00:00,F1_R4,14,1,1.11,11,10,9,20.87,55.33,742.29,0.584
2025-09-10 12:00:00,F1_R4,14,1,1.11,12,10,9,22.66,57.31,767.42,0.617
2025-09-10 13:00:00,F1_R4,14,1,1.11,13,10,9,23.05,56.79,762.35,0.578
2025-09-10 14:00:00,F1_R4,14,1,1.11,14,10,9,23.07,56.32,757.97,0.578
2025-09-10 15:00:00,F1_R4,14,1,1.11,15,10,9,22.96,55.28,741.86,0.582
2025-09-10 16:00:00,F1_R4,14,1,1.11,16,10,9,21.52,52.55,686.92,0.516
2025-09-10 17:00:00,F1_R4,14,1,1.11,17,10,9,20.07,50.11,600.76,0.413
2025-09-10 18:00:00,F1_R4,14,1,1.11,18,10,9,19.29,46.09,508.03,0.284
2025-09-10 19:00:00,F1_R4,14,1,1.11,19,10,9,17.41,42.43,454.51,0.225
2025-09-10 20:00:00,F1_R4,14,1,1.11,20,10,9,15.83,40.7,432.65,0.208
2025-09-10 21:00:00,F1_R4,14,1,1.11,21,10,9,14.88,37.08,424.17,0.202
2025-09-10 22:00:00,F1_R4,14,1,1.11,22,10,9,14.0,34.95,421.39,0.201
2025-09-10 23:00:00,F1_R4,14,1,1.11,23,10,9,13.82,32.42,420.45,0.2
2025-09-11 00:00:00,F1_R4,14,1,1.11,0,11,9,12.82,30.5,420.02,0.2
2025-09-11 01:00:00,F1_R4,14,1,1.11,1,11,9,13.31,30.81,420.05,0.2
2025-09-11 02:00:00,F1_R4,14,1,1.11,2,11,9,13.18,32.14,420.15,0.2
2025-09-11 03:00:00,F1_R4,14,1,1.11,3,11,9,13.02,33.9,420.47,0.2
2025-09-11 04:00:00,F1_R4,14,1,1.11,4,11,9,13.11,34.8,421.38,0.201
2025-09-11 05:00:00,F1_R4,14,1,1.11,5,11,9,13.73,37.08,424.17,0.202
2025-09-11 06:00:00,F1_R4,14,1,1.11,6,11,9,14.17,40.76,432.67,0.208
2025-09-11 07:00:00,F1_R4,14,1,1.11,7,11,9,15.14,43.52,455.57,0.228
2025-09-11 08:00:00,F1_R4,14,1,1.11,8,11,9,16.16,46.31,508.57,0.286
2025-09-11 09:00:00,F1_R4,14,1,1.11,9,11,9,17.68,50.23,601.33,0.415
2025-09-11 10:00:00,F1_R4,14,1,1.11,10,11,9,18.68,52.83,688.99,0.525
2025-09-11 11:00:00,F1_R4,14,1,1.11,11,11,9,20.87,55.33,742.29,0.584
2025-09-11 12:00:00,F1_R4,14,1,1.11,12,11,9,22.66,57.31,767.42,0.617
2025-09-11 13:00:00,F1_R4,14,1,1.11,13,11,9,23.05,56.79,762.35,0.578
2025-09-11 14:00:00,F1_R4,14,1,1.11,14,11,9,23.07,56.32,757.97,0.578
2025-09-11 15:00:00,F1_R4,14,1,1.11,15,11,9,22.96,55.28,741.86,0.582
2025-09-11 16:00:00,F1_R4,14,1,1.11,16,11,9,21.52,52.55,686.92,0.516
2025-09-11 17:00:00,F1_R4,14,1,1.11,17,11,9,20.07,50.11,600.76,0.413
2025-09-11 18:00:00,F1_R4,14,1,1.11,18,11,9,19.29,46.09,508.03,0.284
2025-09-11 19:00:00,F1_R4,14,1,1.11,19,11,9,17.41,42.43,454.51,0.225
2025-09-11 20:00:00,F1_R4,14,1,1.11,20,11,9,15.83,40.7,432.65,0.208
2025-09-11 21:00:00,F1_R4,14,1,1.11,21,11,9,14.88,37.08,424.17,0.202
2025-09-11 22:00:00,F1_R4,14,1,1.11,22,11,9,14.0,34.95,421.39,0.201
2025-09-11 23:00:00,F1_R4,14,1,1.11,23,11,9,13.82,32.42,420.45,0.2
2025-09-12 00:00:00,F1_R4,14,1,1.11,0,12,9,12.82,30.5,420.02,0.2
2025-09-12 01:00:00,F1_R4,14,1,1.11,1,12,9,13.31,30.81,420.05,0.2
2025-09-12 02:00:00,F1_R4,14,1,1.11,2,12,9,13.18,32.14,420.15,0.2
2025-09-12 03:00:00,F1_R4,14,1,1.11,3,12,9,13.02,33.9,420.47,0.2
2025-09-12 04:00:00,F1_R4,14,1,1.11,4,12,9,13.11,34.8,421.38,0.201
2025-09-12 05:00:00,F1_R4,14,1,1.11,5,12,9,13.73,37.08,424.17,0.202
2025-09-12 06:00:00,F1_R4,14,1,1.11,6,12,9,14.17,40.76,432.67,0.208
2025-09-12 07:00:00,F1_R4,14,1,1.11,7,12,9,15.14,43.52,455.57,0.228
2025-09-12 08:00:00,F1_R4,14,1,1.11,8,12,9,16.16,46.31,508.57,0.286
2025-09-12 09:00:00,F1_R4,14,1,1.11,9,12,9,17.68,50.23,601.33,0.415
2025-09-12 10:00:00,F1_R4,14,1,1.11,10,12,9,18.68,52.83,688.99,0.525
2025-09-12 11:00:00,F1_R4,14,1,1.11,11,12,9,20.87,55.33,742.29,0.584
2025-09-12 12:00:00,F1_R4,14,1,1.11,12,12,9,22.66,57.31,767.42,0.617
2025-09-12 13:00:00,F1_R4,14,1,1.11,13,12,9,23.05,56.79,762.35,0.578
2025-09-12 14:00:00,F1_R4,14,1,1.11,14,12,9,23.07,56.32,757.97,0.578
2025-09-12 15:00:00,F1_R4,14,1,1.11,15,12,9,22.96,55.28,741.86,0.582
2025-09-12 16:00:00,F1_R4,14,1,1.11,16,12,9,21.52,52.55,686.92,0.516
2025-09-12 17:00:00,F1_R4,14,1,1.11,17,12,9,20.07,50.11,600.76,0.413
2025-09-12 18:00:00,F1_R4,14,1,1.11,18,12,9,19.29,46.09,508.03,0.284
2025-09-12 19:00:00,F1_R4,14,1,1.11,19,12,9,17.41,42.43,454.51,0.225
2025-09-12 20:00:00,F1_R4,14,1,1.11,20,12,9,15.83,40.7,432.65,0.208
2025-09-12 21:00:00,F1_R4,14,1,1.11,21,12,9,14.88,37.08,424.17,0.202
2025-09-12 22:00:00,F1_R4,14,1,1.11,22,12,9,14.0,34.95,421.39,0.201
2025-09-12 23:00:00,F1_R4,14,1,1.11,23,12,9,13.82,32.42,420.45,0.2
2025-09-13 00:00:00,F1_R4,14,1,1.11,0,13,9,12.82,30.5,420.02,0.2
2025-09-13 01:00:00,F1_R4,14,1,1.11,1,13,9,13.31,30.81,420.05,0.2
2025-09-13 02:00:00,F1_R4,14,1,1.11,2,13,9,13.18,32.14,420.15,0.2
2025-09-13 03:00:00,F1_R4,14,1,1.11,3,13,9,13.02,33.9,420.47,0.2
2025-09-13 04:00:00,F1_R4,14,1,1.11,4,13,9,13.11,34.8,421.38,0.201
2025-09-13 05:00:00,F1_R4,14,1,1.11,5,13,9,13.73,37.08,424.17,0.202
2025-09-13 06:00:00,F1_R4,14,1,1.11,6,13,9,14.17,40.76,432.67,0.208
2025-09-13 07:00:00,F1_R4,14,1,1.11,7,13,9,15.14,43.52,455.57,0.228
2025-09-13 08:00:00,F1_R4,14,1,1.11,8,13,9,16.16,46.31,508.57,0.286
2025-09-13 09:00:00,F1_R4,14,1,1.11,9,13,9,17.68,50.23,601.33,0.415
2025-09-13 10:00:00,F1_R4,14,1,1.11,10,13,9,18.68,52.83,688.99,0.525
2025-09-13 11:00:00,F1_R4,14,1,1.11,11,13,9,20.87,55.33,742.29,0.584
2025-09-13 12:00:00,F1_R4,14,1,1.11,12,13,9,22.66,57.31,767.42,0.617
2025-09-13 13:00:00,F1_R4,14,1,1.11,13,13,9,23.05,56.79,762.35,0.578
2025-09-13 14:00:00,F1_R4,14,1,1.11,14,13,9,23.07,56.32,757.97,0.578
2025-09-13 15:00:00,F1_R4,14,1,1.11,15,13,9,22.96,55.28,741.86,0.582
2025-09-13 16:00:00,F1_R4,14,1,1.11,16,13,9,21.52,52.55,686.92,0.516
2025-09-13 17:00:00,F1_R4,14,1,1.11,17,13,9,20.07,50.11,600.76,0.413
2025-09-13 18:00:00,F1_R4,14,1,1.11,18,13,9,19.29,46.09,508.03,0.284
2025-09-13 19:00:00,F1_R4,14,1,1.11,19,13,9,17.41,42.43,454.51,0.225
2025-09-13 20:00:00,F1_R4,14,1,1.11,20,13,9,15.83,40.7,432.65,0.208
2025-09-13 21:00:00,F1_R4,14,1,1.11,21,13,9,14.88,37.08,424.17,0.202
2025-09-13 22:00:00,F1_R4,14,1,1.11,22,13,9,14.0,34.95,421.39,0.201
2025-09-13 23:00:00,F1_R4,14,1,1.11,23,13,9,13.82,32.42,420.45,0.2
2025-09-14 00:00:00,F1_R4,14,1,1.11,0,14,9,12.82,30.5,420.02,0.2
2025-09-14 01:00:00,F1_R4,14,1,1.11,1,14,9,13.31,30.81,420.05,0.2
2025-09-14 02:00:00,F1_R4,14,1,1.11,2,14,9,13.18,32.14,420.15,0.2
2025-09-14 03:00:00,F1_R4,14,1,1.11,3,14,9,13.02,33.9,420.47,0.2
2025-09-14 04:00:00,F1_R4,14,1,1.11,4,14,9,13.11,34.8,421.38,0.201
2025-09-14 05:00:00,F1_R4,14,1,1.11,5,14,9,13.73,37.08,424.17,0.202
2025-09-14 06:00:00,F1_R4,14,1,1.11,6,14,9,14.17,40.76,432.67,0.208
2025-09-14 07:00:00,F1_R4,14,1,1.11,7,14,9,15.14,43.52,455.57,0.228
2025-09-14 08:00:00,F1_R4,14,1,1.11,8,14,9,16.16,46.31,508.57,0.286
2025-09-14 09:00:00,F1_R4,14,1,1.11,9,14,9,17.68,50.23,601.33,0.415
2025-09-14 10:00:00,F1_R4,14,1,1.11,10,14,9,18.68,52.83,688.99,0.525
2025-09-14 11:00:00,F1_R4,14,1,1.11,11,14,9,20.87,55.33,742.29,0.584
2025-09-14 12:00:00,F1_R4,14,1,1.11,12,14,9,22.66,57.31,767.42,0.617
2025-09-14 13:00:00,F1_R4,14,1,1.11,13,14,9,23.05,56.79,762.35,0.578
2025-09-14 14:00:00,F1_R4,14,1,1.11,14,14,9,23.07,56.32,757.97,0.578
2025-09-14 15:00:00,F1_R4,14,1,1.11,15,14,9,22.96,55.28,741.86,0.582
2025-09-14 16:00:00,F1_R4,14,1,1.11,16,14,9,21.52,52.55,686.92,0.516
2025-09-14 17:00:00,F1_R4,14,1,1.11,17,14,9,20.07,50.11,600.76,0.413
2025-09-14 18:00:00,F1_R4,14,1,1.11,18,14,9,19.29,46.09,508.03,0.284
2025-09-14 19:00:00,F1_R4,14,1,1.11,19,14,9,17.41,42.43,454.51,0.225
2025-09-14 20:00:00,F1_R4,14,1,1.11,20,14,9,15.83,40.7,432.65,0.208
2025-09-14 21:00:00,F1_R4,14,1,1.11,21,14,9,14.88,37.08,424.17,0.202
2025-09-14 22:00:00,F1_R4,14,1,1.11,22,14,9,14.0,34.95,421.39,0.201
2025-09-14 23:00:00,F1_R4,14,1,1.11,23,14,9,13.82,32.42,420.45,0.2
2025-09-15 00:00:00,F1_R4,14,1,1.11,0,15,9,12.82,30.5,420.02,0.2
2025-09-15 01:00:00,F1_R4,14,1,1.11,1,15,9,13.31,30.81,420.05,0.2
2025-09-15 02:00:00,F1_R4,14,1,1.11,2,15,9,13.18,32.14,420.15,0.2
2025-09-15 03:00:00,F1_R4,14,1,1.11,3,15,9,13.02,33.9,420.47,0.2
2025-09-15 04:00:00,F1_R4,14,1,1.11,4,15,9,13.11,34.8,421.38,0.201
2025-09-15 05:00:00,F1_R4,14,1,1.11,5,15,9,13.73,37.08,424.17,0.205
2025-09-15 06:00:00,F1_R4,14,1,1.11,6,15,9,14.17,40.76,432.67,0.219
2025-09-15 07:00:00,F1_R4,14,1,1.11,7,15,9,15.14,43.52,455.57,0.267
2025-09-15 08:00:00,F1_R4,14,1,1.11,8,15,9,16.16,46.31,508.57,0.411
2025-09-15 09:00:00,F1_R4,14,1,1.11,9,15,9,17.68,50.23,601.33,0.715
2025-09-15 10:00:00,F1_R4,14,1,1.11,10,15,9,18.68,52.83,688.99,1.0
2025-09-15 11:00:00,F1_R4,14,1,1.11,11,15,9,20.87,55.33,742.29,1.145
2025-09-15 12:00:00,F1_R4,14,1,1.11,12,15,9,22.66,57.31,767.42,1.205
2025-09-15 13:00:00,F1_R4,14,1,1.11,13,15,9,23.05,56.79,762.35,1.172
2025-09-15 14:00:00,F1_R4,14,1,1.11,14,15,9,23.07,56.32,757.97,1.167
2025-09-15 15:00:00,F1_R4,14,1,1.11,15,15,9,22.96,55.28,741.86,1.143
2025-09-15 16:00:00,F1_R4,14,1,1.11,16,15,9,21.52,52.55,686.92,0.991
2025-09-15 17:00:00,F1_R4,14,1,1.11,17,15,9,20.07,50.11,600.76,0.713
2025-09-15 18:00:00,F1_R4,14,1,1.11,18,15,9,19.29,46.09,508.03,0.409
2025-09-15 19:00:00,F1_R4,14,1,1.11,19,15,9,17.41,42.43,454.51,0.264
2025-09-15 20:00:00,F1_R4,14,1,1.11,20,15,9,15.83,40.7,432.65,0.219
2025-09-15 21:00:00,F1_R4,14,1,1.11,21,15,9,14.88,37.08,424.17,0.205
2025-09-15 22:00:00,F1_R4,14,1,1.11,22,15,9,14.0,34.95,421.39,0.201
2025-09-15 23:00:00,F1_R4,14,1,1.11,23,15,9,13.82,32.42,420.45,0.2
2025-09-16 00:00:00,F1_R4,14,1,1.11,0,16,9,12.82,30.5,420.02,0.2
2025-09-16 01:00:00,F1_R4,14,1,1.11,1,16,9,13.31,30.81,420.05,0.2
2025-09-16 02:00:00,F1_R4,14,1,1.11,2,16,9,13.18,32.14,420.15,0.2
2025-09-16 03:00:00,F1_R4,14,1,1.11,3,16,9,13.02,33.9,420.47,0.2
2025-09-16 04:00:00,F1_R4,14,1,1.11,4,16,9,13.11,34.8,421.38,0.201
2025-09-16 05:00:00,F1_R4,14,1,1.11,5,16,9,13.73,37.08,424.17,0.205
2025-09-16 06:00:00,F1_R4,14,1,1.11,6,16,9,14.17,40.76,432.67,0.219
2025-09-16 07:00:00,F1_R4,14,1,1.11,7,16,9,15.14,43.52,455.57,0.267
2025-09-16 08:00:00,F1_R4,14,1,1.11,8,16,9,16.16,46.31,508.57,0.411
2025-09-16 09:00:00,F1_R4,14,1,1.11,9,16,9,17.68,50.23,601.33,0.715
2025-09-16 10:00:00,F1_R4,14,1,1.11,10,16,9,18.68,52.83,688.99,1.0
2025-09-16 11:00:00,F1_R4,14,1,1.11,11,16,9,20.87,55.33,742.29,1.145
2025-09-16 12:00:00,F1_R4,14,1,1.11,12,16,9,22.66,57.31,767.42,1.205
2025-09-16 13:00:00,F1_R4,14,1,1.11,13,16,9,23.05,56.79,762.35,1.172
2025-09-16 14:00:00,F1_R4,14,1,1.11,14,16,9,23.07,56.32,757.97,1.167
2025-09-16 15:00:00,F1_R4,14,1,1.11,15,16,9,22.96,55.28,741.86,1.143
2025-09-16 16:00:00,F1_R4,14,1,1.11,16,16,9,21.52,52.55,686.92,0.991
2025-09-16 17:00:00,F1_R4,14,1,1.11,17,16,9,20.07,50.11,600.76,0.713
2025-09-16 18:00:00,F1_R4,14,1,1.11,18,16,9,19.29,46.09,508.03,0.409
2025-09-16 19:00:00,F1_R4,14,1,1.11,19,16,9,17.41,42.43,454.51,0.264
2025-09-16 20:00:00,F1_R4,14,1,1.11,20,16,9,15.83,40.7,432.65,0.219
2025-09-16 21:00:00,F1_R4,14,1,1.11,21,16,9,14.88,37.08,424.17,0.205
2025-09-16 22:00:00,F1_R4,14,1,1.11,22,16,9,14.0,34.95,421.39,0.201
2025-09-16 23:00:00,F1_R4,14,1,1.11,23,16,9,13.82,32.42,420.45,0.2
2025-09-17 00:00:00,F1_R4,14,1,1.11,0,17,9,12.82,30.5,420.02,0.2
2025-09-17 01:00:00,F1_R4,14,1,1.11,1,17,9,13.31,30.81,420.05,0.2
2025-09-17 02:00:00,F1_R4,14,1,1.11,2,17,9,13.18,32.14,420.15,0.2
2025-09-17 03:00:00,F1_R4,14,1,1.11,3,17,9,13.02,33.9,420.47,0.2
2025-09-17 04:00:00,F1_R4,14,1,1.11,4,17,9,13.11,34.8,421.38,0.201
2025-09-17 05:00:00,F1_R4,14,1,1.11,5,17,9,13.73,37.08,424.17,0.202
2025-09-17 06:00:00,F1_R4,14,1,1.11,6,17,9,14.17,40.76,432.67,0.208
2025-09-17 07:00:00,F1_R4,14,1,1.11,7,17,9,15.14,43.52,455.57,0.228
2025-09-17 08:00:00,F1_R4,14,1,1.11,8,17,9,16.16,46.31,508.57,0.286
2025-09-17 09:00:00,F1_R4,14,1,1.11,9,17,9,17.68,50.23,601.33,0.415
2025-09-17 10:00:00,F1_R4,14,1,1.11,10,17,9,18.68,52.83,688.99,0.525
2025-09-17 11:00:00,F1_R4,14,1,1.11,11,17,9,20.87,55.33,742.29,0.584
2025-09-17 12:00:00,F1_R4,14,1,1.11,12,17,9,22.66,57.31,767.42,0.617
2025-09-17 13:00:00,F1_R4,14,1,1.11,13,17,9,23.05,56.79,762.35,0.578
2025-09-17 14:00:00,F1_R4,14,1,1.11,14,17,9,23.07,56.32,757.97,0.578
2025-09-17 15:00:00,F1_R4,14,1,1.11,15,17,9,22.96,55.28,741.86,0.582
2025-09-17 16:00:00,F1_R4,14,1,1.11,16,17,9,21.52,52.55,686.92,0.516
2025-09-17 17:00:00,F1_R4,14,1,1.11,17,17,9,20.07,50.11,600.76,0.413
2025-09-17 18:00:00,F1_R4,14,1,1.11,18,17,9,19.29,46.09,508.03,0.284
2025-09-17 19:00:00,F1_R4,14,1,1.11,19,17,9,17.41,42.43,454.51,0.225
2025-09-17 20:00:00,F1_R4,14,1,1.11,20,17,9,15.83,40.7,432.65,0.208
2025-09-17 21:00:00,F1_R4,14,1,1.11,21,17,9,14.88,37.08,424.17,0.202
2025-09-17 22:00:00,F1_R4,14,1,1.11,22,17,9,14.0,34.95,421.39,0.201
2025-09-17 23:00:00,F1_R4,14,1,1.11,23,17,9,13.82,32.42,420.45,0.2
2025-09-18 00:00:00,F1_R4,14,1,1.11,0,18,9,12.82,30.5,420.02,0.2
2025-09-18 01:00:00,F1_R4,14,1,1.11,1,18,9,13.31,30.81,420.05,0.2
2025-09-18 02:00:00,F1_R4,14,1,1.11,2,18,9,13.18,32.14,420.15,0.2
2025-09-18 03:00:00,F1_R4,14,1,1.11,3,18,9,13.02,33.9,420.47,0.2
2025-09-18 04:00:00,F1_R4,14,1,1.11,4,18,9,13.11,34.8,421.38,0.201
2025-09-18 05:00:00,F1_R4,14,1,1.11,5,18,9,13.73,37.08,424.17,0.202
2025-09-18 06:00:00,F1_R4,14,1,1.11,6,18,9,14.17,40.76,432.67,0.208
2025-09-18 07:00:00,F1_R4,14,1,1.11,7,18,9,15.14,43.52,455.57,0.228
2025-09-18 08:00:00,F1_R4,14,1,1.11,8,18,9,16.16,46.31,508.57,0.286
2025-09-18 09:00:00,F1_R4,14,1,1.11,9,18,9,17.68,50.23,601.33,0.415
2025-09-18 10:00:00,F1_R4,14,1,1.11,10,18,9,18.68,52.83,688.99,0.525
2025-09-18 11:00:00,F1_R4,14,1,1.11,11,18,9,20.87,55.33,742.29,0.584
2025-09-18 12:00:00,F1_R4,14,1,1.11,12,18,9,22.66,57.31,767.42,0.617
2025-09-18 13:00:00,F1_R4,14,1,1.11,13,18,9,23.05,56.79,762.35,0.578
2025-09-18 14:00:00,F1_R4,14,1,1.11,14,18,9,23.07,56.32,757.97,0.578
2025-09-18 15:00:00,F1_R4,14,1,1.11,15,18,9,22.96,55.28,741.86,0.582
2025-09-18 16:00:00,F1_R4,14,1,1.11,16,18,9,21.52,52.55,686.92,0.516
2025-09-18 17:00:00,F1_R4,14,1,1.11,17,18,9,20.07,50.11,600.76,0.413
2025-09-18 18:00:00,F1_R4,14,1,1.11,18,18,9,19.29,46.09,508.03,0.284
2025-09-18 19:00:00,F1_R4,14,1,1.11,19,18,9,17.41,42.43,454.51,0.225
2025-09-18 20:00:00,F1_R4,14,1,1.11,20,18,9,15.83,40.7,432.65,0.208
2025-09-18 21:00:00,F1_R4,14,1,1.11,21,18,9,14.88,37.08,424.17,0.202
2025-09-18 22:00:00,F1_R4,14,1,1.11,22,18,9,14.0,34.95,421.39,0.201
2025-09-18 23:00:00,F1_R4,14,1,1.11,23,18,9,13.82,32.42,420.45,0.2
2025-09-19 00:00:00,F1_R4,14,1,1.11,0,19,9,12.82,30.5,420.02,0.2
2025-09-19 01:00:00,F1_R4,14,1,1.11,1,19,9,13.31,30.81,420.05,0.2
2025-09-19 02:00:00,F1_R4,14,1,1.11,2,19,9,13.18,32.14,420.15,0.2
2025-09-19 03:00:00,F1_R4,14,1,1.11,3,19,9,13.02,33.9,420.47,0.2
2025-09-19 04:00:00,F1_R4,14,1,1.11,4,19,9,13.11,34.8,421.38,0.201
2025-09-19 05:00:00,F1_R4,14,1,1.11,5,19,9,13.73,37.08,424.17,0.202
2025-09-19 06:00:00,F1_R4,14,1,1.11,6,19,9,14.17,40.76,432.67,0.208
2025-09-19 07:00:00,F1_R4,14,1,1.11,7,19,9,15.14,43.52,455.57,0.228
2025-09-19 08:00:00,F1_R4,14,1,1.11,8,19,9,16.16,46.31,508.57,0.286
2025-09-19 09:00:00,F1_R4,14,1,1.11,9,19,9,17.68,50.23,601.33,0.415
2025-09-19 10:00:00,F1_R4,14,1,1.11,10,19,9,18.68,52.83,688.99,0.525
2025-09-19 11:00:00,F1_R4,14,1,1.11,11,19,9,20.87,55.33,742.29,0.584
2025-09-19 12:00:00,F1_R4,14,1,1.11,12,19,9,22.66,57.31,767.42,0.617
2025-09-19 13:00:00,F1_R4,14,1,1.11,13,19,9,23.05,56.79,762.35,0.578
2025-09-19 14:00:00,F1_R4,14,1,1.11,14,19,9,23.07,56.32,757.97,0.578
2025-09-19 15:00:00,F1_R4,14,1,1.11,15,19,9,22.96,55.28,741.86,0.582
2025-09-19 16:00:00,F1_R4,14,1,1.11,16,19,9,21.52,52.55,686.92,0.516
2025-09-19 17:00:00,F1_R4,14,1,1.11,17,19,9,20.07,50.11,600.76,0.413
2025-09-19 18:00:00,F1_R4,14,1,1.11,18,19,9,19.29,46.09,508.03,0.284
2025-09-19 19:00:00,F1_R4,14,1,1.11,19,19,9,17.41,42.43,454.51,0.225
2025-09-19 20:00:00,F1_R4,14,1,1.11,20,19,9,15.83,40.7,432.65,0.208
2025-09-19 21:00:00,F1_R4,14,1,1.11,21,19,9,14.88,37.08,424.17,0.202
2025-09-19 22:00:00,F1_R4,14,1,1.11,22,19,9,14.0,34.95,421.39,0.201
2025-09-19 23:00:00,F1_R4,14,1,1.11,23,19,9,13.82,32.42,420.45,0.2
2025-09-20 00:00:00,F1_R4,14,1,1.11,0,20,9,12.82,30.5,420.02,0.2
2025-09-20 01:00:00,F1_R4,14,1,1.11,1,20,9,13.31,30.81,420.05,0.2
2025-09-20 02:00:00,F1_R4,14,1,1.11,2,20,9,13.18,32.14,420.15,0.2
2025-09-20 03:00:00,F1_R4,14,1,1.11,3,20,9,13.02,33.9,420.47,0.2
2025-09-20 04:00:00,F1_R4,14,1,1.11,4,20,9,13.11,34.8,421.38,0.201
2025-09-20 05:00:00,F1_R4,14,1,1.11,5,20,9,13.73,37.08,424.17,0.202
2025-09-20 06:00:00,F1_R4,14,1,1.11,6,20,9,14.17,40.76,432.67,0.208
2025-09-20 07:00:00,F1_R4,14,1,1.11,7,20,9,15.14,43.52,455.57,0.228
2025-09-20 08:00:00,F1_R4,14,1,1.11,8,20,9,16.16,46.31,508.57,0.286
2025-09-20 09:00:00,F1_R4,14,1,1.11,9,20,9,17.68,50.23,601.33,0.415
2025-09-20 10:00:00,F1_R4,14,1,1.11,10,20,9,18.68,52.83,688.99,0.525
2025-09-20 11:00:00,F1_R4,14,1,1.11,11,20,9,20.87,55.33,742.29,0.584
2025-09-20 12:00:00,F1_R4,14,1,1.11,12,20,9,22.66,57.31,767.42,0.617
2025-09-20 13:00:00,F1_R4,14,1,1.11,13,20,9,23.05,56.79,762.35,0.578
2025-09-20 14:00:00,F1_R4,14,1,1.11,14,20,9,23.07,56.32,757.97,0.578
2025-09-20 15:00:00,F1_R4,14,1,1.11,15,20,9,22.96,55.28,741.86,0.582
2025-09-20 16:00:00,F1_R4,14,1,1.11,16,20,9,21.52,52.55,686.92,0.516
2025-09-20 17:00:00,F1_R4,14,1,1.11,17,20,9,20.07,50.11,600.76,0.413
2025-09-20 18:00:00,F1_R4,14,1,1.11,18,20,9,19.29,46.09,508.03,0.284
2025-09-20 19:00:00,F1_R4,14,1,1.11,19,20,9,17.41,42.43,454.51,0.225
2025-09-20 20:00:00,F1_R4,14,1,1.11,20,20,9,15.83,40.7,432.65,0.208
2025-09-20 21:00:00,F1_R4,14,1,1.11,21,20,9,14.88,37.08,424.17,0.202
2025-09-20 22:00:00,F1_R4,14,1,1.11,22,20,9,14.0,34.95,421.39,0.201
2025-09-20 23:00:00,F1_R4,14,1,1.11,23,20,9,13.82,32.42,420.45,0.2
2025-09-21 00:00:00,F1_R4,14,1,1.11,0,21,9,12.82,30.5,420.02,0.2
2025-09-21 01:00:00,F1_R4,14,1,1.11,1,21,9,13.31,30.81,420.05,0.2
2025-09-21 02:00:00,F1_R4,14,1,1.11,2,21,9,13.18,32.14,420.15,0.2
2025-09-21 03:00:00,F1_R4,14,1,1.11,3,21,9,13.02,33.9,420.47,0.2
2025-09-21 04:00:00,F1_R4,14,1,1.11,4,21,9,13.11,34.8,421.38,0.201
2025-09-21 05:00:00,F1_R4,14,1,1.11,5,21,9,13.73,37.08,424.17,0.202
2025-09-21 06:00:00,F1_R4,14,1,1.11,6,21,9,14.17,40.76,432.67,0.208
2025-09-21 07:00:00,F1_R4,14,1,1.11,7,21,9,15.14,43.52,455.57,0.228
2025-09-21 08:00:00,F1_R4,14,1,1.11,8,21,9,16.16,46.31,508.57,0.286
2025-09-21 09:00:00,F1_R4,14,1,1.11,9,21,9,17.68,50.23,601.33,0.415
2025-09-21 10:00:00,F1_R4,14,1,1.11,10,21,9,18.68,52.83,688.99,0.525
2025-09-21 11:00:00,F1_R4,14,1,1.11,11,21,9,20.87,55.33,742.29,0.584
2025-09-21 12:00:00,F1_R4,14,1,1.11,12,21,9,22.66,57.31,767.42,0.617
2025-09-21 13:00:00,F1_R4,14,1,1.11,13,21,9,23.05,56.79,762.35,0.578
2025-09-21 14:00:00,F1_R4,14,1,1.11,14,21,9,23.07,56.32,757.97,0.578
2025-09-21 15:00:00,F1_R4,14,1,1.11,15,21,9,22.96,55.28,741.86,0.582
2025-09-21 16:00:00,F1_R4,14,1,1.11,16,21,9,21.52,52.55,686.92,0.516
2025-09-21 17:00:00,F1_R4,14,1,1.11,17,21,9,20.07,50.11,600.76,0.413
2025-09-21 18:00:00,F1_R4,14,1,1.11,18,21,9,19.29,46.09,508.03,0.284
2025-09-21 19:00:00,F1_R4,14,1,1.11,19,21,9,17.41,42.43,454.51,0.225
2025-09-21 20:00:00,F1_R4,14,1,1.11,20,21,9,15.83,40.7,432.65,0.208
2025-09-21 21:00:00,F1_R4,14,1,1.11,21,21,9,14.88,37.08,424.17,0.202
2025-09-21 22:00:00,F1_R4,14,1,1.11,22,21,9,14.0,34.95,421.39,0.201
2025-09-21 23:00:00,F1_R4,14,1,1.11,23,21,9,13.82,32.42,420.45,0.2
2025-09-22 00:00:00,F1_R4,14,1,1.11,0,22,9,12.82,30.5,420.02,0.2
2025-09-22 01:00:00,F1_R4,14,1,1.11,1,22,9,13.31,30.81,420.05,0.2
2025-09-22 02:00:00,F1_R4,14,1,1.11,2,22,9,13.18,32.14,420.15,0.2
2025-09-22 03:00:00,F1_R4,14,1,1.11,3,22,9,13.02,33.9,420.47,0.2
2025-09-22 04:00:00,F1_R4,14,1,1.11,4,22,9,13.11,34.8,421.38,0.201
2025-09-22 05:00:00,F1_R4,14,1,1.11,5,22,9,13.73,37.08,424.17,0.205
2025-09-22 06:00:00,F1_R4,14,1,1.11,6,22,9,14.17,40.76,432.67,0.219
2025-09-22 07:00:00,F1_R4,14,1,1.11,7,22,9,15.14,43.52,455.57,0.267
2025-09-22 08:00:00,F1_R4,14,1,1.11,8,22,9,16.16,46.31,508.57,0.411
2025-09-22 09:00:00,F1_R4,14,1,1.11,9,22,9,17.68,50.23,601.33,0.715
2025-09-22 10:00:00,F1_R4,14,1,1.11,10,22,9,18.68,52.83,688.99,1.0
2025-09-22 11:00:00,F1_R4,14,1,1.11,11,22,9,20.87,55.33,742.29,1.145
2025-09-22 12:00:00,F1_R4,14,1,1.11,12,22,9,22.66,57.31,767.42,1.205
2025-09-22 13:00:00,F1_R4,14,1,1.11,13,22,9,23.05,56.79,762.35,1.172
2025-09-22 14:00:00,F1_R4,14,1,1.11,14,22,9,23.07,56.32,757.97,1.167
2025-09-22 15:00:00,F1_R4,14,1,1.11,15,22,9,22.96,55.28,741.86,1.143
2025-09-22 16:00:00,F1_R4,14,1,1.11,16,22,9,21.52,52.55,686.92,0.991
2025-09-22 17:00:00,F1_R4,14,1,1.11,17,22,9,20.07,50.11,600.76,0.713
2025-09-22 18:00:00,F1_R4,14,1,1.11,18,22,9,19.29,46.09,508.03,0.409
2025-09-22 19:00:00,F1_R4,14,1,1.11,19,22,9,17.41,42.43,454.51,0.264
2025-09-22 20:00:00,F1_R4,14,1,1.11,20,22,9,15.83,40.7,432.65,0.219
2025-09-22 21:00:00,F1_R4,14,1,1.11,21,22,9,14.88,37.08,424.17,0.205
2025-09-22 22:00:00,F1_R4,14,1,1.11,22,22,9,14.0,34.95,421.39,0.201
2025-09-22 23:00:00,F1_R4,14,1,1.11,23,22,9,13.82,32.42,420.45,0.2
2025-09-23 00:00:00,F1_R4,14,1,1.11,0,23,9,12.82,30.5,420.02,0.2
2025-09-23 01:00:00,F1_R4,14,1,1.11,1,23,9,13.31,30.81,420.05,0.2
2025-09-23 02:00:00,F1_R4,14,1,1.11,2,23,9,13.18,32.14,420.15,0.2
2025-09-23 03:00:00,F1_R4,14,1,1.11,3,23,9,13.02,33.9,420.47,0.2
2025-09-23 04:00:00,F1_R4,14,1,1.11,4,23,9,13.11,34.8,421.38,0.201
2025-09-23 05:00:00,F1_R4,14,1,1.11,5,23,9,13.73,37.08,424.17,0.205
2025-09-23 06:00:00,F1_R4,14,1,1.11,6,23,9,14.17,40.76,432.67,0.219
2025-09-23 07:00:00,F1_R4,14,1,1.11,7,23,9,15.14,43.52,455.57,0.267
2025-09-23 08:00:00,F1_R4,14,1,1.11,8,23,9,16.16,46.31,508.57,0.411
2025-09-23 09:00:00,F1_R4,14,1,1.11,9,23,9,17.68,50.23,601.33,0.715
2025-09-23 10:00:00,F1_R4,14,1,1.11,10,23,9,18.68,52.83,688.99,1.0
2025-09-23 11:00:00,F1_R4,14,1,1.11,11,23,9,20.87,55.33,742.29,1.145
2025-09-23 12:00:00,F1_R4,14,1,1.11,12,23,9,22.66,57.31,767.42,1.205
2025-09-23 13:00:00,F1_R4,14,1,1.11,13,23,9,23.05,56.79,762.35,1.172
2025-09-23 14:00:00,F1_R4,14,1,1.11,14,23,9,23.07,56.32,757.97,1.167
2025-09-23 15:00:00,F1_R4,14,1,1.11,15,23,9,22.96,55.28,741.86,1.143
2025-09-23 16:00:00,F1_R4,14,1,1.11,16,23,9,21.52,52.55,686.92,0.991
2025-09-23 17:00:00,F1_R4,14,1,1.11,17,23,9,20.07,50.11,600.76,0.713
2025-09-23 18:00:00,F1_R4,14,1,1.11,18,23,9,19.29,46.09,508.03,0.409
2025-09-23 19:00:00,F1_R4,14,1,1.11,19,23,9,17.41,42.43,454.51,0.264
2025-09-23 20:00:00,F1_R4,14,1,1.11,20,23,9,15.83,40.7,432.65,0.219
2025-09-23 21:00:00,F1_R4,14,1,1.11,21,23,9,14.88,37.08,424.17,0.205
2025-09-23 22:00:00,F1_R4,14,1,1.11,22,23,9,14.0,34.95,421.39,0.201
2025-09-23 23:00:00,F1_R4,14,1,1.11,23,23,9,13.82,32.42,420.45,0.2
2025-09-24 00:00:00,F1_R4,14,1,1.11,0,24,9,12.82,30.5,420.02,0.2
2025-09-24 01:00:00,F1_R4,14,1,1.11,1,24,9,13.31,30.81,420.05,0.2
2025-09-24 02:00:00,F1_R4,14,1,1.11,2,24,9,13.18,32.14,420.15,0.2
2025-09-24 03:00:00,F1_R4,14,1,1.11,3,24,9,13.02,33.9,420.47,0.2
2025-09-24 04:00:00,F1_R4,14,1,1.11,4,24,9,13.11,34.8,421.38,0.201
2025-09-24 05:00:00,F1_R4,14,1,1.11,5,24,9,13.73,37.08,424.17,0.202
2025-09-24 06:00:00,F1_R4,14,1,1.11,6,24,9,14.17,40.76,432.67,0.208
2025-09-24 07:00:00,F1_R4,14,1,1.11,7,24,9,15.14,43.52,455.57,0.228
2025-09-24 08:00:00,F1_R4,14,1,1.11,8,24,9,16.16,46.31,508.57,0.286
2025-09-24 09:00:00,F1_R4,14,1,1.11,9,24,9,17.68,50.23,601.33,0.415
2025-09-24 10:00:00,F1_R4,14,1,1.11,10,24,9,18.68,52.83,688.99,0.525
2025-09-24 11:00:00,F1_R4,14,1,1.11,11,24,9,20.87,55.33,742.29,0.584
2025-09-24 12:00:00,F1_R4,14,1,1.11,12,24,9,22.66,57.31,767.42,0.617
2025-09-24 13:00:00,F1_R4,14,1,1.11,13,24,9,23.05,56.79,762.35,0.578
2025-09-24 14:00:00,F1_R4,14,1,1.11,14,24,9,23.07,56.32,757.97,0.578
2025-09-24 15:00:00,F1_R4,14,1,1.11,15,24,9,22.96,55.28,741.86,0.582
2025-09-24 16:00:00,F1_R4,14,1,1.11,16,24,9,21.52,52.55,686.92,0.516
2025-09-24 17:00:00,F1_R4,14,1,1.11,17,24,9,20.07,50.11,600.76,0.413
2025-09-24 18:00:00,F1_R4,14,1,1.11,18,24,9,19.29,46.09,508.03,0.284
2025-09-24 19:00:00,F1_R4,14,1,1.11,19,24,9,17.41,42.43,454.51,0.225
2025-09-24 20:00:00,F1_R4,14,1,1.11,20,24,9,15.83,40.7,432.65,0.208
2025-09-24 21:00:00,F1_R4,14,1,1.11,21,24,9,14.88,37.08,424.17,0.202
2025-09-24 22:00:00,F1_R4,14,1,1.11,22,24,9,14.0,34.95,421.39,0.201
2025-09-24 23:00:00,F1_R4,14,1,1.11,23,24,9,13.82,32.42,420.45,0.2
2025-09-25 00:00:00,F1_R4,14,1,1.11,0,25,9,12.82,30.5,420.02,0.2
2025-09-25 01:00:00,F1_R4,14,1,1.11,1,25,9,13.31,30.81,420.05,0.2
2025-09-25 02:00:00,F1_R4,14,1,1.11,2,25,9,13.18,32.14,420.15,0.2
2025-09-25 03:00:00,F1_R4,14,1,1.11,3,25,9,13.02,33.9,420.47,0.2
2025-09-25 04:00:00,F1_R4,14,1,1.11,4,25,9,13.11,34.8,421.38,0.201
2025-09-25 05:00:00,F1_R4,14,1,1.11,5,25,9,13.73,37.08,424.17,0.202
2025-09-25 06:00:00,F1_R4,14,1,1.11,6,25,9,14.17,40.76,432.67,0.208
2025-09-25 07:00:00,F1_R4,14,1,1.11,7,25,9,15.14,43.52,455.57,0.228
2025-09-25 08:00:00,F1_R4,14,1,1.11,8,25,9,16.16,46.31,508.57,0.286
2025-09-25 09:00:00,F1_R4,14,1,1.11,9,25,9,17.68,50.23,601.33,0.415
2025-09-25 10:00:00,F1_R4,14,1,1.11,10,25,9,18.68,52.83,688.99,0.525
2025-09-25 11:00:00,F1_R4,14,1,1.11,11,25,9,20.87,55.33,742.29,0.584
2025-09-25 12:00:00,F1_R4,14,1,1.11,12,25,9,22.66,57.31,767.42,0.617
2025-09-25 13:00:00,F1_R4,14,1,1.11,13,25,9,23.05,56.79,762.35,0.578
2025-09-25 14:00:00,F1_R4,14,1,1.11,14,25,9,23.07,56.32,757.97,0.578
2025-09-25 15:00:00,F1_R4,14,1,1.11,15,25,9,22.96,55.28,741.86,0.582
2025-09-25 16:00:00,F1_R4,14,1,1.11,16,25,9,21.52,52.55,686.92,0.516
2025-09-25 17:00:00,F1_R4,14,1,1.11,17,25,9,20.07,50.11,600.76,0.413
2025-09-25 18:00:00,F1_R4,14,1,1.11,18,25,9,19.29,46.09,508.03,0.284
2025-09-25 19:00:00,F1_R4,14,1,1.11,19,25,9,17.41,42.43,454.51,0.225
2025-09-25 20:00:00,F1_R4,14,1,1.11,20,25,9,15.83,40.7,432.65,0.208
2025-09-25 21:00:00,F1_R4,14,1,1.11,21,25,9,14.88,37.08,424.17,0.202
2025-09-25 22:00:00,F1_R4,14,1,1.11,22,25,9,14.0,34.95,421.39,0.201
2025-09-25 23:00:00,F1_R4,14,1,1.11,23,25,9,13.82,32.42,420.45,0.2
2025-09-26 00:00:00,F1_R4,14,1,1.11,0,26,9,12.82,30.5,420.02,0.2
2025-09-26 01:00:00,F1_R4,14,1,1.11,1,26,9,13.31,30.81,420.05,0.2
2025-09-26 02:00:00,F1_R4,14,1,1.11,2,26,9,13.18,32.14,420.15,0.2
2025-09-26 03:00:00,F1_R4,14,1,1.11,3,26,9,13.02,33.9,420.47,0.2
2025-09-26 04:00:00,F1_R4,14,1,1.11,4,26,9,13.11,34.8,421.38,0.201
2025-09-26 05:00:00,F1_R4,14,1,1.11,5,26,9,13.73,37.08,424.17,0.202
2025-09-26 06:00:00,F1_R4,14,1,1.11,6,26,9,14.17,40.76,432.67,0.208
2025-09-26 07:00:00,F1_R4,14,1,1.11,7,26,9,15.14,43.52,455.57,0.228
2025-09-26 08:00:00,F1_R4,14,1,1.11,8,26,9,16.16,46.31,508.57,0.286
2025-09-26 09:00:00,F1_R4,14,1,1.11,9,26,9,17.68,50.23,601.33,0.415
2025-09-26 10:00:00,F1_R4,14,1,1.11,10,26,9,18.68,52.83,688.99,0.525
2025-09-26 11:00:00,F1_R4,14,1,1.11,11,26,9,20.87,55.33,742.29,0.584
2025-09-26 12:00:00,F1_R4,14,1,1.11,12,26,9,22.66,57.31,767.42,0.617
2025-09-26 13:00:00,F1_R4,14,1,1.11,13,26,9,23.05,56.79,762.35,0.578
2025-09-26 14:00:00,F1_R4,14,1,1.11,14,26,9,23.07,56.32,757.97,0.578
2025-09-26 15:00:00,F1_R4,14,1,1.11,15,26,9,22.96,55.28,741.86,0.582
2025-09-26 16:00:00,F1_R4,14,1,1.11,16,26,9,21.52,52.55,686.92,0.516
2025-09-26 17:00:00,F1_R4,14,1,1.11,17,26,9,20.07,50.11,600.76,0.413
2025-09-26 18:00:00,F1_R4,14,1,1.11,18,26,9,19.29,46.09,508.03,0.284
2025-09-26 19:00:00,F1_R4,14,1,1.11,19,26,9,17.41,42.43,454.51,0.225
2025-09-26 20:00:00,F1_R4,14,1,1.11,20,26,9,15.83,40.7,432.65,0.208
2025-09-26 21:00:00,F1_R4,14,1,1.11,21,26,9,14.88,37.08,424.17,0.202
2025-09-26 22:00:00,F1_R4,14,1,1.11,22,26,9,14.0,34.95,421.39,0.201
2025-09-26 23:00:00,F1_R4,14,1,1.11,23,26,9,13.82,32.42,420.45,0.2
2025-09-27 00:00:00,F1_R4,14,1,1.11,0,27,9,12.82,30.5,420.02,0.2
2025-09-27 01:00:00,F1_R4,14,1,1.11,1,27,9,13.31,30.81,420.05,0.2
2025-09-27 02:00:00,F1_R4,14,1,1.11,2,27,9,13.18,32.14,420.15,0.2
2025-09-27 03:00:00,F1_R4,14,1,1.11,3,27,9,13.02,33.9,420.47,0.2
2025-09-27 04:00:00,F1_R4,14,1,1.11,4,27,9,13.11,34.8,421.38,0.201
2025-09-27 05:00:00,F1_R4,14,1,1.11,5,27,9,13.73,37.08,424.17,0.202
2025-09-27 06:00:00,F1_R4,14,1,1.11,6,27,9,14.17,40.76,432.67,0.208
2025-09-27 07:00:00,F1_R4,14,1,1.11,7,27,9,15.14,43.52,455.57,0.228
2025-09-27 08:00:00,F1_R4,14,1,1.11,8,27,9,16.16,46.31,508.57,0.286
2025-09-27 09:00:00,F1_R4,14,1,1.11,9,27,9,17.68,50.23,601.33,0.415
2025-09-27 10:00:00,F1_R4,14,1,1.11,10,27,9,18.68,52.83,688.99,0.525
2025-09-27 11:00:00,F1_R4,14,1,1.11,11,27,9,20.87,55.33,742.29,0.584
2025-09-27 12:00:00,F1_R4,14,1,1.11,12,27,9,22.66,57.31,767.42,0.617
2025-09-27 13:00:00,F1_R4,14,1,1.11,13,27,9,23.05,56.79,762.35,0.578
2025-09-27 14:00:00,F1_R4,14,1,1.11,14,27,9,23.07,56.32,757.97,0.578
2025-09-27 15:00:00,F1_R4,14,1,1.11,15,27,9,22.96,55.28,741.86,0.582
2025-09-27 16:00:00,F1_R4,14,1,1.11,16,27,9,21.52,52.55,686.92,0.516
2025-09-27 17:00:00,F1_R4,14,1,1.11,17,27,9,20.07,50.11,600.76,0.413
2025-09-27 18:00:00,F1_R4,14,1,1.11,18,27,9,19.29,46.09,508.03,0.284
2025-09-27 19:00:00,F1_R4,14,1,1.11,19,27,9,17.41,42.43,454.51,0.225
2025-09-27 20:00:00,F1_R4,14,1,1.11,20,27,9,15.83,40.7,432.65,0.208
2025-09-27 21:00:00,F1_R4,14,1,1.11,21,27,9,14.88,37.08,424.17,0.202
2025-09-27 22:00:00,F1_R4,14,1,1.11,22,27,9,14.0,34.95,421.39,0.201
2025-09-27 23:00:00,F1_R4,14,1,1.11,23,27,9,13.82,32.42,420.45,0.2
2025-09-28 00:00:00,F1_R4,14,1,1.11,0,28,9,12.82,30.5,420.02,0.2
2025-09-28 01:00:00,F1_R4,14,1,1.11,1,28,9,13.31,30.81,420.05,0.2
2025-09-28 02:00:00,F1_R4,14,1,1.11,2,28,9,13.18,32.14,420.15,0.2
2025-09-28 03:00:00,F1_R4,14,1,1.11,3,28,9,13.02,33.9,420.47,0.2
2025-09-28 04:00:00,F1_R4,14,1,1.11,4,28,9,13.11,34.8,421.38,0.201
2025-09-28 05:00:00,F1_R4,14,1,1.11,5,28,9,13.73,37.08,424.17,0.202
2025-09-28 06:00:00,F1_R4,14,1,1.11,6,28,9,14.17,40.76,432.67,0.208
2025-09-28 07:00:00,F1_R4,14,1,1.11,7,28,9,15.14,43.52,455.57,0.228
2025-09-28 08:00:00,F1_R4,14,1,1.11,8,28,9,16.16,46.31,508.57,0.286
2025-09-28 09:00:00,F1_R4,14,1,1.11,9,28,9,17.68,50.23,601.33,0.415
2025-09-28 10:00:00,F1_R4,14,1,1.11,10,28,9,18.68,52.83,688.99,0.525
2025-09-28 11:00:00,F1_R4,14,1,1.11,11,28,9,20.87,55.33,742.29,0.584
2025-09-28 12:00:00,F1_R4,14,1,1.11,12,28,9,22.66,57.31,767.42,0.617
2025-09-28 13:00:00,F1_R4,14,1,1.11,13,28,9,23.05,56.79,762.35,0.578
2025-09-28 14:00:00,F1_R4,14,1,1.11,14,28,9,23.07,56.32,757.97,0.578
2025-09-28 15:00:00,F1_R4,14,1,1.11,15,28,9,22.96,55.28,741.86,0.582
2025-09-28 16:00:00,F1_R4,14,1,1.11,16,28,9,21.52,52.55,686.92,0.516
2025-09-28 17:00:00,F1_R4,14,1,1.11,17,28,9,20.07,50.11,600.76,0.413
2025-09-28 18:00:00,F1_R4,14,1,1.11,18,28,9,19.29,46.09,508.03,0.284
2025-09-28 19:00:00,F1_R4,14,1,1.11,19,28,9,17.41,42.43,454.51,0.225
2025-09-28 20:00:00,F1_R4,14,1,1.11,20,28,9,15.83,40.7,432.65,0.208
2025-09-28 21:00:00,F1_R4,14,1,1.11,21,28,9,14.88,37.08,424.17,0.202
2025-09-28 22:00:00,F1_R4,14,1,1.11,22,28,9,14.0,34.95,421.39,0.201
2025-09-28 23:00:00,F1_R4,14,1,1.11,23,28,9,13.82,32.42,420.45,0.2
2025-09-29 00:00:00,F1_R4,14,1,1.11,0,29,9,12.82,30.5,420.02,0.2
2025-09-29 01:00:00,F1_R4,14,1,1.11,1,29,9,13.31,30.81,420.05,0.2
2025-09-29 02:00:00,F1_R4,14,1,1.11,2,29,9,13.18,32.14,420.15,0.2
2025-09-29 03:00:00,F1_R4,14,1,1.11,3,29,9,13.02,33.9,420.47,0.2
2025-09-29 04:00:00,F1_R4,14,1,1.11,4,29,9,13.11,34.8,421.38,0.201
2025-09-29 05:00:00,F1_R4,14,1,1.11,5,29,9,13.73,37.08,424.17,0.205
2025-09-29 06:00:00,F1_R4,14,1,1.11,6,29,9,14.17,40.76,432.67,0.219
2025-09-29 07:00:00,F1_R4,14,1,1.11,7,29,9,15.14,43.52,455.57,0.267
2025-09-29 08:00:00,F1_R4,14,1,1.11,8,29,9,16.16,46.31,508.57,0.411
2025-09-29 09:00:00,F1_R4,14,1,1.11,9,29,9,17.68,50.23,601.33,0.715
2025-09-29 10:00:00,F1_R4,14,1,1.11,10,29,9,18.68,52.83,688.99,1.0
2025-09-29 11:00:00,F1_R4,14,1,1.11,11,29,9,20.87,55.33,742.29,1.145
2025-09-29 12:00:00,F1_R4,14,1,1.11,12,29,9,22.66,57.31,767.42,1.205
2025-09-29 13:00:00,F1_R4,14,1,1.11,13,29,9,23.05,56.79,762.35,1.172
2025-09-29 14:00:00,F1_R4,14,1,1.11,14,29,9,23.07,56.32,757.97,1.167
2025-09-29 15:00:00,F1_R4,14,1,1.11,15,29,9,22.96,55.28,741.86,1.143
2025-09-29 16:00:00,F1_R4,14,1,1.11,16,29,9,21.52,52.55,686.92,0.991
2025-09-29 17:00:00,F1_R4,14,1,1.11,17,29,9,20.07,50.11,600.76,0.713
2025-09-29 18:00:00,F1_R4,14,1,1.11,18,29,9,19.29,46.09,508.03,0.409
2025-09-29 19:00:00,F1_R4,14,1,1.11,19,29,9,17.41,42.43,454.51,0.264
2025-09-29 20:00:00,F1_R4,14,1,1.11,20,29,9,15.83,40.7,432.65,0.219
2025-09-29 21:00:00,F1_R4,14,1,1.11,21,29,9,14.88,37.08,424.17,0.205
2025-09-29 22:00:00,F1_R4,14,1,1.11,22,29,9,14.0,34.95,421.39,0.201
2025-09-29 23:00:00,F1_R4,14,1,1.11,23,29,9,13.82,32.42,420.45,0.2
2025-09-30 00:00:00,F1_R4,14,1,1.11,0,30,9,12.82,30.5,420.02,0.2
2025-09-30 01:00:00,F1_R4,14,1,1.11,1,30,9,13.31,30.81,420.05,0.2
2025-09-30 02:00:00,F1_R4,14,1,1.11,2,30,9,13.18,32.14,420.15,0.2
2025-09-30 03:00:00,F1_R4,14,1,1.11,3,30,9,13.02,33.9,420.47,0.2
2025-09-30 04:00:00,F1_R4,14,1,1.11,4,30,9,13.11,34.8,421.38,0.201
2025-09-30 05:00:00,F1_R4,14,1,1.11,5,30,9,13.73,37.08,424.17,0.205
2025-09-30 06:00:00,F1_R4,14,1,1.11,6,30,9,14.17,40.76,432.67,0.219
2025-09-30 07:00:00,F1_R4,14,1,1.11,7,30,9,15.14,43.52,455.57,0.267
2025-09-30 08:00:00,F1_R4,14,1,1.11,8,30,9,16.16,46.31,508.57,0.411
2025-09-30 09:00:00,F1_R4,14,1,1.11,9,30,9,17.68,50.23,601.33,0.715
2025-09-30 10:00:00,F1_R4,14,1,1.11,10,30,9,18.68,52.83,688.99,1.0
2025-09-30 11:00:00,F1_R4,14,1,1.11,11,30,9,20.87,55.33,742.29,1.145
2025-09-30 12:00:00,F1_R4,14,1,1.11,12,30,9,22.66,57.31,767.42,1.205
2025-09-30 13:00:00,F1_R4,14,1,1.11,13,30,9,23.05,56.79,762.35,1.172
2025-09-30 14:00:00,F1_R4,14,1,1.11,14,30,9,23.07,56.32,757.97,1.167
2025-09-30 15:00:00,F1_R4,14,1,1.11,15,30,9,22.96,55.28,741.86,1.143
2025-09-30 16:00:00,F1_R4,14,1,1.11,16,30,9,21.52,52.55,686.92,0.991
2025-09-30 17:00:00,F1_R4,14,1,1.11,17,30,9,20.07,50.11,600.76,0.713
2025-09-30 18:00:00,F1_R4,14,1,1.11,18,30,9,19.29,46.09,508.03,0.409
2025-09-30 19:00:00,F1_R4,14,1,1.11,19,30,9,17.41,42.43,454.51,0.264
2025-09-30 20:00:00,F1_R4,14,1,1.11,20,30,9,15.83,40.7,432.65,0.219
2025-09-30 21:00:00,F1_R4,14,1,1.11,21,30,9,14.88,37.08,424.17,0.205
2025-09-30 22:00:00,F1_R4,14,1,1.11,22,30,9,14.0,34.95,421.39,0.201
2025-09-30 23:00:00,F1_R4,14,1,1.11,23,30,9,13.82,32.42,420.45,0.2
2025-10-01 00:00:00,F1_R4,14,1,1.11,0,1,10,12.82,30.5,420.02,0.2
2025-10-01 01:00:00,F1_R4,14,1,1.11,1,1,10,13.31,30.81,420.05,0.2
2025-10-01 02:00:00,F1_R4,14,1,1.11,2,1,10,13.18,32.14,420.15,0.2
2025-10-01 03:00:00,F1_R4,14,1,1.11,3,1,10,13.02,33.9,420.47,0.2
2025-10-01 04:00:00,F1_R4,14,1,1.11,4,1,10,13.11,34.8,421.38,0.201
2025-10-01 05:00:00,F1_R4,14,1,1.11,5,1,10,13.73,37.08,424.17,0.202
2025-10-01 06:00:00,F1_R4,14,1,1.11,6,1,10,14.17,40.76,432.67,0.208
2025-10-01 07:00:00,F1_R4,14,1,1.11,7,1,10,15.14,43.52,455.57,0.228
2025-10-01 08:00:00,F1_R4,14,1,1.11,8,1,10,16.16,46.31,508.57,0.286
2025-10-01 09:00:00,F1_R4,14,1,1.11,9,1,10,17.68,50.23,601.33,0.415
2025-10-01 10:00:00,F1_R4,14,1,1.11,10,1,10,18.68,52.83,688.99,0.525
2025-10-01 11:00:00,F1_R4,14,1,1.11,11,1,10,20.87,55.33,742.29,0.584
2025-10-01 12:00:00,F1_R4,14,1,1.11,12,1,10,22.66,57.31,767.42,0.617
2025-10-01 13:00:00,F1_R4,14,1,1.11,13,1,10,23.05,56.79,762.35,0.578
2025-10-01 14:00:00,F1_R4,14,1,1.11,14,1,10,23.07,56.32,757.97,0.578
2025-10-01 15:00:00,F1_R4,14,1,1.11,15,1,10,22.96,55.28,741.86,0.582
2025-10-01 16:00:00,F1_R4,14,1,1.11,16,1,10,21.52,52.55,686.92,0.516
2025-10-01 17:00:00,F1_R4,14,1,1.11,17,1,10,20.07,50.11,600.76,0.413
2025-10-01 18:00:00,F1_R4,14,1,1.11,18,1,10,19.29,46.09,508.03,0.284
2025-10-01 19:00:00,F1_R4,14,1,1.11,19,1,10,17.41,42.43,454.51,0.225
2025-10-01 20:00:00,F1_R4,14,1,1.11,20,1,10,15.83,40.7,432.65,0.208
2025-10-01 21:00:00,F1_R4,14,1,1.11,21,1,10,14.88,37.08,424.17,0.202
2025-10-01 22:00:00,F1_R4,14,1,1.11,22,1,10,14.0,34.95,421.39,0.201
2025-10-01 23:00:00,F1_R4,14,1,1.11,23,1,10,13.82,32.42,420.45,0.2
2025-10-02 00:00:00,F1_R4,14,1,1.11,0,2,10,12.82,30.5,420.02,0.2
2025-10-02 01:00:00,F1_R4,14,1,1.11,1,2,10,13.31,30.81,420.05,0.2
2025-10-02 02:00:00,F1_R4,14,1,1.11,2,2,10,13.18,32.14,420.15,0.2
2025-10-02 03:00:00,F1_R4,14,1,1.11,3,2,10,13.02,33.9,420.47,0.2
2025-10-02 04:00:00,F1_R4,14,1,1.11,4,2,10,13.11,34.8,421.38,0.201
2025-10-02 05:00:00,F1_R4,14,1,1.11,5,2,10,13.73,37.08,424.17,0.202
2025-10-02 06:00:00,F1_R4,14,1,1.11,6,2,10,14.17,40.76,432.67,0.208
2025-10-02 07:00:00,F1_R4,14,1,1.11,7,2,10,15.14,43.52,455.57,0.228
2025-10-02 08:00:00,F1_R4,14,1,1.11,8,2,10,16.16,46.31,508.57,0.286
2025-10-02 09:00:00,F1_R4,14,1,1.11,9,2,10,17.68,50.23,601.33,0.415
2025-10-02 10:00:00,F1_R4,14,1,1.11,10,2,10,18.68,52.83,688.99,0.525
2025-10-02 11:00:00,F1_R4,14,1,1.11,11,2,10,20.87,55.33,742.29,0.584
2025-10-02 12:00:00,F1_R4,14,1,1.11,12,2,10,22.66,57.31,767.42,0.617
2025-10-02 13:00:00,F1_R4,14,1,1.11,13,2,10,23.05,56.79,762.35,0.578
2025-10-02 14:00:00,F1_R4,14,1,1.11,14,2,10,23.07,56.32,757.97,0.578
2025-10-02 15:00:00,F1_R4,14,1,1.11,15,2,10,22.96,55.28,741.86,0.582
2025-10-02 16:00:00,F1_R4,14,1,1.11,16,2,10,21.52,52.55,686.92,0.516
2025-10-02 17:00:00,F1_R4,14,1,1.11,17,2,10,20.07,50.11,600.76,0.413
2025-10-02 18:00:00,F1_R4,14,1,1.11,18,2,10,19.29,46.09,508.03,0.284
2025-10-02 19:00:00,F1_R4,14,1,1.11,19,2,10,17.41,42.43,454.51,0.225
2025-10-02 20:00:00,F1_R4,14,1,1.11,20,2,10,15.83,40.7,432.65,0.208
2025-10-02 21:00:00,F1_R4,14,1,1.11,21,2,10,14.88,37.08,424.17,0.202
2025-10-02 22:00:00,F1_R4,14,1,1.11,22,2,10,14.0,34.95,421.39,0.201
2025-10-02 23:00:00,F1_R4,14,1,1.11,23,2,10,13.82,32.42,420.45,0.2
2025-10-03 00:00:00,F1_R4,14,1,1.11,0,3,10,12.82,30.5,420.02,0.2
2025-10-03 01:00:00,F1_R4,14,1,1.11,1,3,10,13.31,30.81,420.05,0.2
2025-10-03 02:00:00,F1_R4,14,1,1.11,2,3,10,13.18,32.14,420.15,0.2
2025-10-03 03:00:00,F1_R4,14,1,1.11,3,3,10,13.02,33.9,420.47,0.2
2025-10-03 04:00:00,F1_R4,14,1,1.11,4,3,10,13.11,34.8,421.38,0.201
2025-10-03 05:00:00,F1_R4,14,1,1.11,5,3,10,13.73,37.08,424.17,0.202
2025-10-03 06:00:00,F1_R4,14,1,1.11,6,3,10,14.17,40.76,432.67,0.208
2025-10-03 07:00:00,F1_R4,14,1,1.11,7,3,10,15.14,43.52,455.57,0.228
2025-10-03 08:00:00,F1_R4,14,1,1.11,8,3,10,16.16,46.31,508.57,0.286
2025-10-03 09:00:00,F1_R4,14,1,1.11,9,3,10,17.68,50.23,601.33,0.415
2025-10-03 10:00:00,F1_R4,14,1,1.11,10,3,10,18.68,52.83,688.99,0.525
2025-10-03 11:00:00,F1_R4,14,1,1.11,11,3,10,20.87,55.33,742.29,0.584
2025-10-03 12:00:00,F1_R4,14,1,1.11,12,3,10,22.66,57.31,767.42,0.617
2025-10-03 13:00:00,F1_R4,14,1,1.11,13,3,10,23.05,56.79,762.35,0.578
2025-10-03 14:00:00,F1_R4,14,1,1.11,14,3,10,23.07,56.32,757.97,0.578
2025-10-03 15:00:00,F1_R4,14,1,1.11,15,3,10,22.96,55.28,741.86,0.582
2025-10-03 16:00:00,F1_R4,14,1,1.11,16,3,10,21.52,52.55,686.92,0.516
2025-10-03 17:00:00,F1_R4,14,1,1.11,17,3,10,20.07,50.11,600.76,0.413
2025-10-03 18:00:00,F1_R4,14,1,1.11,18,3,10,19.29,46.09,508.03,0.284
2025-10-03 19:00:00,F1_R4,14,1,1.11,19,3,10,17.41,42.43,454.51,0.225
2025-10-03 20:00:00,F1_R4,14,1,1.11,20,3,10,15.83,40.7,432.65,0.208
2025-10-03 21:00:00,F1_R4,14,1,1.11,21,3,10,14.88,37.08,424.17,0.202
2025-10-03 22:00:00,F1_R4,14,1,1.11,22,3,10,14.0,34.95,421.39,0.201
2025-10-03 23:00:00,F1_R4,14,1,1.11,23,3,10,13.82,32.42,420.45,0.2
2025-10-04 00:00:00,F1_R4,14,1,1.11,0,4,10,12.82,30.5,420.02,0.2
2025-10-04 01:00:00,F1_R4,14,1,1.11,1,4,10,13.31,30.81,420.05,0.2
2025-10-04 02:00:00,F1_R4,14,1,1.11,2,4,10,13.18,32.14,420.15,0.2
2025-10-04 03:00:00,F1_R4,14,1,1.11,3,4,10,13.02,33.9,420.47,0.2
2025-10-04 04:00:00,F1_R4,14,1,1.11,4,4,10,13.11,34.8,421.38,0.201
2025-10-04 05:00:00,F1_R4,14,1,1.11,5,4,10,13.73,37.08,424.17,0.202
2025-10-04 06:00:00,F1_R4,14,1,1.11,6,4,10,14.17,40.76,432.67,0.208
2025-10-04 07:00:00,F1_R4,14,1,1.11,7,4,10,15.14,43.52,455.57,0.228
2025-10-04 08:00:00,F1_R4,14,1,1.11,8,4,10,16.16,46.31,508.57,0.286
2025-10-04 09:00:00,F1_R4,14,1,1.11,9,4,10,17.68,50.23,601.33,0.415
2025-10-04 10:00:00,F1_R4,14,1,1.11,10,4,10,18.68,52.83,688.99,0.525
2025-10-04 11:00:00,F1_R4,14,1,1.11,11,4,10,20.87,55.33,742.29,0.584
2025-10-04 12:00:00,F1_R4,14,1,1.11,12,4,10,22.66,57.31,767.42,0.617
2025-10-04 13:00:00,F1_R4,14,1,1.11,13,4,10,23.05,56.79,762.35,0.578
2025-10-04 14:00:00,F1_R4,14,1,1.11,14,4,10,23.07,56.32,757.97,0.578
2025-10-04 15:00:00,F1_R4,14,1,1.11,15,4,10,22.96,55.28,741.86,0.582
2025-10-04 16:00:00,F1_R4,14,1,1.11,16,4,10,21.52,52.55,686.92,0.516
2025-10-04 17:00:00,F1_R4,14,1,1.11,17,4,10,20.07,50.11,600.76,0.413
2025-10-04 18:00:00,F1_R4,14,1,1.11,18,4,10,19.29,46.09,508.03,0.284
2025-10-04 19:00:00,F1_R4,14,1,1.11,19,4,10,17.41,42.43,454.51,0.225
2025-10-04 20:00:00,F1_R4,14,1,1.11,20,4,10,15.83,40.7,432.65,0.208
2025-10-04 21:00:00,F1_R4,14,1,1.11,21,4,10,14.88,37.08,424.17,0.202
2025-10-04 22:00:00,F1_R4,14,1,1.11,22,4,10,14.0,34.95,421.39,0.201
2025-10-04 23:00:00,F1_R4,14,1,1.11,23,4,10,13.82,32.42,420.45,0.2
2025-10-05 00:00:00,F1_R4,14,1,1.11,0,5,10,12.82,30.5,420.02,0.2
2025-10-05 01:00:00,F1_R4,14,1,1.11,1,5,10,13.31,30.81,420.05,0.2
2025-10-05 02:00:00,F1_R4,14,1,1.11,2,5,10,13.18,32.14,420.15,0.2
2025-10-05 03:00:00,F1_R4,14,1,1.11,3,5,10,13.02,33.9,420.47,0.2
2025-10-05 04:00:00,F1_R4,14,1,1.11,4,5,10,13.11,34.8,421.38,0.201
2025-10-05 05:00:00,F1_R4,14,1,1.11,5,5,10,13.73,37.08,424.17,0.202
2025-10-05 06:00:00,F1_R4,14,1,1.11,6,5,10,14.17,40.76,432.67,0.208
2025-10-05 07:00:00,F1_R4,14,1,1.11,7,5,10,15.14,43.52,455.57,0.228
2025-10-05 08:00:00,F1_R4,14,1,1.11,8,5,10,16.16,46.31,508.57,0.286
2025-10-05 09:00:00,F1_R4,14,1,1.11,9,5,10,17.68,50.23,601.33,0.415
2025-10-05 10:00:00,F1_R4,14,1,1.11,10,5,10,18.68,52.83,688.99,0.525
2025-10-05 11:00:00,F1_R4,14,1,1.11,11,5,10,20.87,55.33,742.29,0.584
2025-10-05 12:00:00,F1_R4,14,1,1.11,12,5,10,22.66,57.31,767.42,0.617
2025-10-05 13:00:00,F1_R4,14,1,1.11,13,5,10,23.05,56.79,762.35,0.578
2025-10-05 14:00:00,F1_R4,14,1,1.11,14,5,10,23.07,56.32,757.97,0.578
2025-10-05 15:00:00,F1_R4,14,1,1.11,15,5,10,22.96,55.28,741.86,0.582
2025-10-05 16:00:00,F1_R4,14,1,1.11,16,5,10,21.52,52.55,686.92,0.516
2025-10-05 17:00:00,F1_R4,14,1,1.11,17,5,10,20.07,50.11,600.76,0.413
2025-10-05 18:00:00,F1_R4,14,1,1.11,18,5,10,19.29,46.09,508.03,0.284
2025-10-05 19:00:00,F1_R4,14,1,1.11,19,5,10,17.41,42.43,454.51,0.225
2025-10-05 20:00:00,F1_R4,14,1,1.11,20,5,10,15.83,40.7,432.65,0.208
2025-10-05 21:00:00,F1_R4,14,1,1.11,21,5,10,14.88,37.08,424.17,0.202
2025-10-05 22:00:00,F1_R4,14,1,1.11,22,5,10,14.0,34.95,421.39,0.201
2025-10-05 23:00:00,F1_R4,14,1,1.11,23,5,10,13.82,32.42,420.45,0.2
2025-10-06 00:00:00,F1_R4,14,1,1.11,0,6,10,12.82,30.5,420.02,0.2
2025-10-06 01:00:00,F1_R4,14,1,1.11,1,6,10,13.31,30.81,420.05,0.2
2025-10-06 02:00:00,F1_R4,14,1,1.11,2,6,10,13.18,32.14,420.15,0.2
2025-10-06 03:00:00,F1_R4,14,1,1.11,3,6,10,13.02,33.9,420.47,0.2
2025-10-06 04:00:00,F1_R4,14,1,1.11,4,6,10,13.11,34.8,421.38,0.201
2025-10-06 05:00:00,F1_R4,14,1,1.11,5,6,10,13.73,37.08,424.17,0.205
2025-10-06 06:00:00,F1_R4,14,1,1.11,6,6,10,14.17,40.76,432.67,0.219
2025-10-06 07:00:00,F1_R4,14,1,1.11,7,6,10,15.14,43.52,455.57,0.267
2025-10-06 08:00:00,F1_R4,14,1,1.11,8,6,10,16.16,46.31,508.57,0.411
2025-10-06 09:00:00,F1_R4,14,1,1.11,9,6,10,17.68,50.23,601.33,0.715
2025-10-06 10:00:00,F1_R4,14,1,1.11,10,6,10,18.68,52.83,688.99,1.0
2025-10-06 11:00:00,F1_R4,14,1,1.11,11,6,10,20.87,55.33,742.29,1.145
2025-10-06 12:00:00,F1_R4,14,1,1.11,12,6,10,22.66,57.31,767.42,1.205
2025-10-06 13:00:00,F1_R4,14,1,1.11,13,6,10,23.05,56.79,762.35,1.172
2025-10-06 14:00:00,F1_R4,14,1,1.11,14,6,10,23.07,56.32,757.97,1.167
2025-10-06 15:00:00,F1_R4,14,1,1.11,15,6,10,22.96,55.28,741.86,1.143
2025-10-06 16:00:00,F1_R4,14,1,1.11,16,6,10,21.52,52.55,686.92,0.991
2025-10-06 17:00:00,F1_R4,14,1,1.11,17,6,10,20.07,50.11,600.76,0.713
2025-10-06 18:00:00,F1_R4,14,1,1.11,18,6,10,19.29,46.09,508.03,0.409
2025-10-06 19:00:00,F1_R4,14,1,1.11,19,6,10,17.41,42.43,454.51,0.264
2025-10-06 20:00:00,F1_R4,14,1,1.11,20,6,10,15.83,40.7,432.65,0.219
2025-10-06 21:00:00,F1_R4,14,1,1.11,21,6,10,14.88,37.08,424.17,0.205
2025-10-06 22:00:00,F1_R4,14,1,1.11,22,6,10,14.0,34.95,421.39,0.201
2025-10-06 23:00:00,F1_R4,14,1,1.11,23,6,10,13.82,32.42,420.45,0.2
2025-10-07 00:00:00,F1_R4,14,1,1.11,0,7,10,12.82,30.5,420.02,0.2
2025-10-07 01:00:00,F1_R4,14,1,1.11,1,7,10,13.31,30.81,420.05,0.2
2025-10-07 02:00:00,F1_R4,14,1,1.11,2,7,10,13.18,32.14,420.15,0.2
2025-10-07 03:00:00,F1_R4,14,1,1.11,3,7,10,13.02,33.9,420.47,0.2
2025-10-07 04:00:00,F1_R4,14,1,1.11,4,7,10,13.11,34.8,421.38,0.201
2025-10-07 05:00:00,F1_R4,14,1,1.11,5,7,10,13.73,37.08,424.17,0.205
2025-10-07 06:00:00,F1_R4,14,1,1.11,6,7,10,14.17,40.76,432.67,0.219
2025-10-07 07:00:00,F1_R4,14,1,1.11,7,7,10,15.14,43.52,455.57,0.267
2025-10-07 08:00:00,F1_R4,14,1,1.11,8,7,10,16.16,46.31,508.57,0.411
2025-10-07 09:00:00,F1_R4,14,1,1.11,9,7,10,17.68,50.23,601.33,0.715
2025-10-07 10:00:00,F1_R4,14,1,1.11,10,7,10,18.68,52.83,688.99,1.0
2025-10-07 11:00:00,F1_R4,14,1,1.11,11,7,10,20.87,55.33,742.29,1.145
2025-10-07 12:00:00,F1_R4,14,1,1.11,12,7,10,22.66,57.31,767.42,1.205
2025-10-07 13:00:00,F1_R4,14,1,1.11,13,7,10,23.05,56.79,762.35,1.172
2025-10-07 14:00:00,F1_R4,14,1,1.11,14,7,10,23.07,56.32,757.97,1.167
2025-10-07 15:00:00,F1_R4,14,1,1.11,15,7,10,22.96,55.28,741.86,1.143
2025-10-07 16:00:00,F1_R4,14,1,1.11,16,7,10,21.52,52.55,686.92,0.991
2025-10-07 17:00:00,F1_R4,14,1,1.11,17,7,10,20.07,50.11,600.76,0.713
2025-10-07 18:00:00,F1_R4,14,1,1.11,18,7,10,19.29,46.09,508.03,0.409
2025-10-07 19:00:00,F1_R4,14,1,1.11,19,7,10,17.41,42.43,454.51,0.264
2025-10-07 20:00:00,F1_R4,14,1,1.11,20,7,10,15.83,40.7,432.65,0.219
2025-10-07 21:00:00,F1_R4,14,1,1.11,21,7,10,14.88,37.08,424.17,0.205
2025-10-07 22:00:00,F1_R4,14,1,1.11,22,7,10,14.0,34.95,421.39,0.201
2025-10-07 23:00:00,F1_R4,14,1,1.11,23,7,10,13.82,32.42,420.45,0.2
2025-10-08 00:00:00,F1_R4,14,1,1.11,0,8,10,12.82,30.5,420.02,0.2
2025-10-08 01:00:00,F1_R4,14,1,1.11,1,8,10,13.31,30.81,420.05,0.2
2025-10-08 02:00:00,F1_R4,14,1,1.11,2,8,10,13.18,32.14,420.15,0.2
2025-10-08 03:00:00,F1_R4,14,1,1.11,3,8,10,13.02,33.9,420.47,0.2
2025-10-08 04:00:00,F1_R4,14,1,1.11,4,8,10,13.11,34.8,421.38,0.201
2025-10-08 05:00:00,F1_R4,14,1,1.11,5,8,10,13.73,37.08,424.17,0.202
2025-10-08 06:00:00,F1_R4,14,1,1.11,6,8,10,14.17,40.76,432.67,0.208
2025-10-08 07:00:00,F1_R4,14,1,1.11,7,8,10,15.14,43.52,455.57,0.228
2025-10-08 08:00:00,F1_R4,14,1,1.11,8,8,10,16.16,46.31,508.57,0.286
2025-10-08 09:00:00,F1_R4,14,1,1.11,9,8,10,17.68,50.23,601.33,0.415
2025-10-08 10:00:00,F1_R4,14,1,1.11,10,8,10,18.68,52.83,688.99,0.525
2025-10-08 11:00:00,F1_R4,14,1,1.11,11,8,10,20.87,55.33,742.29,0.584
2025-10-08 12:00:00,F1_R4,14,1,1.11,12,8,10,22.66,57.31,767.42,0.617
2025-10-08 13:00:00,F1_R4,14,1,1.11,13,8,10,23.05,56.79,762.35,0.578
2025-10-08 14:00:00,F1_R4,14,1,1.11,14,8,10,23.07,56.32,757.97,0.578
2025-10-08 15:00:00,F1_R4,14,1,1.11,15,8,10,22.96,55.28,741.86,0.582
2025-10-08 16:00:00,F1_R4,14,1,1.11,16,8,10,21.52,52.55,686.92,0.516
2025-10-08 17:00:00,F1_R4,14,1,1.11,17,8,10,20.07,50.11,600.76,0.413
2025-10-08 18:00:00,F1_R4,14,1,1.11,18,8,10,19.29,46.09,508.03,0.284
2025-10-08 19:00:00,F1_R4,14,1,1.11,19,8,10,17.41,42.43,454.51,0.225
2025-10-08 20:00:00,F1_R4,14,1,1.11,20,8,10,15.83,40.7,432.65,0.208
2025-10-08 21:00:00,F1_R4,14,1,1.11,21,8,10,14.88,37.08,424.17,0.202
2025-10-08 22:00:00,F1_R4,14,1,1.11,22,8,10,14.0,34.95,421.39,0.201
2025-10-08 23:00:00,F1_R4,14,1,1.11,23,8,10,13.82,32.42,420.45,0.2
2025-10-09 00:00:00,F1_R4,14,1,1.11,0,9,10,12.82,30.5,420.02,0.2
2025-10-09 01:00:00,F1_R4,14,1,1.11,1,9,10,13.31,30.81,420.05,0.2
2025-10-09 02:00:00,F1_R4,14,1,1.11,2,9,10,13.18,32.14,420.15,0.2
2025-10-09 03:00:00,F1_R4,14,1,1.11,3,9,10,13.02,33.9,420.47,0.2
2025-10-09 04:00:00,F1_R4,14,1,1.11,4,9,10,13.11,34.8,421.38,0.201
2025-10-09 05:00:00,F1_R4,14,1,1.11,5,9,10,13.73,37.08,424.17,0.202
2025-10-09 06:00:00,F1_R4,14,1,1.11,6,9,10,14.17,40.76,432.67,0.208
2025-10-09 07:00:00,F1_R4,14,1,1.11,7,9,10,15.14,43.52,455.57,0.228
2025-10-09 08:00:00,F1_R4,14,1,1.11,8,9,10,16.16,46.31,508.57,0.286
2025-10-09 09:00:00,F1_R4,14,1,1.11,9,9,10,17.68,50.23,601.33,0.415
2025-10-09 10:00:00,F1_R4,14,1,1.11,10,9,10,18.68,52.83,688.99,0.525
2025-10-09 11:00:00,F1_R4,14,1,1.11,11,9,10,20.87,55.33,742.29,0.584
2025-10-09 12:00:00,F1_R4,14,1,1.11,12,9,10,22.66,57.31,767.42,0.617
2025-10-09 13:00:00,F1_R4,14,1,1.11,13,9,10,23.05,56.79,762.35,0.578
2025-10-09 14:00:00,F1_R4,14,1,1.11,14,9,10,23.07,56.32,757.97,0.578
2025-10-09 15:00:00,F1_R4,14,1,1.11,15,9,10,22.96,55.28,741.86,0.582
2025-10-09 16:00:00,F1_R4,14,1,1.11,16,9,10,21.52,52.55,686.92,0.516
2025-10-09 17:00:00,F1_R4,14,1,1.11,17,9,10,20.07,50.11,600.76,0.413
2025-10-09 18:00:00,F1_R4,14,1,1.11,18,9,10,19.29,46.09,508.03,0.284
2025-10-09 19:00:00,F1_R4,14,1,1.11,19,9,10,17.41,42.43,454.51,0.225
2025-10-09 20:00:00,F1_R4,14,1,1.11,20,9,10,15.83,40.7,432.65,0.208
2025-10-09 21:00:00,F1_R4,14,1,1.11,21,9,10,14.88,37.08,424.17,0.202
2025-10-09 22:00:00,F1_R4,14,1,1.11,22,9,10,14.0,34.95,421.39,0.201
2025-10-09 23:00:00,F1_R4,14,1,1.11,23,9,10,13.82,32.42,420.45,0.2
2025-10-10 00:00:00,F1_R4,14,1,1.11,0,10,10,12.82,30.5,420.02,0.2
2025-10-10 01:00:00,F1_R4,14,1,1.11,1,10,10,13.31,30.81,420.05,0.2
2025-10-10 02:00:00,F1_R4,14,1,1.11,2,10,10,13.18,32.14,420.15,0.2
2025-10-10 03:00:00,F1_R4,14,1,1.11,3,10,10,13.02,33.9,420.47,0.2
2025-10-10 04:00:00,F1_R4,14,1,1.11,4,10,10,13.11,34.8,421.38,0.201
2025-10-10 05:00:00,F1_R4,14,1,1.11,5,10,10,13.73,37.08,424.17,0.202
2025-10-10 06:00:00,F1_R4,14,1,1.11,6,10,10,14.17,40.76,432.67,0.208
2025-10-10 07:00:00,F1_R4,14,1,1.11,7,10,10,15.14,43.52,455.57,0.228
2025-10-10 08:00:00,F1_R4,14,1,1.11,8,10,10,16.16,46.31,508.57,0.286
2025-10-10 09:00:00,F1_R4,14,1,1.11,9,10,10,17.68,50.23,601.33,0.415
2025-10-10 10:00:00,F1_R4,14,1,1.11,10,10,10,18.68,52.83,688.99,0.525
2025-10-10 11:00:00,F1_R4,14,1,1.11,11,10,10,20.87,55.33,742.29,0.584
2025-10-10 12:00:00,F1_R4,14,1,1.11,12,10,10,22.66,57.31,767.42,0.617
2025-10-10 13:00:00,F1_R4,14,1,1.11,13,10,10,23.05,56.79,762.35,0.578
2025-10-10 14:00:00,F1_R4,14,1,1.11,14,10,10,23.07,56.32,757.97,0.578
2025-10-10 15:00:00,F1_R4,14,1,1.11,15,10,10,22.96,55.28,741.86,0.582
2025-10-10 16:00:00,F1_R4,14,1,1.11,16,10,10,21.52,52.55,686.92,0.516
2025-10-10 17:00:00,F1_R4,14,1,1.11,17,10,10,20.07,50.11,600.76,0.413
2025-10-10 18:00:00,F1_R4,14,1,1.11,18,10,10,19.29,46.09,508.03,0.284
2025-10-10 19:00:00,F1_R4,14,1,1.11,19,10,10,17.41,42.43,454.51,0.225
2025-10-10 20:00:00,F1_R4,14,1,1.11,20,10,10,15.83,40.7,432.65,0.208
2025-10-10 21:00:00,F1_R4,14,1,1.11,21,10,10,14.88,37.08,424.17,0.202
2025-10-10 22:00:00,F1_R4,14,1,1.11,22,10,10,14.0,34.95,421.39,0.201
2025-10-10 23:00:00,F1_R4,14,1,1.11,23,10,10,13.82,32.42,420.45,0.2
2025-10-11 00:00:00,F1_R4,14,1,1.11,0,11,10,12.82,30.5,420.02,0.2
2025-10-11 01:00:00,F1_R4,14,1,1.11,1,11,10,13.31,30.81,420.05,0.2
2025-10-11 02:00:00,F1_R4,14,1,1.11,2,11,10,13.18,32.14,420.15,0.2
2025-10-11 03:00:00,F1_R4,14,1,1.11,3,11,10,13.02,33.9,420.47,0.2
2025-10-11 04:00:00,F1_R4,14,1,1.11,4,11,10,13.11,34.8,421.38,0.201
2025-10-11 05:00:00,F1_R4,14,1,1.11,5,11,10,13.73,37.08,424.17,0.202
2025-10-11 06:00:00,F1_R4,14,1,1.11,6,11,10,14.17,40.76,432.67,0.208
2025-10-11 07:00:00,F1_R4,14,1,1.11,7,11,10,15.14,43.52,455.57,0.228
2025-10-11 08:00:00,F1_R4,14,1,1.11,8,11,10,16.16,46.31,508.57,0.286
2025-10-11 09:00:00,F1_R4,14,1,1.11,9,11,10,17.68,50.23,601.33,0.415
2025-10-11 10:00:00,F1_R4,14,1,1.11,10,11,10,18.68,52.83,688.99,0.525
2025-10-11 11:00:00,F1_R4,14,1,1.11,11,11,10,20.87,55.33,742.29,0.584
2025-10-11 12:00:00,F1_R4,14,1,1.11,12,11,10,22.66,57.31,767.42,0.617
2025-10-11 13:00:00,F1_R4,14,1,1.11,13,11,10,23.05,56.79,762.35,0.578
2025-10-11 14:00:00,F1_R4,14,1,1.11,14,11,10,23.07,56.32,757.97,0.578
2025-10-11 15:00:00,F1_R4,14,1,1.11,15,11,10,22.96,55.28,741.86,0.582
2025-10-11 16:00:00,F1_R4,14,1,1.11,16,11,10,21.52,52.55,686.92,0.516
2025-10-11 17:00:00,F1_R4,14,1,1.11,17,11,10,20.07,50.11,600.76,0.413
2025-10-11 18:00:00,F1_R4,14,1,1.11,18,11,10,19.29,46.09,508.03,0.284
2025-10-11 19:00:00,F1_R4,14,1,1.11,19,11,10,17.41,42.43,454.51,0.225
2025-10-11 20:00:00,F1_R4,14,1,1.11,20,11,10,15.83,40.7,432.65,0.208
2025-10-11 21:00:00,F1_R4,14,1,1.11,21,11,10,14.88,37.08,424.17,0.202
2025-10-11 22:00:00,F1_R4,14,1,1.11,22,11,10,14.0,34.95,421.39,0.201
2025-10-11 23:00:00,F1_R4,14,1,1.11,23,11,10,13.82,32.42,420.45,0.2
2025-10-12 00:00:00,F1_R4,14,1,1.11,0,12,10,12.82,30.5,420.02,0.2
2025-10-12 01:00:00,F1_R4,14,1,1.11,1,12,10,13.31,30.81,420.05,0.2
2025-10-12 02:00:00,F1_R4,14,1,1.11,2,12,10,13.18,32.14,420.15,0.2
2025-10-12 03:00:00,F1_R4,14,1,1.11,3,12,10,13.02,33.9,420.47,0.2
2025-10-12 04:00:00,F1_R4,14,1,1.11,4,12,10,13.11,34.8,421.38,0.201
2025-10-12 05:00:00,F1_R4,14,1,1.11,5,12,10,13.73,37.08,424.17,0.202
2025-10-12 06:00:00,F1_R4,14,1,1.11,6,12,10,14.17,40.76,432.67,0.208
2025-10-12 07:00:00,F1_R4,14,1,1.11,7,12,10,15.14,43.52,455.57,0.228
2025-10-12 08:00:00,F1_R4,14,1,1.11,8,12,10,16.16,46.31,508.57,0.286
2025-10-12 09:00:00,F1_R4,14,1,1.11,9,12,10,17.68,50.23,601.33,0.415
2025-10-12 10:00:00,F1_R4,14,1,1.11,10,12,10,18.68,52.83,688.99,0.525
2025-10-12 11:00:00,F1_R4,14,1,1.11,11,12,10,20.87,55.33,742.29,0.584
2025-10-12 12:00:00,F1_R4,14,1,1.11,12,12,10,22.66,57.31,767.42,0.617
2025-10-12 13:00:00,F1_R4,14,1,1.11,13,12,10,23.05,56.79,762.35,0.578
2025-10-12 14:00:00,F1_R4,14,1,1.11,14,12,10,23.07,56.32,757.97,0.578
2025-10-12 15:00:00,F1_R4,14,1,1.11,15,12,10,22.96,55.28,741.86,0.582
2025-10-12 16:00:00,F1_R4,14,1,1.11,16,12,10,21.52,52.55,686.92,0.516
2025-10-12 17:00:00,F1_R4,14,1,1.11,17,12,10,20.07,50.11,600.76,0.413
2025-10-12 18:00:00,F1_R4,14,1,1.11,18,12,10,19.29,46.09,508.03,0.284
2025-10-12 19:00:00,F1_R4,14,1,1.11,19,12,10,17.41,42.43,454.51,0.225
2025-10-12 20:00:00,F1_R4,14,1,1.11,20,12,10,15.83,40.7,432.65,0.208
2025-10-12 21:00:00,F1_R4,14,1,1.11,21,12,10,14.88,37.08,424.17,0.202
2025-10-12 22:00:00,F1_R4,14,1,1.11,22,12,10,14.0,34.95,421.39,0.201
2025-10-12 23:00:00,F1_R4,14,1,1.11,23,12,10,13.82,32.42,420.45,0.2
2025-10-13 00:00:00,F1_R4,14,1,1.11,0,13,10,12.82,30.5,420.02,0.2
2025-10-13 01:00:00,F1_R4,14,1,1.11,1,13,10,13.31,30.81,420.05,0.2
2025-10-13 02:00:00,F1_R4,14,1,1.11,2,13,10,13.18,32.14,420.15,0.2
2025-10-13 03:00:00,F1_R4,14,1,1.11,3,13,10,13.02,33.9,420.47,0.2
2025-10-13 04:00:00,F1_R4,14,1,1.11,4,13,10,13.11,34.8,421.38,0.201
2025-10-13 05:00:00,F1_R4,14,1,1.11,5,13,10,13.73,37.08,424.17,0.205
2025-10-13 06:00:00,F1_R4,14,1,1.11,6,13,10,14.17,40.76,432.67,0.219
2025-10-13 07:00:00,F1_R4,14,1,1.11,7,13,10,15.14,43.52,455.57,0.267
2025-10-13 08:00:00,F1_R4,14,1,1.11,8,13,10,16.16,46.31,508.57,0.411
2025-10-13 09:00:00,F1_R4,14,1,1.11,9,13,10,17.68,50.23,601.33,0.715
2025-10-13 10:00:00,F1_R4,14,1,1.11,10,13,10,18.68,52.83,688.99,1.0
2025-10-13 11:00:00,F1_R4,14,1,1.11,11,13,10,20.87,55.33,742.29,1.145
2025-10-13 12:00:00,F1_R4,14,1,1.11,12,13,10,22.66,57.31,767.42,1.205
2025-10-13 13:00:00,F1_R4,14,1,1.11,13,13,10,23.05,56.79,762.35,1.172
2025-10-13 14:00:00,F1_R4,14,1,1.11,14,13,10,23.07,56.32,757.97,1.167
2025-10-13 15:00:00,F1_R4,14,1,1.11,15,13,10,22.96,55.28,741.86,1.143
2025-10-13 16:00:00,F1_R4,14,1,1.11,16,13,10,21.52,52.55,686.92,0.991
2025-10-13 17:00:00,F1_R4,14,1,1.11,17,13,10,20.07,50.11,600.76,0.713
2025-10-13 18:00:00,F1_R4,14,1,1.11,18,13,10,19.29,46.09,508.03,0.409
2025-10-13 19:00:00,F1_R4,14,1,1.11,19,13,10,17.41,42.43,454.51,0.264
2025-10-13 20:00:00,F1_R4,14,1,1.11,20,13,10,15.83,40.7,432.65,0.219
2025-10-13 21:00:00,F1_R4,14,1,1.11,21,13,10,14.88,37.08,424.17,0.205
2025-10-13 22:00:00,F1_R4,14,1,1.11,22,13,10,14.0,34.95,421.39,0.201
2025-10-13 23:00:00,F1_R4,14,1,1.11,23,13,10,13.82,32.42,420.45,0.2
2025-10-14 00:00:00,F1_R4,14,1,1.11,0,14,10,12.82,30.5,420.02,0.2
2025-10-14 01:00:00,F1_R4,14,1,1.11,1,14,10,13.31,30.81,420.05,0.2
2025-10-14 02:00:00,F1_R4,14,1,1.11,2,14,10,13.18,32.14,420.15,0.2
2025-10-14 03:00:00,F1_R4,14,1,1.11,3,14,10,13.02,33.9,420.47,0.2
2025-10-14 04:00:00,F1_R4,14,1,1.11,4,14,10,13.11,34.8,421.38,0.201
2025-10-14 05:00:00,F1_R4,14,1,1.11,5,14,10,13.73,37.08,424.17,0.205
2025-10-14 06:00:00,F1_R4,14,1,1.11,6,14,10,14.17,40.76,432.67,0.219
2025-10-14 07:00:00,F1_R4,14,1,1.11,7,14,10,15.14,43.52,455.57,0.267
2025-10-14 08:00:00,F1_R4,14,1,1.11,8,14,10,16.16,46.31,508.57,0.411
2025-10-14 09:00:00,F1_R4,14,1,1.11,9,14,10,17.68,50.23,601.33,0.715
2025-10-14 10:00:00,F1_R4,14,1,1.11,10,14,10,18.68,52.83,688.99,1.0
2025-10-14 11:00:00,F1_R4,14,1,1.11,11,14,10,20.87,55.33,742.29,1.145
2025-10-14 12:00:00,F1_R4,14,1,1.11,12,14,10,22.66,57.31,767.42,1.205
2025-10-14 13:00:00,F1_R4,14,1,1.11,13,14,10,23.05,56.79,762.35,1.172
2025-10-14 14:00:00,F1_R4,14,1,1.11,14,14,10,23.07,56.32,757.97,1.167
2025-10-14 15:00:00,F1_R4,14,1,1.11,15,14,10,22.96,55.28,741.86,1.143
2025-10-14 16:00:00,F1_R4,14,1,1.11,16,14,10,21.52,52.55,686.92,0.991
2025-10-14 17:00:00,F1_R4,14,1,1.11,17,14,10,20.07,50.11,600.76,0.713
2025-10-14 18:00:00,F1_R4,14,1,1.11,18,14,10,19.29,46.09,508.03,0.409
2025-10-14 19:00:00,F1_R4,14,1,1.11,19,14,10,17.41,42.43,454.51,0.264
2025-10-14 20:00:00,F1_R4,14,1,1.11,20,14,10,15.83,40.7,432.65,0.219
2025-10-14 21:00:00,F1_R4,14,1,1.11,21,14,10,14.88,37.08,424.17,0.205
2025-10-14 22:00:00,F1_R4,14,1,1.11,22,14,10,14.0,34.95,421.39,0.201
2025-10-14 23:00:00,F1_R4,14,1,1.11,23,14,10,13.82,32.42,420.45,0.2
2025-10-15 00:00:00,F1_R4,14,1,1.11,0,15,10,12.82,30.5,420.02,0.2
2025-10-15 01:00:00,F1_R4,14,1,1.11,1,15,10,13.31,30.81,420.05,0.2
2025-10-15 02:00:00,F1_R4,14,1,1.11,2,15,10,13.18,32.14,420.15,0.2
2025-10-15 03:00:00,F1_R4,14,1,1.11,3,15,10,13.02,33.9,420.47,0.2
2025-10-15 04:00:00,F1_R4,14,1,1.11,4,15,10,13.11,34.8,421.38,0.201
2025-10-15 05:00:00,F1_R4,14,1,1.11,5,15,10,13.73,37.08,424.17,0.202
2025-10-15 06:00:00,F1_R4,14,1,1.11,6,15,10,14.17,40.76,432.67,0.208
2025-10-15 07:00:00,F1_R4,14,1,1.11,7,15,10,15.14,43.52,455.57,0.228
2025-10-15 08:00:00,F1_R4,14,1,1.11,8,15,10,16.16,46.31,508.57,0.286
2025-10-15 09:00:00,F1_R4,14,1,1.11,9,15,10,17.68,50.23,601.33,0.415
2025-10-15 10:00:00,F1_R4,14,1,1.11,10,15,10,18.68,52.83,688.99,0.525
2025-10-15 11:00:00,F1_R4,14,1,1.11,11,15,10,20.87,55.33,742.29,0.584
2025-10-15 12:00:00,F1_R4,14,1,1.11,12,15,10,22.66,57.31,767.42,0.617
2025-10-15 13:00:00,F1_R4,14,1,1.11,13,15,10,23.05,56.79,762.35,0.578
2025-10-15 14:00:00,F1_R4,14,1,1.11,14,15,10,23.07,56.32,757.97,0.578
2025-10-15 15:00:00,F1_R4,14,1,1.11,15,15,10,22.96,55.28,741.86,0.582
2025-10-15 16:00:00,F1_R4,14,1,1.11,16,15,10,21.52,52.55,686.92,0.516
2025-10-15 17:00:00,F1_R4,14,1,1.11,17,15,10,20.07,50.11,600.76,0.413
2025-10-15 18:00:00,F1_R4,14,1,1.11,18,15,10,19.29,46.09,508.03,0.284
2025-10-15 19:00:00,F1_R4,14,1,1.11,19,15,10,17.41,42.43,454.51,0.225
2025-10-15 20:00:00,F1_R4,14,1,1.11,20,15,10,15.83,40.7,432.65,0.208
2025-10-15 21:00:00,F1_R4,14,1,1.11,21,15,10,14.88,37.08,424.17,0.202
2025-10-15 22:00:00,F1_R4,14,1,1.11,22,15,10,14.0,34.95,421.39,0.201
2025-10-15 23:00:00,F1_R4,14,1,1.11,23,15,10,13.82,32.42,420.45,0.2
2025-10-16 00:00:00,F1_R4,14,1,1.11,0,16,10,12.82,30.5,420.02,0.2
2025-10-16 01:00:00,F1_R4,14,1,1.11,1,16,10,13.31,30.81,420.05,0.2
2025-10-16 02:00:00,F1_R4,14,1,1.11,2,16,10,13.18,32.14,420.15,0.2
2025-10-16 03:00:00,F1_R4,14,1,1.11,3,16,10,13.02,33.9,420.47,0.2
2025-10-16 04:00:00,F1_R4,14,1,1.11,4,16,10,13.11,34.8,421.38,0.201
2025-10-16 05:00:00,F1_R4,14,1,1.11,5,16,10,13.73,37.08,424.17,0.202
2025-10-16 06:00:00,F1_R4,14,1,1.11,6,16,10,14.17,40.76,432.67,0.208
2025-10-16 07:00:00,F1_R4,14,1,1.11,7,16,10,15.14,43.52,455.57,0.228
2025-10-16 08:00:00,F1_R4,14,1,1.11,8,16,10,16.16,46.31,508.57,0.286
2025-10-16 09:00:00,F1_R4,14,1,1.11,9,16,10,17.68,50.23,601.33,0.415
2025-10-16 10:00:00,F1_R4,14,1,1.11,10,16,10,18.68,52.83,688.99,0.525
2025-10-16 11:00:00,F1_R4,14,1,1.11,11,16,10,20.87,55.33,742.29,0.584
2025-10-16 12:00:00,F1_R4,14,1,1.11,12,16,10,22.66,57.31,767.42,0.617
2025-10-16 13:00:00,F1_R4,14,1,1.11,13,16,10,23.05,56.79,762.35,0.578
2025-10-16 14:00:00,F1_R4,14,1,1.11,14,16,10,23.07,56.32,757.97,0.578
2025-10-16 15:00:00,F1_R4,14,1,1.11,15,16,10,22.96,55.28,741.86,0.582
2025-10-16 16:00:00,F1_R4,14,1,1.11,16,16,10,21.52,52.55,686.92,0.516
2025-10-16 17:00:00,F1_R4,14,1,1.11,17,16,10,20.07,50.11,600.76,0.413
2025-10-16 18:00:00,F1_R4,14,1,1.11,18,16,10,19.29,46.09,508.03,0.284
2025-10-16 19:00:00,F1_R4,14,1,1.11,19,16,10,17.41,42.43,454.51,0.225
2025-10-16 20:00:00,F1_R4,14,1,1.11,20,16,10,15.83,40.7,432.65,0.208
2025-10-16 21:00:00,F1_R4,14,1,1.11,21,16,10,14.88,37.08,424.17,0.202
2025-10-16 22:00:00,F1_R4,14,1,1.11,22,16,10,14.0,34.95,421.39,0.201
2025-10-16 23:00:00,F1_R4,14,1,1.11,23,16,10,13.82,32.42,420.45,0.2
2025-10-17 00:00:00,F1_R4,14,1,1.11,0,17,10,12.82,30.5,420.02,0.2
2025-10-17 01:00:00,F1_R4,14,1,1.11,1,17,10,13.31,30.81,420.05,0.2
2025-10-17 02:00:00,F1_R4,14,1,1.11,2,17,10,13.18,32.14,420.15,0.2
2025-10-17 03:00:00,F1_R4,14,1,1.11,3,17,10,13.02,33.9,420.47,0.2
2025-10-17 04:00:00,F1_R4,14,1,1.11,4,17,10,13.11,34.8,421.38,0.201
2025-10-17 05:00:00,F1_R4,14,1,1.11,5,17,10,13.73,37.08,424.17,0.202
2025-10-17 06:00:00,F1_R4,14,1,1.11,6,17,10,14.17,40.76,432.67,0.208
2025-10-17 07:00:00,F1_R4,14,1,1.11,7,17,10,15.14,43.52,455.57,0.228
2025-10-17 08:00:00,F1_R4,14,1,1.11,8,17,10,16.16,46.31,508.57,0.286
2025-10-17 09:00:00,F1_R4,14,1,1.11,9,17,10,17.68,50.23,601.33,0.415
2025-10-17 10:00:00,F1_R4,14,1,1.11,10,17,10,18.68,52.83,688.99,0.525
2025-10-17 11:00:00,F1_R4,14,1,1.11,11,17,10,20.87,55.33,742.29,0.584
2025-10-17 12:00:00,F1_R4,14,1,1.11,12,17,10,22.66,57.31,767.42,0.617
2025-10-17 13:00:00,F1_R4,14,1,1.11,13,17,10,23.05,56.79,762.35,0.578
2025-10-17 14:00:00,F1_R4,14,1,1.11,14,17,10,23.07,56.32,757.97,0.578
2025-10-17 15:00:00,F1_R4,14,1,1.11,15,17,10,22.96,55.28,741.86,0.582
2025-10-17 16:00:00,F1_R4,14,1,1.11,16,17,10,21.52,52.55,686.92,0.516
2025-10-17 17:00:00,F1_R4,14,1,1.11,17,17,10,20.07,50.11,600.76,0.413
2025-10-17 18:00:00,F1_R4,14,1,1.11,18,17,10,19.29,46.09,508.03,0.284
2025-10-17 19:00:00,F1_R4,14,1,1.11,19,17,10,17.41,42.43,454.51,0.225
2025-10-17 20:00:00,F1_R4,14,1,1.11,20,17,10,15.83,40.7,432.65,0.208
2025-10-17 21:00:00,F1_R4,14,1,1.11,21,17,10,14.88,37.08,424.17,0.202
2025-10-17 22:00:00,F1_R4,14,1,1.11,22,17,10,14.0,34.95,421.39,0.201
2025-10-17 23:00:00,F1_R4,14,1,1.11,23,17,10,13.82,32.42,420.45,0.2
2025-10-18 00:00:00,F1_R4,14,1,1.11,0,18,10,12.82,30.5,420.02,0.2
2025-10-18 01:00:00,F1_R4,14,1,1.11,1,18,10,13.31,30.81,420.05,0.2
2025-10-18 02:00:00,F1_R4,14,1,1.11,2,18,10,13.18,32.14,420.15,0.2
2025-10-18 03:00:00,F1_R4,14,1,1.11,3,18,10,13.02,33.9,420.47,0.2
2025-10-18 04:00:00,F1_R4,14,1,1.11,4,18,10,13.11,34.8,421.38,0.201
2025-10-18 05:00:00,F1_R4,14,1,1.11,5,18,10,13.73,37.08,424.17,0.202
2025-10-18 06:00:00,F1_R4,14,1,1.11,6,18,10,14.17,40.76,432.67,0.208
2025-10-18 07:00:00,F1_R4,14,1,1.11,7,18,10,15.14,43.52,455.57,0.228
2025-10-18 08:00:00,F1_R4,14,1,1.11,8,18,10,16.16,46.31,508.57,0.286
2025-10-18 09:00:00,F1_R4,14,1,1.11,9,18,10,17.68,50.23,601.33,0.415
2025-10-18 10:00:00,F1_R4,14,1,1.11,10,18,10,18.68,52.83,688.99,0.525
2025-10-18 11:00:00,F1_R4,14,1,1.11,11,18,10,20.87,55.33,742.29,0.584
2025-10-18 12:00:00,F1_R4,14,1,1.11,12,18,10,22.66,57.31,767.42,0.617
2025-10-18 13:00:00,F1_R4,14,1,1.11,13,18,10,23.05,56.79,762.35,0.578
2025-10-18 14:00:00,F1_R4,14,1,1.11,14,18,10,23.07,56.32,757.97,0.578
2025-10-18 15:00:00,F1_R4,14,1,1.11,15,18,10,22.96,55.28,741.86,0.582
2025-10-18 16:00:00,F1_R4,14,1,1.11,16,18,10,21.52,52.55,686.92,0.516
2025-10-18 17:00:00,F1_R4,14,1,1.11,17,18,10,20.07,50.11,600.76,0.413
2025-10-18 18:00:00,F1_R4,14,1,1.11,18,18,10,19.29,46.09,508.03,0.284
2025-10-18 19:00:00,F1_R4,14,1,1.11,19,18,10,17.41,42.43,454.51,0.225
2025-10-18 20:00:00,F1_R4,14,1,1.11,20,18,10,15.83,40.7,432.65,0.208
2025-10-18 21:00:00,F1_R4,14,1,1.11,21,18,10,14.88,37.08,424.17,0.202
2025-10-18 22:00:00,F1_R4,14,1,1.11,22,18,10,14.0,34.95,421.39,0.201
2025-10-18 23:00:00,F1_R4,14,1,1.11,23,18,10,13.82,32.42,420.45,0.2
2025-10-19 00:00:00,F1_R4,14,1,1.11,0,19,10,12.82,30.5,420.02,0.2
2025-10-19 01:00:00,F1_R4,14,1,1.11,1,19,10,13.31,30.81,420.05,0.2
2025-10-19 02:00:00,F1_R4,14,1,1.11,2,19,10,13.18,32.14,420.15,0.2
2025-10-19 03:00:00,F1_R4,14,1,1.11,3,19,10,13.02,33.9,420.47,0.2
2025-10-19 04:00:00,F1_R4,14,1,1.11,4,19,10,13.11,34.8,421.38,0.201
2025-10-19 05:00:00,F1_R4,14,1,1.11,5,19,10,13.73,37.08,424.17,0.202
2025-10-19 06:00:00,F1_R4,14,1,1.11,6,19,10,14.17,40.76,432.67,0.208
2025-10-19 07:00:00,F1_R4,14,1,1.11,7,19,10,15.14,43.52,455.57,0.228
2025-10-19 08:00:00,F1_R4,14,1,1.11,8,19,10,16.16,46.31,508.57,0.286
2025-10-19 09:00:00,F1_R4,14,1,1.11,9,19,10,17.68,50.23,601.33,0.415
2025-10-19 10:00:00,F1_R4,14,1,1.11,10,19,10,18.68,52.83,688.99,0.525
2025-10-19 11:00:00,F1_R4,14,1,1.11,11,19,10,20.87,55.33,742.29,0.584
2025-10-19 12:00:00,F1_R4,14,1,1.11,12,19,10,22.66,57.31,767.42,0.617
2025-10-19 13:00:00,F1_R4,14,1,1.11,13,19,10,23.05,56.79,762.35,0.578
2025-10-19 14:00:00,F1_R4,14,1,1.11,14,19,10,23.07,56.32,757.97,0.578
2025-10-19 15:00:00,F1_R4,14,1,1.11,15,19,10,22.96,55.28,741.86,0.582
2025-10-19 16:00:00,F1_R4,14,1,1.11,16,19,10,21.52,52.55,686.92,0.516
2025-10-19 17:00:00,F1_R4,14,1,1.11,17,19,10,20.07,50.11,600.76,0.413
2025-10-19 18:00:00,F1_R4,14,1,1.11,18,19,10,19.29,46.09,508.03,0.284
2025-10-19 19:00:00,F1_R4,14,1,1.11,19,19,10,17.41,42.43,454.51,0.225
2025-10-19 20:00:00,F1_R4,14,1,1.11,20,19,10,15.83,40.7,432.65,0.208
2025-10-19 21:00:00,F1_R4,14,1,1.11,21,19,10,14.88,37.08,424.17,0.202
2025-10-19 22:00:00,F1_R4,14,1,1.11,22,19,10,14.0,34.95,421.39,0.201
2025-10-19 23:00:00,F1_R4,14,1,1.11,23,19,10,13.82,32.42,420.45,0.2
2025-10-20 00:00:00,F1_R4,14,1,1.11,0,20,10,12.82,30.5,420.02,0.2
2025-10-20 01:00:00,F1_R4,14,1,1.11,1,20,10,13.31,30.81,420.05,0.2
2025-10-20 02:00:00,F1_R4,14,1,1.11,2,20,10,13.18,32.14,420.15,0.2
2025-10-20 03:00:00,F1_R4,14,1,1.11,3,20,10,13.02,33.9,420.47,0.2
2025-10-20 04:00:00,F1_R4,14,1,1.11,4,20,10,13.11,34.8,421.38,0.201
2025-10-20 05:00:00,F1_R4,14,1,1.11,5,20,10,13.73,37.08,424.17,0.205
2025-10-20 06:00:00,F1_R4,14,1,1.11,6,20,10,14.17,40.76,432.67,0.219
2025-10-20 07:00:00,F1_R4,14,1,1.11,7,20,10,15.14,43.52,455.57,0.267
2025-10-20 08:00:00,F1_R4,14,1,1.11,8,20,10,16.16,46.31,508.57,0.411
2025-10-20 09:00:00,F1_R4,14,1,1.11,9,20,10,17.68,50.23,601.33,0.715
2025-10-20 10:00:00,F1_R4,14,1,1.11,10,20,10,18.68,52.83,688.99,1.0
2025-10-20 11:00:00,F1_R4,14,1,1.11,11,20,10,20.87,55.33,742.29,1.145
2025-10-20 12:00:00,F1_R4,14,1,1.11,12,20,10,22.66,57.31,767.42,1.205
2025-10-20 13:00:00,F1_R4,14,1,1.11,13,20,10,23.05,56.79,762.35,1.172
2025-10-20 14:00:00,F1_R4,14,1,1.11,14,20,10,23.07,56.32,757.97,1.167
2025-10-20 15:00:00,F1_R4,14,1,1.11,15,20,10,22.96,55.28,741.86,1.143
2025-10-20 16:00:00,F1_R4,14,1,1.11,16,20,10,21.52,52.55,686.92,0.991
2025-10-20 17:00:00,F1_R4,14,1,1.11,17,20,10,20.07,50.11,600.76,0.713
2025-10-20 18:00:00,F1_R4,14,1,1.11,18,20,10,19.29,46.09,508.03,0.409
2025-10-20 19:00:00,F1_R4,14,1,1.11,19,20,10,17.41,42.43,454.51,0.264
2025-10-20 20:00:00,F1_R4,14,1,1.11,20,20,10,15.83,40.7,432.65,0.219
2025-10-20 21:00:00,F1_R4,14,1,1.11,21,20,10,14.88,37.08,424.17,0.205
2025-10-20 22:00:00,F1_R4,14,1,1.11,22,20,10,14.0,34.95,421.39,0.201
2025-10-20 23:00:00,F1_R4,14,1,1.11,23,20,10,13.82,32.42,420.45,0.2
2025-10-21 00:00:00,F1_R4,14,1,1.11,0,21,10,12.82,30.5,420.02,0.2
2025-10-21 01:00:00,F1_R4,14,1,1.11,1,21,10,13.31,30.81,420.05,0.2
2025-10-21 02:00:00,F1_R4,14,1,1.11,2,21,10,13.18,32.14,420.15,0.2
2025-10-21 03:00:00,F1_R4,14,1,1.11,3,21,10,13.02,33.9,420.47,0.2
2025-10-21 04:00:00,F1_R4,14,1,1.11,4,21,10,13.11,34.8,421.38,0.201
2025-10-21 05:00:00,F1_R4,14,1,1.11,5,21,10,13.73,37.08,424.17,0.205
2025-10-21 06:00:00,F1_R4,14,1,1.11,6,21,10,14.17,40.76,432.67,0.219
2025-10-21 07:00:00,F1_R4,14,1,1.11,7,21,10,15.14,43.52,455.57,0.267
2025-10-21 08:00:00,F1_R4,14,1,1.11,8,21,10,16.16,46.31,508.57,0.411
2025-10-21 09:00:00,F1_R4,14,1,1.11,9,21,10,17.68,50.23,601.33,0.715
2025-10-21 10:00:00,F1_R4,14,1,1.11,10,21,10,18.68,52.83,688.99,1.0
2025-10-21 11:00:00,F1_R4,14,1,1.11,11,21,10,20.87,55.33,742.29,1.145
2025-10-21 12:00:00,F1_R4,14,1,1.11,12,21,10,22.66,57.31,767.42,1.205
2025-10-21 13:00:00,F1_R4,14,1,1.11,13,21,10,23.05,56.79,762.35,1.172
2025-10-21 14:00:00,F1_R4,14,1,1.11,14,21,10,23.07,56.32,757.97,1.167
2025-10-21 15:00:00,F1_R4,14,1,1.11,15,21,10,22.96,55.28,741.86,1.143
2025-10-21 16:00:00,F1_R4,14,1,1.11,16,21,10,21.52,52.55,686.92,0.991
2025-10-21 17:00:00,F1_R4,14,1,1.11,17,21,10,20.07,50.11,600.76,0.713
2025-10-21 18:00:00,F1_R4,14,1,1.11,18,21,10,19.29,46.09,508.03,0.409
2025-10-21 19:00:00,F1_R4,14,1,1.11,19,21,10,17.41,42.43,454.51,0.264
2025-10-21 20:00:00,F1_R4,14,1,1.11,20,21,10,15.83,40.7,432.65,0.219
2025-10-21 21:00:00,F1_R4,14,1,1.11,21,21,10,14.88,37.08,424.17,0.205
2025-10-21 22:00:00,F1_R4,14,1,1.11,22,21,10,14.0,34.95,421.39,0.201
2025-10-21 23:00:00,F1_R4,14,1,1.11,23,21,10,13.82,32.42,420.45,0.2
2025-10-22 00:00:00,F1_R4,14,1,1.11,0,22,10,12.82,30.5,420.02,0.2
2025-10-22 01:00:00,F1_R4,14,1,1.11,1,22,10,13.31,30.81,420.05,0.2
2025-10-22 02:00:00,F1_R4,14,1,1.11,2,22,10,13.18,32.14,420.15,0.2
2025-10-22 03:00:00,F1_R4,14,1,1.11,3,22,10,13.02,33.9,420.47,0.2
2025-10-22 04:00:00,F1_R4,14,1,1.11,4,22,10,13.11,34.8,421.38,0.201
2025-10-22 05:00:00,F1_R4,14,1,1.11,5,22,10,13.73,37.08,424.17,0.202
2025-10-22 06:00:00,F1_R4,14,1,1.11,6,22,10,14.17,40.76,432.67,0.208
2025-10-22 07:00:00,F1_R4,14,1,1.11,7,22,10,15.14,43.52,455.57,0.228
2025-10-22 08:00:00,F1_R4,14,1,1.11,8,22,10,16.16,46.31,508.57,0.286
2025-10-22 09:00:00,F1_R4,14,1,1.11,9,22,10,17.68,50.23,601.33,0.415
2025-10-22 10:00:00,F1_R4,14,1,1.11,10,22,10,18.68,52.83,688.99,0.525
2025-10-22 11:00:00,F1_R4,14,1,1.11,11,22,10,20.87,55.33,742.29,0.584
2025-10-22 12:00:00,F1_R4,14,1,1.11,12,22,10,22.66,57.31,767.42,0.617
2025-10-22 13:00:00,F1_R4,14,1,1.11,13,22,10,23.05,56.79,762.35,0.578
2025-10-22 14:00:00,F1_R4,14,1,1.11,14,22,10,23.07,56.32,757.97,0.578
2025-10-22 15:00:00,F1_R4,14,1,1.11,15,22,10,22.96,55.28,741.86,0.582
2025-10-22 16:00:00,F1_R4,14,1,1.11,16,22,10,21.52,52.55,686.92,0.516
2025-10-22 17:00:00,F1_R4,14,1,1.11,17,22,10,20.07,50.11,600.76,0.413
2025-10-22 18:00:00,F1_R4,14,1,1.11,18,22,10,19.29,46.09,508.03,0.284
2025-10-22 19:00:00,F1_R4,14,1,1.11,19,22,10,17.41,42.43,454.51,0.225
2025-10-22 20:00:00,F1_R4,14,1,1.11,20,22,10,15.83,40.7,432.65,0.208
2025-10-22 21:00:00,F1_R4,14,1,1.11,21,22,10,14.88,37.08,424.17,0.202
2025-10-22 22:00:00,F1_R4,14,1,1.11,22,22,10,14.0,34.95,421.39,0.201
2025-10-22 23:00:00,F1_R4,14,1,1.11,23,22,10,13.82,32.42,420.45,0.2
2025-10-23 00:00:00,F1_R4,14,1,1.11,0,23,10,12.82,30.5,420.02,0.2
2025-10-23 01:00:00,F1_R4,14,1,1.11,1,23,10,13.31,30.81,420.05,0.2
2025-10-23 02:00:00,F1_R4,14,1,1.11,2,23,10,13.18,32.14,420.15,0.2
2025-10-23 03:00:00,F1_R4,14,1,1.11,3,23,10,13.02,33.9,420.47,0.2
2025-10-23 04:00:00,F1_R4,14,1,1.11,4,23,10,13.11,34.8,421.38,0.201
2025-10-23 05:00:00,F1_R4,14,1,1.11,5,23,10,13.73,37.08,424.17,0.202
2025-10-23 06:00:00,F1_R4,14,1,1.11,6,23,10,14.17,40.76,432.67,0.208
2025-10-23 07:00:00,F1_R4,14,1,1.11,7,23,10,15.14,43.52,455.57,0.228
2025-10-23 08:00:00,F1_R4,14,1,1.11,8,23,10,16.16,46.31,508.57,0.286
2025-10-23 09:00:00,F1_R4,14,1,1.11,9,23,10,17.68,50.23,601.33,0.415
2025-10-23 10:00:00,F1_R4,14,1,1.11,10,23,10,18.68,52.83,688.99,0.525
2025-10-23 11:00:00,F1_R4,14,1,1.11,11,23,10,20.87,55.33,742.29,0.584
2025-10-23 12:00:00,F1_R4,14,1,1.11,12,23,10,22.66,57.31,767.42,0.617
2025-10-23 13:00:00,F1_R4,14,1,1.11,13,23,10,23.05,56.79,762.35,0.578
2025-10-23 14:00:00,F1_R4,14,1,1.11,14,23,10,23.07,56.32,757.97,0.578
2025-10-23 15:00:00,F1_R4,14,1,1.11,15,23,10,22.96,55.28,741.86,0.582
2025-10-23 16:00:00,F1_R4,14,1,1.11,16,23,10,21.52,52.55,686.92,0.516
2025-10-23 17:00:00,F1_R4,14,1,1.11,17,23,10,20.07,50.11,600.76,0.413
2025-10-23 18:00:00,F1_R4,14,1,1.11,18,23,10,19.29,46.09,508.03,0.284
2025-10-23 19:00:00,F1_R4,14,1,1.11,19,23,10,17.41,42.43,454.51,0.225
2025-10-23 20:00:00,F1_R4,14,1,1.11,20,23,10,15.83,40.7,432.65,0.208
2025-10-23 21:00:00,F1_R4,14,1,1.11,21,23,10,14.88,37.08,424.17,0.202
2025-10-23 22:00:00,F1_R4,14,1,1.11,22,23,10,14.0,34.95,421.39,0.201
2025-10-23 23:00:00,F1_R4,14,1,1.11,23,23,10,13.82,32.42,420.45,0.2
2025-10-24 00:00:00,F1_R4,14,1,1.11,0,24,10,12.82,30.5,420.02,0.2
2025-10-24 01:00:00,F1_R4,14,1,1.11,1,24,10,13.31,30.81,420.05,0.2
2025-10-24 02:00:00,F1_R4,14,1,1.11,2,24,10,13.18,32.14,420.15,0.2
2025-10-24 03:00:00,F1_R4,14,1,1.11,3,24,10,13.02,33.9,420.47,0.2
2025-10-24 04:00:00,F1_R4,14,1,1.11,4,24,10,13.11,34.8,421.38,0.201
2025-10-24 05:00:00,F1_R4,14,1,1.11,5,24,10,13.73,37.08,424.17,0.202
2025-10-24 06:00:00,F1_R4,14,1,1.11,6,24,10,14.17,40.76,432.67,0.208
2025-10-24 07:00:00,F1_R4,14,1,1.11,7,24,10,15.14,43.52,455.57,0.228
2025-10-24 08:00:00,F1_R4,14,1,1.11,8,24,10,16.16,46.31,508.57,0.286
2025-10-24 09:00:00,F1_R4,14,1,1.11,9,24,10,17.68,50.23,601.33,0.415
2025-10-24 10:00:00,F1_R4,14,1,1.11,10,24,10,18.68,52.83,688.99,0.525
2025-10-24 11:00:00,F1_R4,14,1,1.11,11,24,10,20.87,55.33,742.29,0.584
2025-10-24 12:00:00,F1_R4,14,1,1.11,12,24,10,22.66,57.31,767.42,0.617
2025-10-24 13:00:00,F1_R4,14,1,1.11,13,24,10,23.05,56.79,762.35,0.578
2025-10-24 14:00:00,F1_R4,14,1,1.11,14,24,10,23.07,56.32,757.97,0.578
2025-10-24 15:00:00,F1_R4,14,1,1.11,15,24,10,22.96,55.28,741.86,0.582
2025-10-24 16:00:00,F1_R4,14,1,1.11,16,24,10,21.52,52.55,686.92,0.516
2025-10-24 17:00:00,F1_R4,14,1,1.11,17,24,10,20.07,50.11,600.76,0.413
2025-10-24 18:00:00,F1_R4,14,1,1.11,18,24,10,19.29,46.09,508.03,0.284
2025-10-24 19:00:00,F1_R4,14,1,1.11,19,24,10,17.41,42.43,454.51,0.225
2025-10-24 20:00:00,F1_R4,14,1,1.11,20,24,10,15.83,40.7,432.65,0.208
2025-10-24 21:00:00,F1_R4,14,1,1.11,21,24,10,14.88,37.08,424.17,0.202
2025-10-24 22:00:00,F1_R4,14,1,1.11,22,24,10,14.0,34.95,421.39,0.201
2025-10-24 23:00:00,F1_R4,14,1,1.11,23,24,10,13.82,32.42,420.45,0.2
2025-10-25 00:00:00,F1_R4,14,1,1.11,0,25,10,12.82,30.5,420.02,0.2
2025-10-25 01:00:00,F1_R4,14,1,1.11,1,25,10,13.31,30.81,420.05,0.2
2025-10-25 02:00:00,F1_R4,14,1,1.11,2,25,10,13.18,32.14,420.15,0.2
2025-10-25 03:00:00,F1_R4,14,1,1.11,3,25,10,13.02,33.9,420.47,0.2
2025-10-25 04:00:00,F1_R4,14,1,1.11,4,25,10,13.11,34.8,421.38,0.201
2025-10-25 05:00:00,F1_R4,14,1,1.11,5,25,10,13.73,37.08,424.17,0.202
2025-10-25 06:00:00,F1_R4,14,1,1.11,6,25,10,14.17,40.76,432.67,0.208
2025-10-25 07:00:00,F1_R4,14,1,1.11,7,25,10,15.14,43.52,455.57,0.228
2025-10-25 08:00:00,F1_R4,14,1,1.11,8,25,10,16.16,46.31,508.57,0.286
2025-10-25 09:00:00,F1_R4,14,1,1.11,9,25,10,17.68,50.23,601.33,0.415
2025-10-25 10:00:00,F1_R4,14,1,1.11,10,25,10,18.68,52.83,688.99,0.525
2025-10-25 11:00:00,F1_R4,14,1,1.11,11,25,10,20.87,55.33,742.29,0.584
2025-10-25 12:00:00,F1_R4,14,1,1.11,12,25,10,22.66,57.31,767.42,0.617
2025-10-25 13:00:00,F1_R4,14,1,1.11,13,25,10,23.05,56.79,762.35,0.578
2025-10-25 14:00:00,F1_R4,14,1,1.11,14,25,10,23.07,56.32,757.97,0.578
2025-10-25 15:00:00,F1_R4,14,1,1.11,15,25,10,22.96,55.28,741.86,0.582
2025-10-25 16:00:00,F1_R4,14,1,1.11,16,25,10,21.52,52.55,686.92,0.516
2025-10-25 17:00:00,F1_R4,14,1,1.11,17,25,10,20.07,50.11,600.76,0.413
2025-10-25 18:00:00,F1_R4,14,1,1.11,18,25,10,19.29,46.09,508.03,0.284
2025-10-25 19:00:00,F1_R4,14,1,1.11,19,25,10,17.41,42.43,454.51,0.225
2025-10-25 20:00:00,F1_R4,14,1,1.11,20,25,10,15.83,40.7,432.65,0.208
2025-10-25 21:00:00,F1_R4,14,1,1.11,21,25,10,14.88,37.08,424.17,0.202
2025-10-25 22:00:00,F1_R4,14,1,1.11,22,25,10,14.0,34.95,421.39,0.201
2025-10-25 23:00:00,F1_R4,14,1,1.11,23,25,10,13.82,32.42,420.45,0.2
2025-10-26 00:00:00,F1_R4,14,1,1.11,0,26,10,12.82,30.5,420.02,0.2
2025-10-26 01:00:00,F1_R4,14,1,1.11,1,26,10,13.31,30.81,420.05,0.2
2025-10-26 02:00:00,F1_R4,14,1,1.11,2,26,10,13.18,32.14,420.15,0.2
2025-10-26 03:00:00,F1_R4,14,1,1.11,3,26,10,13.02,33.9,420.47,0.2
2025-10-26 04:00:00,F1_R4,14,1,1.11,4,26,10,13.11,34.8,421.38,0.201
2025-10-26 05:00:00,F1_R4,14,1,1.11,5,26,10,13.73,37.08,424.17,0.202
2025-10-26 06:00:00,F1_R4,14,1,1.11,6,26,10,14.17,40.76,432.67,0.208
2025-10-26 07:00:00,F1_R4,14,1,1.11,7,26,10,15.14,43.52,455.57,0.228
2025-10-26 08:00:00,F1_R4,14,1,1.11,8,26,10,16.16,46.31,508.57,0.286
2025-10-26 09:00:00,F1_R4,14,1,1.11,9,26,10,17.68,50.23,601.33,0.415
2025-10-26 10:00:00,F1_R4,14,1,1.11,10,26,10,18.68,52.83,688.99,0.525
2025-10-26 11:00:00,F1_R4,14,1,1.11,11,26,10,20.87,55.33,742.29,0.584
2025-10-26 12:00:00,F1_R4,14,1,1.11,12,26,10,22.66,57.31,767.42,0.617
2025-10-26 13:00:00,F1_R4,14,1,1.11,13,26,10,23.05,56.79,762.35,0.578
2025-10-26 14:00:00,F1_R4,14,1,1.11,14,26,10,23.07,56.32,757.97,0.578
2025-10-26 15:00:00,F1_R4,14,1,1.11,15,26,10,22.96,55.28,741.86,0.582
2025-10-26 16:00:00,F1_R4,14,1,1.11,16,26,10,21.52,52.55,686.92,0.516
2025-10-26 17:00:00,F1_R4,14,1,1.11,17,26,10,20.07,50.11,600.76,0.413
2025-10-26 18:00:00,F1_R4,14,1,1.11,18,26,10,19.29,46.09,508.03,0.284
2025-10-26 19:00:00,F1_R4,14,1,1.11,19,26,10,17.41,42.43,454.51,0.225
2025-10-26 20:00:00,F1_R4,14,1,1.11,20,26,10,15.83,40.7,432.65,0.208
2025-10-26 21:00:00,F1_R4,14,1,1.11,21,26,10,14.88,37.08,424.17,0.202
2025-10-26 22:00:00,F1_R4,14,1,1.11,22,26,10,14.0,34.95,421.39,0.201
2025-10-26 23:00:00,F1_R4,14,1,1.11,23,26,10,13.82,32.42,420.45,0.2
2025-10-27 00:00:00,F1_R4,14,1,1.11,0,27,10,12.82,30.5,420.02,0.2
2025-10-27 01:00:00,F1_R4,14,1,1.11,1,27,10,13.31,30.81,420.05,0.2
2025-10-27 02:00:00,F1_R4,14,1,1.11,2,27,10,13.18,32.14,420.15,0.2
2025-10-27 03:00:00,F1_R4,14,1,1.11,3,27,10,13.02,33.9,420.47,0.2
2025-10-27 04:00:00,F1_R4,14,1,1.11,4,27,10,13.11,34.8,421.38,0.201
2025-10-27 05:00:00,F1_R4,14,1,1.11,5,27,10,13.73,37.08,424.17,0.205
2025-10-27 06:00:00,F1_R4,14,1,1.11,6,27,10,14.17,40.76,432.67,0.219
2025-10-27 07:00:00,F1_R4,14,1,1.11,7,27,10,15.14,43.52,455.57,0.267
2025-10-27 08:00:00,F1_R4,14,1,1.11,8,27,10,16.16,46.31,508.57,0.411
2025-10-27 09:00:00,F1_R4,14,1,1.11,9,27,10,17.68,50.23,601.33,0.715
2025-10-27 10:00:00,F1_R4,14,1,1.11,10,27,10,18.68,52.83,688.99,1.0
2025-10-27 11:00:00,F1_R4,14,1,1.11,11,27,10,20.87,55.33,742.29,1.145
2025-10-27 12:00:00,F1_R4,14,1,1.11,12,27,10,22.66,57.31,767.42,1.205
2025-10-27 13:00:00,F1_R4,14,1,1.11,13,27,10,23.05,56.79,762.35,1.172
2025-10-27 14:00:00,F1_R4,14,1,1.11,14,27,10,23.07,56.32,757.97,1.167
2025-10-27 15:00:00,F1_R4,14,1,1.11,15,27,10,22.96,55.28,741.86,1.143
2025-10-27 16:00:00,F1_R4,14,1,1.11,16,27,10,21.52,52.55,686.92,0.991
2025-10-27 17:00:00,F1_R4,14,1,1.11,17,27,10,20.07,50.11,600.76,0.713
2025-10-27 18:00:00,F1_R4,14,1,1.11,18,27,10,19.29,46.09,508.03,0.409
2025-10-27 19:00:00,F1_R4,14,1,1.11,19,27,10,17.41,42.43,454.51,0.264
2025-10-27 20:00:00,F1_R4,14,1,1.11,20,27,10,15.83,40.7,432.65,0.219
2025-10-27 21:00:00,F1_R4,14,1,1.11,21,27,10,14.88,37.08,424.17,0.205
2025-10-27 22:00:00,F1_R4,14,1,1.11,22,27,10,14.0,34.95,421.39,0.201
2025-10-27 23:00:00,F1_R4,14,1,1.11,23,27,10,13.82,32.42,420.45,0.2
2025-10-28 00:00:00,F1_R4,14,1,1.11,0,28,10,12.82,30.5,420.02,0.2
2025-10-28 01:00:00,F1_R4,14,1,1.11,1,28,10,13.31,30.81,420.05,0.2
2025-10-28 02:00:00,F1_R4,14,1,1.11,2,28,10,13.18,32.14,420.15,0.2
2025-10-28 03:00:00,F1_R4,14,1,1.11,3,28,10,13.02,33.9,420.47,0.2
2025-10-28 04:00:00,F1_R4,14,1,1.11,4,28,10,13.11,34.8,421.38,0.201
2025-10-28 05:00:00,F1_R4,14,1,1.11,5,28,10,13.73,37.08,424.17,0.205
2025-10-28 06:00:00,F1_R4,14,1,1.11,6,28,10,14.17,40.76,432.67,0.219
2025-10-28 07:00:00,F1_R4,14,1,1.11,7,28,10,15.14,43.52,455.57,0.267
2025-10-28 08:00:00,F1_R4,14,1,1.11,8,28,10,16.16,46.31,508.57,0.411
2025-10-28 09:00:00,F1_R4,14,1,1.11,9,28,10,17.68,50.23,601.33,0.715
2025-10-28 10:00:00,F1_R4,14,1,1.11,10,28,10,18.68,52.83,688.99,1.0
2025-10-28 11:00:00,F1_R4,14,1,1.11,11,28,10,20.87,55.33,742.29,1.145
2025-10-28 12:00:00,F1_R4,14,1,1.11,12,28,10,22.66,57.31,767.42,1.205
2025-10-28 13:00:00,F1_R4,14,1,1.11,13,28,10,23.05,56.79,762.35,1.172
2025-10-28 14:00:00,F1_R4,14,1,1.11,14,28,10,23.07,56.32,757.97,1.167
2025-10-28 15:00:00,F1_R4,14,1,1.11,15,28,10,22.96,55.28,741.86,1.143
2025-10-28 16:00:00,F1_R4,14,1,1.11,16,28,10,21.52,52.55,686.92,0.991
2025-10-28 17:00:00,F1_R4,14,1,1.11,17,28,10,20.07,50.11,600.76,0.713
2025-10-28 18:00:00,F1_R4,14,1,1.11,18,28,10,19.29,46.09,508.03,0.409
2025-10-28 19:00:00,F1_R4,14,1,1.11,19,28,10,17.41,42.43,454.51,0.264
2025-10-28 20:00:00,F1_R4,14,1,1.11,20,28,10,15.83,40.7,432.65,0.219
2025-10-28 21:00:00,F1_R4,14,1,1.11,21,28,10,14.88,37.08,424.17,0.205
2025-10-28 22:00:00,F1_R4,14,1,1.11,22,28,10,14.0,34.95,421.39,0.201
2025-10-28 23:00:00,F1_R4,14,1,1.11,23,28,10,13.82,32.42,420.45,0.2
2025-10-29 00:00:00,F1_R4,14,1,1.11,0,29,10,12.82,30.5,420.02,0.2
2025-10-29 01:00:00,F1_R4,14,1,1.11,1,29,10,13.31,30.81,420.05,0.2
2025-10-29 02:00:00,F1_R4,14,1,1.11,2,29,10,13.18,32.14,420.15,0.2
2025-10-29 03:00:00,F1_R4,14,1,1.11,3,29,10,13.02,33.9,420.47,0.2
2025-10-29 04:00:00,F1_R4,14,1,1.11,4,29,10,13.11,34.8,421.38,0.201
2025-10-29 05:00:00,F1_R4,14,1,1.11,5,29,10,13.73,37.08,424.17,0.202
2025-10-29 06:00:00,F1_R4,14,1,1.11,6,29,10,14.17,40.76,432.67,0.208
2025-10-29 07:00:00,F1_R4,14,1,1.11,7,29,10,15.14,43.52,455.57,0.228
2025-10-29 08:00:00,F1_R4,14,1,1.11,8,29,10,16.16,46.31,508.57,0.286
2025-10-29 09:00:00,F1_R4,14,1,1.11,9,29,10,17.68,50.23,601.33,0.415
2025-10-29 10:00:00,F1_R4,14,1,1.11,10,29,10,18.68,52.83,688.99,0.525
2025-10-29 11:00:00,F1_R4,14,1,1.11,11,29,10,20.87,55.33,742.29,0.584
2025-10-29 12:00:00,F1_R4,14,1,1.11,12,29,10,22.66,57.31,767.42,0.617
2025-10-29 13:00:00,F1_R4,14,1,1.11,13,29,10,23.05,56.79,762.35,0.578
2025-10-29 14:00:00,F1_R4,14,1,1.11,14,29,10,23.07,56.32,757.97,0.578
2025-10-29 15:00:00,F1_R4,14,1,1.11,15,29,10,22.96,55.28,741.86,0.582
2025-10-29 16:00:00,F1_R4,14,1,1.11,16,29,10,21.52,52.55,686.92,0.516
2025-10-29 17:00:00,F1_R4,14,1,1.11,17,29,10,20.07,50.11,600.76,0.413
2025-10-29 18:00:00,F1_R4,14,1,1.11,18,29,10,19.29,46.09,508.03,0.284
2025-10-29 19:00:00,F1_R4,14,1,1.11,19,29,10,17.41,42.43,454.51,0.225
2025-10-29 20:00:00,F1_R4,14,1,1.11,20,29,10,15.83,40.7,432.65,0.208
2025-10-29 21:00:00,F1_R4,14,1,1.11,21,29,10,14.88,37.08,424.17,0.202
2025-10-29 22:00:00,F1_R4,14,1,1.11,22,29,10,14.0,34.95,421.39,0.201
2025-10-29 23:00:00,F1_R4,14,1,1.11,23,29,10,13.82,32.42,420.45,0.2
2025-10-30 00:00:00,F1_R4,14,1,1.11,0,30,10,12.82,30.5,420.02,0.2
2025-10-30 01:00:00,F1_R4,14,1,1.11,1,30,10,13.31,30.81,420.05,0.2
2025-10-30 02:00:00,F1_R4,14,1,1.11,2,30,10,13.18,32.14,420.15,0.2
2025-10-30 03:00:00,F1_R4,14,1,1.11,3,30,10,13.02,33.9,420.47,0.2
2025-10-30 04:00:00,F1_R4,14,1,1.11,4,30,10,13.11,34.8,421.38,0.201
2025-10-30 05:00:00,F1_R4,14,1,1.11,5,30,10,13.73,37.08,424.17,0.202
2025-10-30 06:00:00,F1_R4,14,1,1.11,6,30,10,14.17,40.76,432.67,0.208
2025-10-30 07:00:00,F1_R4,14,1,1.11,7,30,10,15.14,43.52,455.57,0.228
2025-10-30 08:00:00,F1_R4,14,1,1.11,8,30,10,16.16,46.31,508.57,0.286
2025-10-30 09:00:00,F1_R4,14,1,1.11,9,30,10,17.68,50.23,601.33,0.415
2025-10-30 10:00:00,F1_R4,14,1,1.11,10,30,10,18.68,52.83,688.99,0.525
2025-10-30 11:00:00,F1_R4,14,1,1.11,11,30,10,20.87,55.33,742.29,0.584
2025-10-30 12:00:00,F1_R4,14,1,1.11,12,30,10,22.66,57.31,767.42,0.617
2025-10-30 13:00:00,F1_R4,14,1,1.11,13,30,10,23.05,56.79,762.35,0.578
2025-10-30 14:00:00,F1_R4,14,1,1.11,14,30,10,23.07,56.32,757.97,0.578
2025-10-30 15:00:00,F1_R4,14,1,1.11,15,30,10,22.96,55.28,741.86,0.582
2025-10-30 16:00:00,F1_R4,14,1,1.11,16,30,10,21.52,52.55,686.92,0.516
2025-10-30 17:00:00,F1_R4,14,1,1.11,17,30,10,20.07,50.11,600.76,0.413
2025-10-30 18:00:00,F1_R4,14,1,1.11,18,30,10,19.29,46.09,508.03,0.284
2025-10-30 19:00:00,F1_R4,14,1,1.11,19,30,10,17.41,42.43,454.51,0.225
2025-10-30 20:00:00,F1_R4,14,1,1.11,20,30,10,15.83,40.7,432.65,0.208
2025-10-30 21:00:00,F1_R4,14,1,1.11,21,30,10,14.88,37.08,424.17,0.202
2025-10-30 22:00:00,F1_R4,14,1,1.11,22,30,10,14.0,34.95,421.39,0.201
2025-10-30 23:00:00,F1_R4,14,1,1.11,23,30,10,13.82,32.42,420.45,0.2
2025-10-31 00:00:00,F1_R4,14,1,1.11,0,31,10,12.82,30.5,420.02,0.2
2025-10-31 01:00:00,F1_R4,14,1,1.11,1,31,10,13.31,30.81,420.05,0.2
2025-10-31 02:00:00,F1_R4,14,1,1.11,2,31,10,13.18,32.14,420.15,0.2
2025-10-31 03:00:00,F1_R4,14,1,1.11,3,31,10,13.02,33.9,420.47,0.2
2025-10-31 04:00:00,F1_R4,14,1,1.11,4,31,10,13.11,34.8,421.38,0.201
2025-10-31 05:00:00,F1_R4,14,1,1.11,5,31,10,13.73,37.08,424.17,0.202
2025-10-31 06:00:00,F1_R4,14,1,1.11,6,31,10,14.17,40.76,432.67,0.208
2025-10-31 07:00:00,F1_R4,14,1,1.11,7,31,10,15.14,43.52,455.57,0.228
2025-10-31 08:00:00,F1_R4,14,1,1.11,8,31,10,16.16,46.31,508.57,0.286
2025-10-31 09:00:00,F1_R4,14,1,1.11,9,31,10,17.68,50.23,601.33,0.415
2025-10-31 10:00:00,F1_R4,14,1,1.11,10,31,10,18.68,52.83,688.99,0.525
2025-10-31 11:00:00,F1_R4,14,1,1.11,11,31,10,20.87,55.33,742.29,0.584
2025-10-31 12:00:00,F1_R4,14,1,1.11,12,31,10,22.66,57.31,767.42,0.617
2025-10-31 13:00:00,F1_R4,14,1,1.11,13,31,10,23.05,56.79,762.35,0.578
2025-10-31 14:00:00,F1_R4,14,1,1.11,14,31,10,23.07,56.32,757.97,0.578
2025-10-31 15:00:00,F1_R4,14,1,1.11,15,31,10,22.96,55.28,741.86,0.582
2025-10-31 16:00:00,F1_R4,14,1,1.11,16,31,10,21.52,52.55,686.92,0.516
2025-10-31 17:00:00,F1_R4,14,1,1.11,17,31,10,20.07,50.11,600.76,0.413
2025-10-31 18:00:00,F1_R4,14,1,1.11,18,31,10,19.29,46.09,508.03,0.284
2025-10-31 19:00:00,F1_R4,14,1,1.11,19,31,10,17.41,42.43,454.51,0.225
2025-10-31 20:00:00,F1_R4,14,1,1.11,20,31,10,15.83,40.7,432.65,0.208
2025-10-31 21:00:00,F1_R4,14,1,1.11,21,31,10,14.88,37.08,424.17,0.202
2025-10-31 22:00:00,F1_R4,14,1,1.11,22,31,10,14.0,34.95,421.39,0.201
2025-10-31 23:00:00,F1_R4,14,1,1.11,23,31,10,13.82,32.42,420.45,0.2
2025-11-01 00:00:00,F1_R4,14,1,1.11,0,1,11,12.82,30.5,420.02,0.2
2025-11-01 01:00:00,F1_R4,14,1,1.11,1,1,11,13.31,30.81,420.05,0.2
2025-11-01 02:00:00,F1_R4,14,1,1.11,2,1,11,13.18,32.14,420.15,0.2
2025-11-01 03:00:00,F1_R4,14,1,1.11,3,1,11,13.02,33.9,420.47,0.2
2025-11-01 04:00:00,F1_R4,14,1,1.11,4,1,11,13.11,34.8,421.38,0.201
2025-11-01 05:00:00,F1_R4,14,1,1.11,5,1,11,13.73,37.08,424.17,0.202
2025-11-01 06:00:00,F1_R4,14,1,1.11,6,1,11,14.17,40.76,432.67,0.208
2025-11-01 07:00:00,F1_R4,14,1,1.11,7,1,11,15.14,43.52,455.57,0.228
2025-11-01 08:00:00,F1_R4,14,1,1.11,8,1,11,16.16,46.31,508.57,0.286
2025-11-01 09:00:00,F1_R4,14,1,1.11,9,1,11,17.68,50.23,601.33,0.415
2025-11-01 10:00:00,F1_R4,14,1,1.11,10,1,11,18.68,52.83,688.99,0.525
2025-11-01 11:00:00,F1_R4,14,1,1.11,11,1,11,20.87,55.33,742.29,0.584
2025-11-01 12:00:00,F1_R4,14,1,1.11,12,1,11,22.66,57.31,767.42,0.617
2025-11-01 13:00:00,F1_R4,14,1,1.11,13,1,11,23.05,56.79,762.35,0.578
2025-11-01 14:00:00,F1_R4,14,1,1.11,14,1,11,23.07,56.32,757.97,0.578
2025-11-01 15:00:00,F1_R4,14,1,1.11,15,1,11,22.96,55.28,741.86,0.582
2025-11-01 16:00:00,F1_R4,14,1,1.11,16,1,11,21.52,52.55,686.92,0.516
2025-11-01 17:00:00,F1_R4,14,1,1.11,17,1,11,20.07,50.11,600.76,0.413
2025-11-01 18:00:00,F1_R4,14,1,1.11,18,1,11,19.29,46.09,508.03,0.284
2025-11-01 19:00:00,F1_R4,14,1,1.11,19,1,11,17.41,42.43,454.51,0.225
2025-11-01 20:00:00,F1_R4,14,1,1.11,20,1,11,15.83,40.7,432.65,0.208
2025-11-01 21:00:00,F1_R4,14,1,1.11,21,1,11,14.88,37.08,424.17,0.202
2025-11-01 22:00:00,F1_R4,14,1,1.11,22,1,11,14.0,34.95,421.39,0.201
2025-11-01 23:00:00,F1_R4,14,1,1.11,23,1,11,13.82,32.42,420.45,0.2
2025-11-02 00:00:00,F1_R4,14,1,1.11,0,2,11,12.82,30.5,420.02,0.2
2025-11-02 01:00:00,F1_R4,14,1,1.11,1,2,11,13.31,30.81,420.05,0.2
2025-11-02 02:00:00,F1_R4,14,1,1.11,2,2,11,13.18,32.14,420.15,0.2
2025-11-02 03:00:00,F1_R4,14,1,1.11,3,2,11,13.02,33.9,420.47,0.2
2025-11-02 04:00:00,F1_R4,14,1,1.11,4,2,11,13.11,34.8,421.38,0.201
2025-11-02 05:00:00,F1_R4,14,1,1.11,5,2,11,13.73,37.08,424.17,0.202
2025-11-02 06:00:00,F1_R4,14,1,1.11,6,2,11,14.17,40.76,432.67,0.208
2025-11-02 07:00:00,F1_R4,14,1,1.11,7,2,11,15.14,43.52,455.57,0.228
2025-11-02 08:00:00,F1_R4,14,1,1.11,8,2,11,16.16,46.31,508.57,0.286
2025-11-02 09:00:00,F1_R4,14,1,1.11,9,2,11,17.68,50.23,601.33,0.415
2025-11-02 10:00:00,F1_R4,14,1,1.11,10,2,11,18.68,52.83,688.99,0.525
2025-11-02 11:00:00,F1_R4,14,1,1.11,11,2,11,20.87,55.33,742.29,0.584
2025-11-02 12:00:00,F1_R4,14,1,1.11,12,2,11,22.66,57.31,767.42,0.617
2025-11-02 13:00:00,F1_R4,14,1,1.11,13,2,11,23.05,56.79,762.35,0.578
2025-11-02 14:00:00,F1_R4,14,1,1.11,14,2,11,23.07,56.32,757.97,0.578
2025-11-02 15:00:00,F1_R4,14,1,1.11,15,2,11,22.96,55.28,741.86,0.582
2025-11-02 16:00:00,F1_R4,14,1,1.11,16,2,11,21.52,52.55,686.92,0.516
2025-11-02 17:00:00,F1_R4,14,1,1.11,17,2,11,20.07,50.11,600.76,0.413
2025-11-02 18:00:00,F1_R4,14,1,1.11,18,2,11,19.29,46.09,508.03,0.284
2025-11-02 19:00:00,F1_R4,14,1,1.11,19,2,11,17.41,42.43,454.51,0.225
2025-11-02 20:00:00,F1_R4,14,1,1.11,20,2,11,15.83,40.7,432.65,0.208
2025-11-02 21:00:00,F1_R4,14,1,1.11,21,2,11,14.88,37.08,424.17,0.202
2025-11-02 22:00:00,F1_R4,14,1,1.11,22,2,11,14.0,34.95,421.39,0.201
2025-11-02 23:00:00,F1_R4,14,1,1.11,23,2,11,13.82,32.42,420.45,0.2
2025-11-03 00:00:00,F1_R4,14,1,1.11,0,3,11,12.82,30.5,420.02,0.2
2025-11-03 01:00:00,F1_R4,14,1,1.11,1,3,11,13.31,30.81,420.05,0.2
2025-11-03 02:00:00,F1_R4,14,1,1.11,2,3,11,13.18,32.14,420.15,0.2
2025-11-03 03:00:00,F1_R4,14,1,1.11,3,3,11,13.02,33.9,420.47,0.2
2025-11-03 04:00:00,F1_R4,14,1,1.11,4,3,11,13.11,34.8,421.38,0.201
2025-11-03 05:00:00,F1_R4,14,1,1.11,5,3,11,13.73,37.08,424.17,0.205
2025-11-03 06:00:00,F1_R4,14,1,1.11,6,3,11,14.17,40.76,432.67,0.219
2025-11-03 07:00:00,F1_R4,14,1,1.11,7,3,11,15.14,43.52,455.57,0.267
2025-11-03 08:00:00,F1_R4,14,1,1.11,8,3,11,16.16,46.31,508.57,0.411
2025-11-03 09:00:00,F1_R4,14,1,1.11,9,3,11,17.68,50.23,601.33,0.715
2025-11-03 10:00:00,F1_R4,14,1,1.11,10,3,11,18.68,52.83,688.99,1.0
2025-11-03 11:00:00,F1_R4,14,1,1.11,11,3,11,20.87,55.33,742.29,1.145
2025-11-03 12:00:00,F1_R4,14,1,1.11,12,3,11,22.66,57.31,767.42,1.205
2025-11-03 13:00:00,F1_R4,14,1,1.11,13,3,11,23.05,56.79,762.35,1.172
2025-11-03 14:00:00,F1_R4,14,1,1.11,14,3,11,23.07,56.32,757.97,1.167
2025-11-03 15:00:00,F1_R4,14,1,1.11,15,3,11,22.96,55.28,741.86,1.143
2025-11-03 16:00:00,F1_R4,14,1,1.11,16,3,11,21.52,52.55,686.92,0.991
2025-11-03 17:00:00,F1_R4,14,1,1.11,17,3,11,20.07,50.11,600.76,0.713
2025-11-03 18:00:00,F1_R4,14,1,1.11,18,3,11,19.29,46.09,508.03,0.409
2025-11-03 19:00:00,F1_R4,14,1,1.11,19,3,11,17.41,42.43,454.51,0.264
2025-11-03 20:00:00,F1_R4,14,1,1.11,20,3,11,15.83,40.7,432.65,0.219
2025-11-03 21:00:00,F1_R4,14,1,1.11,21,3,11,14.88,37.08,424.17,0.205
2025-11-03 22:00:00,F1_R4,14,1,1.11,22,3,11,14.0,34.95,421.39,0.201
2025-11-03 23:00:00,F1_R4,14,1,1.11,23,3,11,13.82,32.42,420.45,0.2
2025-11-04 00:00:00,F1_R4,14,1,1.11,0,4,11,12.82,30.5,420.02,0.2
2025-11-04 01:00:00,F1_R4,14,1,1.11,1,4,11,13.31,30.81,420.05,0.2
2025-11-04 02:00:00,F1_R4,14,1,1.11,2,4,11,13.18,32.14,420.15,0.2
2025-11-04 03:00:00,F1_R4,14,1,1.11,3,4,11,13.02,33.9,420.47,0.2
2025-11-04 04:00:00,F1_R4,14,1,1.11,4,4,11,13.11,34.8,421.38,0.201
2025-11-04 05:00:00,F1_R4,14,1,1.11,5,4,11,13.73,37.08,424.17,0.205
2025-11-04 06:00:00,F1_R4,14,1,1.11,6,4,11,14.17,40.76,432.67,0.219
2025-11-04 07:00:00,F1_R4,14,1,1.11,7,4,11,15.14,43.52,455.57,0.267
2025-11-04 08:00:00,F1_R4,14,1,1.11,8,4,11,16.16,46.31,508.57,0.411
2025-11-04 09:00:00,F1_R4,14,1,1.11,9,4,11,17.68,50.23,601.33,0.715
2025-11-04 10:00:00,F1_R4,14,1,1.11,10,4,11,18.68,52.83,688.99,1.0
2025-11-04 11:00:00,F1_R4,14,1,1.11,11,4,11,20.87,55.33,742.29,1.145
2025-11-04 12:00:00,F1_R4,14,1,1.11,12,4,11,22.66,57.31,767.42,1.205
2025-11-04 13:00:00,F1_R4,14,1,1.11,13,4,11,23.05,56.79,762.35,1.172
2025-11-04 14:00:00,F1_R4,14,1,1.11,14,4,11,23.07,56.32,757.97,1.167
2025-11-04 15:00:00,F1_R4,14,1,1.11,15,4,11,22.96,55.28,741.86,1.143
2025-11-04 16:00:00,F1_R4,14,1,1.11,16,4,11,21.52,52.55,686.92,0.991
2025-11-04 17:00:00,F1_R4,14,1,1.11,17,4,11,20.07,50.11,600.76,0.713
2025-11-04 18:00:00,F1_R4,14,1,1.11,18,4,11,19.29,46.09,508.03,0.409
2025-11-04 19:00:00,F1_R4,14,1,1.11,19,4,11,17.41,42.43,454.51,0.264
2025-11-04 20:00:00,F1_R4,14,1,1.11,20,4,11,15.83,40.7,432.65,0.219
2025-11-04 21:00:00,F1_R4,14,1,1.11,21,4,11,14.88,37.08,424.17,0.205
2025-11-04 22:00:00,F1_R4,14,1,1.11,22,4,11,14.0,34.95,421.39,0.201
2025-11-04 23:00:00,F1_R4,14,1,1.11,23,4,11,13.82,32.42,420.45,0.2
2025-11-05 00:00:00,F1_R4,14,1,1.11,0,5,11,12.82,30.5,420.02,0.2
2025-11-05 01:00:00,F1_R4,14,1,1.11,1,5,11,13.31,30.81,420.05,0.2
2025-11-05 02:00:00,F1_R4,14,1,1.11,2,5,11,13.18,32.14,420.15,0.2
2025-11-05 03:00:00,F1_R4,14,1,1.11,3,5,11,13.02,33.9,420.47,0.2
2025-11-05 04:00:00,F1_R4,14,1,1.11,4,5,11,13.11,34.8,421.38,0.201
2025-11-05 05:00:00,F1_R4,14,1,1.11,5,5,11,13.73,37.08,424.17,0.202
2025-11-05 06:00:00,F1_R4,14,1,1.11,6,5,11,14.17,40.76,432.67,0.208
2025-11-05 07:00:00,F1_R4,14,1,1.11,7,5,11,15.14,43.52,455.57,0.228
2025-11-05 08:00:00,F1_R4,14,1,1.11,8,5,11,16.16,46.31,508.57,0.286
2025-11-05 09:00:00,F1_R4,14,1,1.11,9,5,11,17.68,50.23,601.33,0.415
2025-11-05 10:00:00,F1_R4,14,1,1.11,10,5,11,18.68,52.83,688.99,0.525
2025-11-05 11:00:00,F1_R4,14,1,1.11,11,5,11,20.87,55.33,742.29,0.584
2025-11-05 12:00:00,F1_R4,14,1,1.11,12,5,11,22.66,57.31,767.42,0.617
2025-11-05 13:00:00,F1_R4,14,1,1.11,13,5,11,23.05,56.79,762.35,0.578
2025-11-05 14:00:00,F1_R4,14,1,1.11,14,5,11,23.07,56.32,757.97,0.578
2025-11-05 15:00:00,F1_R4,14,1,1.11,15,5,11,22.96,55.28,741.86,0.582
2025-11-05 16:00:00,F1_R4,14,1,1.11,16,5,11,21.52,52.55,686.92,0.516
2025-11-05 17:00:00,F1_R4,14,1,1.11,17,5,11,20.07,50.11,600.76,0.413
2025-11-05 18:00:00,F1_R4,14,1,1.11,18,5,11,19.29,46.09,508.03,0.284
2025-11-05 19:00:00,F1_R4,14,1,1.11,19,5,11,17.41,42.43,454.51,0.225
2025-11-05 20:00:00,F1_R4,14,1,1.11,20,5,11,15.83,40.7,432.65,0.208
2025-11-05 21:00:00,F1_R4,14,1,1.11,21,5,11,14.88,37.08,424.17,0.202
2025-11-05 22:00:00,F1_R4,14,1,1.11,22,5,11,14.0,34.95,421.39,0.201
2025-11-05 23:00:00,F1_R4,14,1,1.11,23,5,11,13.82,32.42,420.45,0.2
2025-11-06 00:00:00,F1_R4,14,1,1.11,0,6,11,12.82,30.5,420.02,0.2
2025-11-06 01:00:00,F1_R4,14,1,1.11,1,6,11,13.31,30.81,420.05,0.2
2025-11-06 02:00:00,F1_R4,14,1,1.11,2,6,11,13.18,32.14,420.15,0.2
2025-11-06 03:00:00,F1_R4,14,1,1.11,3,6,11,13.02,33.9,420.47,0.2
2025-11-06 04:00:00,F1_R4,14,1,1.11,4,6,11,13.11,34.8,421.38,0.201
2025-11-06 05:00:00,F1_R4,14,1,1.11,5,6,11,13.73,37.08,424.17,0.202
2025-11-06 06:00:00,F1_R4,14,1,1.11,6,6,11,14.17,40.76,432.67,0.208
2025-11-06 07:00:00,F1_R4,14,1,1.11,7,6,11,15.14,43.52,455.57,0.228
2025-11-06 08:00:00,F1_R4,14,1,1.11,8,6,11,16.16,46.31,508.57,0.286
2025-11-06 09:00:00,F1_R4,14,1,1.11,9,6,11,17.68,50.23,601.33,0.415
2025-11-06 10:00:00,F1_R4,14,1,1.11,10,6,11,18.68,52.83,688.99,0.525
2025-11-06 11:00:00,F1_R4,14,1,1.11,11,6,11,20.87,55.33,742.29,0.584
2025-11-06 12:00:00,F1_R4,14,1,1.11,12,6,11,22.66,57.31,767.42,0.617
2025-11-06 13:00:00,F1_R4,14,1,1.11,13,6,11,23.05,56.79,762.35,0.578
2025-11-06 14:00:00,F1_R4,14,1,1.11,14,6,11,23.07,56.32,757.97,0.578
2025-11-06 15:00:00,F1_R4,14,1,1.11,15,6,11,22.96,55.28,741.86,0.582
2025-11-06 16:00:00,F1_R4,14,1,1.11,16,6,11,21.52,52.55,686.92,0.516
2025-11-06 17:00:00,F1_R4,14,1,1.11,17,6,11,20.07,50.11,600.76,0.413
2025-11-06 18:00:00,F1_R4,14,1,1.11,18,6,11,19.29,46.09,508.03,0.284
2025-11-06 19:00:00,F1_R4,14,1,1.11,19,6,11,17.41,42.43,454.51,0.225
2025-11-06 20:00:00,F1_R4,14,1,1.11,20,6,11,15.83,40.7,432.65,0.208
2025-11-06 21:00:00,F1_R4,14,1,1.11,21,6,11,14.88,37.08,424.17,0.202
2025-11-06 22:00:00,F1_R4,14,1,1.11,22,6,11,14.0,34.95,421.39,0.201
2025-11-06 23:00:00,F1_R4,14,1,1.11,23,6,11,13.82,32.42,420.45,0.2
2025-11-07 00:00:00,F1_R4,14,1,1.11,0,7,11,12.82,30.5,420.02,0.2
2025-11-07 01:00:00,F1_R4,14,1,1.11,1,7,11,13.31,30.81,420.05,0.2
2025-11-07 02:00:00,F1_R4,14,1,1.11,2,7,11,13.18,32.14,420.15,0.2
2025-11-07 03:00:00,F1_R4,14,1,1.11,3,7,11,13.02,33.9,420.47,0.2
2025-11-07 04:00:00,F1_R4,14,1,1.11,4,7,11,13.11,34.8,421.38,0.201
2025-11-07 05:00:00,F1_R4,14,1,1.11,5,7,11,13.73,37.08,424.17,0.202
2025-11-07 06:00:00,F1_R4,14,1,1.11,6,7,11,14.17,40.76,432.67,0.208
2025-11-07 07:00:00,F1_R4,14,1,1.11,7,7,11,15.14,43.52,455.57,0.228
2025-11-07 08:00:00,F1_R4,14,1,1.11,8,7,11,16.16,46.31,508.57,0.286
2025-11-07 09:00:00,F1_R4,14,1,1.11,9,7,11,17.68,50.23,601.33,0.415
2025-11-07 10:00:00,F1_R4,14,1,1.11,10,7,11,18.68,52.83,688.99,0.525
2025-11-07 11:00:00,F1_R4,14,1,1.11,11,7,11,20.87,55.33,742.29,0.584
2025-11-07 12:00:00,F1_R4,14,1,1.11,12,7,11,22.66,57.31,767.42,0.617
2025-11-07 13:00:00,F1_R4,14,1,1.11,13,7,11,23.05,56.79,762.35,0.578
2025-11-07 14:00:00,F1_R4,14,1,1.11,14,7,11,23.07,56.32,757.97,0.578
2025-11-07 15:00:00,F1_R4,14,1,1.11,15,7,11,22.96,55.28,741.86,0.582
2025-11-07 16:00:00,F1_R4,14,1,1.11,16,7,11,21.52,52.55,686.92,0.516
2025-11-07 17:00:00,F1_R4,14,1,1.11,17,7,11,20.07,50.11,600.76,0.413
2025-11-07 18:00:00,F1_R4,14,1,1.11,18,7,11,19.29,46.09,508.03,0.284
2025-11-07 19:00:00,F1_R4,14,1,1.11,19,7,11,17.41,42.43,454.51,0.225
2025-11-07 20:00:00,F1_R4,14,1,1.11,20,7,11,15.83,40.7,432.65,0.208
2025-11-07 21:00:00,F1_R4,14,1,1.11,21,7,11,14.88,37.08,424.17,0.202
2025-11-07 22:00:00,F1_R4,14,1,1.11,22,7,11,14.0,34.95,421.39,0.201
2025-11-07 23:00:00,F1_R4,14,1,1.11,23,7,11,13.82,32.42,420.45,0.2
2025-11-08 00:00:00,F1_R4,14,1,1.11,0,8,11,12.82,30.5,420.02,0.2
2025-11-08 01:00:00,F1_R4,14,1,1.11,1,8,11,13.31,30.81,420.05,0.2
2025-11-08 02:00:00,F1_R4,14,1,1.11,2,8,11,13.18,32.14,420.15,0.2
2025-11-08 03:00:00,F1_R4,14,1,1.11,3,8,11,13.02,33.9,420.47,0.2
2025-11-08 04:00:00,F1_R4,14,1,1.11,4,8,11,13.11,34.8,421.38,0.201
2025-11-08 05:00:00,F1_R4,14,1,1.11,5,8,11,13.73,37.08,424.17,0.202
2025-11-08 06:00:00,F1_R4,14,1,1.11,6,8,11,14.17,40.76,432.67,0.208
2025-11-08 07:00:00,F1_R4,14,1,1.11,7,8,11,15.14,43.52,455.57,0.228
2025-11-08 08:00:00,F1_R4,14,1,1.11,8,8,11,16.16,46.31,508.57,0.286
2025-11-08 09:00:00,F1_R4,14,1,1.11,9,8,11,17.68,50.23,601.33,0.415
2025-11-08 10:00:00,F1_R4,14,1,1.11,10,8,11,18.68,52.83,688.99,0.525
2025-11-08 11:00:00,F1_R4,14,1,1.11,11,8,11,20.87,55.33,742.29,0.584
2025-11-08 12:00:00,F1_R4,14,1,1.11,12,8,11,22.66,57.31,767.42,0.617
2025-11-08 13:00:00,F1_R4,14,1,1.11,13,8,11,23.05,56.79,762.35,0.578
2025-11-08 14:00:00,F1_R4,14,1,1.11,14,8,11,23.07,56.32,757.97,0.578
2025-11-08 15:00:00,F1_R4,14,1,1.11,15,8,11,22.96,55.28,741.86,0.582
2025-11-08 16:00:00,F1_R4,14,1,1.11,16,8,11,21.52,52.55,686.92,0.516
2025-11-08 17:00:00,F1_R4,14,1,1.11,17,8,11,20.07,50.11,600.76,0.413
2025-11-08 18:00:00,F1_R4,14,1,1.11,18,8,11,19.29,46.09,508.03,0.284
2025-11-08 19:00:00,F1_R4,14,1,1.11,19,8,11,17.41,42.43,454.51,0.225
2025-11-08 20:00:00,F1_R4,14,1,1.11,20,8,11,15.83,40.7,432.65,0.208
2025-11-08 21:00:00,F1_R4,14,1,1.11,21,8,11,14.88,37.08,424.17,0.202
2025-11-08 22:00:00,F1_R4,14,1,1.11,22,8,11,14.0,34.95,421.39,0.201
2025-11-08 23:00:00,F1_R4,14,1,1.11,23,8,11,13.82,32.42,420.45,0.2
2025-11-09 00:00:00,F1_R4,14,1,1.11,0,9,11,12.82,30.5,420.02,0.2
2025-11-09 01:00:00,F1_R4,14,1,1.11,1,9,11,13.31,30.81,420.05,0.2
2025-11-09 02:00:00,F1_R4,14,1,1.11,2,9,11,13.18,32.14,420.15,0.2
2025-11-09 03:00:00,F1_R4,14,1,1.11,3,9,11,13.02,33.9,420.47,0.2
2025-11-09 04:00:00,F1_R4,14,1,1.11,4,9,11,13.11,34.8,421.38,0.201
2025-11-09 05:00:00,F1_R4,14,1,1.11,5,9,11,13.73,37.08,424.17,0.202
2025-11-09 06:00:00,F1_R4,14,1,1.11,6,9,11,14.17,40.76,432.67,0.208
2025-11-09 07:00:00,F1_R4,14,1,1.11,7,9,11,15.14,43.52,455.57,0.228
2025-11-09 08:00:00,F1_R4,14,1,1.11,8,9,11,16.16,46.31,508.57,0.286
2025-11-09 09:00:00,F1_R4,14,1,1.11,9,9,11,17.68,50.23,601.33,0.415
2025-11-09 10:00:00,F1_R4,14,1,1.11,10,9,11,18.68,52.83,688.99,0.525
2025-11-09 11:00:00,F1_R4,14,1,1.11,11,9,11,20.87,55.33,742.29,0.584
2025-11-09 12:00:00,F1_R4,14,1,1.11,12,9,11,22.66,57.31,767.42,0.617
2025-11-09 13:00:00,F1_R4,14,1,1.11,13,9,11,23.05,56.79,762.35,0.578
2025-11-09 14:00:00,F1_R4,14,1,1.11,14,9,11,23.07,56.32,757.97,0.578
2025-11-09 15:00:00,F1_R4,14,1,1.11,15,9,11,22.96,55.28,741.86,0.582
2025-11-09 16:00:00,F1_R4,14,1,1.11,16,9,11,21.52,52.55,686.92,0.516
2025-11-09 17:00:00,F1_R4,14,1,1.11,17,9,11,20.07,50.11,600.76,0.413
2025-11-09 18:00:00,F1_R4,14,1,1.11,18,9,11,19.29,46.09,508.03,0.284
2025-11-09 19:00:00,F1_R4,14,1,1.11,19,9,11,17.41,42.43,454.51,0.225
2025-11-09 20:00:00,F1_R4,14,1,1.11,20,9,11,15.83,40.7,432.65,0.208
2025-11-09 21:00:00,F1_R4,14,1,1.11,21,9,11,14.88,37.08,424.17,0.202
2025-11-09 22:00:00,F1_R4,14,1,1.11,22,9,11,14.0,34.95,421.39,0.201
2025-11-09 23:00:00,F1_R4,14,1,1.11,23,9,11,13.82,32.42,420.45,0.2
2025-11-10 00:00:00,F1_R4,14,1,1.11,0,10,11,12.82,30.5,420.02,0.2
2025-11-10 01:00:00,F1_R4,14,1,1.11,1,10,11,13.31,30.81,420.05,0.2
2025-11-10 02:00:00,F1_R4,14,1,1.11,2,10,11,13.18,32.14,420.15,0.2
2025-11-10 03:00:00,F1_R4,14,1,1.11,3,10,11,13.02,33.9,420.47,0.2
2025-11-10 04:00:00,F1_R4,14,1,1.11,4,10,11,13.11,34.8,421.38,0.201
2025-11-10 05:00:00,F1_R4,14,1,1.11,5,10,11,13.73,37.08,424.17,0.205
2025-11-10 06:00:00,F1_R4,14,1,1.11,6,10,11,14.17,40.76,432.67,0.219
2025-11-10 07:00:00,F1_R4,14,1,1.11,7,10,11,15.14,43.52,455.57,0.267
2025-11-10 08:00:00,F1_R4,14,1,1.11,8,10,11,16.16,46.31,508.57,0.411
2025-11-10 09:00:00,F1_R4,14,1,1.11,9,10,11,17.68,50.23,601.33,0.715
2025-11-10 10:00:00,F1_R4,14,1,1.11,10,10,11,18.68,52.83,688.99,1.0
2025-11-10 11:00:00,F1_R4,14,1,1.11,11,10,11,20.87,55.33,742.29,1.145
2025-11-10 12:00:00,F1_R4,14,1,1.11,12,10,11,22.66,57.31,767.42,1.205
2025-11-10 13:00:00,F1_R4,14,1,1.11,13,10,11,23.05,56.79,762.35,1.172
2025-11-10 14:00:00,F1_R4,14,1,1.11,14,10,11,23.07,56.32,757.97,1.167
2025-11-10 15:00:00,F1_R4,14,1,1.11,15,10,11,22.96,55.28,741.86,1.143
2025-11-10 16:00:00,F1_R4,14,1,1.11,16,10,11,21.52,52.55,686.92,0.991
2025-11-10 17:00:00,F1_R4,14,1,1.11,17,10,11,20.07,50.11,600.76,0.713
2025-11-10 18:00:00,F1_R4,14,1,1.11,18,10,11,19.29,46.09,508.03,0.409
2025-11-10 19:00:00,F1_R4,14,1,1.11,19,10,11,17.41,42.43,454.51,0.264
2025-11-10 20:00:00,F1_R4,14,1,1.11,20,10,11,15.83,40.7,432.65,0.219
2025-11-10 21:00:00,F1_R4,14,1,1.11,21,10,11,14.88,37.08,424.17,0.205
2025-11-10 22:00:00,F1_R4,14,1,1.11,22,10,11,14.0,34.95,421.39,0.201
2025-11-10 23:00:00,F1_R4,14,1,1.11,23,10,11,13.82,32.42,420.45,0.2
2025-11-11 00:00:00,F1_R4,14,1,1.11,0,11,11,12.82,30.5,420.02,0.2
2025-11-11 01:00:00,F1_R4,14,1,1.11,1,11,11,13.31,30.81,420.05,0.2
2025-11-11 02:00:00,F1_R4,14,1,1.11,2,11,11,13.18,32.14,420.15,0.2
2025-11-11 03:00:00,F1_R4,14,1,1.11,3,11,11,13.02,33.9,420.47,0.2
2025-11-11 04:00:00,F1_R4,14,1,1.11,4,11,11,13.11,34.8,421.38,0.201
2025-11-11 05:00:00,F1_R4,14,1,1.11,5,11,11,13.73,37.08,424.17,0.205
2025-11-11 06:00:00,F1_R4,14,1,1.11,6,11,11,14.17,40.76,432.67,0.219
2025-11-11 07:00:00,F1_R4,14,1,1.11,7,11,11,15.14,43.52,455.57,0.267
2025-11-11 08:00:00,F1_R4,14,1,1.11,8,11,11,16.16,46.31,508.57,0.411
2025-11-11 09:00:00,F1_R4,14,1,1.11,9,11,11,17.68,50.23,601.33,0.715
2025-11-11 10:00:00,F1_R4,14,1,1.11,10,11,11,18.68,52.83,688.99,1.0
2025-11-11 11:00:00,F1_R4,14,1,1.11,11,11,11,20.87,55.33,742.29,1.145
2025-11-11 12:00:00,F1_R4,14,1,1.11,12,11,11,22.66,57.31,767.42,1.205
2025-11-11 13:00:00,F1_R4,14,1,1.11,13,11,11,23.05,56.79,762.35,1.172
2025-11-11 14:00:00,F1_R4,14,1,1.11,14,11,11,23.07,56.32,757.97,1.167
2025-11-11 15:00:00,F1_R4,14,1,1.11,15,11,11,22.96,55.28,741.86,1.143
2025-11-11 16:00:00,F1_R4,14,1,1.11,16,11,11,21.52,52.55,686.92,0.991
2025-11-11 17:00:00,F1_R4,14,1,1.11,17,11,11,20.07,50.11,600.76,0.713
2025-11-11 18:00:00,F1_R4,14,1,1.11,18,11,11,19.29,46.09,508.03,0.409
2025-11-11 19:00:00,F1_R4,14,1,1.11,19,11,11,17.41,42.43,454.51,0.264
2025-11-11 20:00:00,F1_R4,14,1,1.11,20,11,11,15.83,40.7,432.65,0.219
2025-11-11 21:00:00,F1_R4,14,1,1.11,21,11,11,14.88,37.08,424.17,0.205
2025-11-11 22:00:00,F1_R4,14,1,1.11,22,11,11,14.0,34.95,421.39,0.201
2025-11-11 23:00:00,F1_R4,14,1,1.11,23,11,11,13.82,32.42,420.45,0.2
2025-11-12 00:00:00,F1_R4,14,1,1.11,0,12,11,12.82,30.5,420.02,0.2
2025-11-12 01:00:00,F1_R4,14,1,1.11,1,12,11,13.31,30.81,420.05,0.2
2025-11-12 02:00:00,F1_R4,14,1,1.11,2,12,11,13.18,32.14,420.15,0.2
2025-11-12 03:00:00,F1_R4,14,1,1.11,3,12,11,13.02,33.9,420.47,0.2
2025-11-12 04:00:00,F1_R4,14,1,1.11,4,12,11,13.11,34.8,421.38,0.201
2025-11-12 05:00:00,F1_R4,14,1,1.11,5,12,11,13.73,37.08,424.17,0.202
2025-11-12 06:00:00,F1_R4,14,1,1.11,6,12,11,14.17,40.76,432.67,0.208
2025-11-12 07:00:00,F1_R4,14,1,1.11,7,12,11,15.14,43.52,455.57,0.228
2025-11-12 08:00:00,F1_R4,14,1,1.11,8,12,11,16.16,46.31,508.57,0.286
2025-11-12 09:00:00,F1_R4,14,1,1.11,9,12,11,17.68,50.23,601.33,0.415
2025-11-12 10:00:00,F1_R4,14,1,1.11,10,12,11,18.68,52.83,688.99,0.525
2025-11-12 11:00:00,F1_R4,14,1,1.11,11,12,11,20.87,55.33,742.29,0.584
2025-11-12 12:00:00,F1_R4,14,1,1.11,12,12,11,22.66,57.31,767.42,0.617
2025-11-12 13:00:00,F1_R4,14,1,1.11,13,12,11,23.05,56.79,762.35,0.578
2025-11-12 14:00:00,F1_R4,14,1,1.11,14,12,11,23.07,56.32,757.97,0.578
2025-11-12 15:00:00,F1_R4,14,1,1.11,15,12,11,22.96,55.28,741.86,0.582
2025-11-12 16:00:00,F1_R4,14,1,1.11,16,12,11,21.52,52.55,686.92,0.516
2025-11-12 17:00:00,F1_R4,14,1,1.11,17,12,11,20.07,50.11,600.76,0.413
2025-11-12 18:00:00,F1_R4,14,1,1.11,18,12,11,19.29,46.09,508.03,0.284
2025-11-12 19:00:00,F1_R4,14,1,1.11,19,12,11,17.41,42.43,454.51,0.225
2025-11-12 20:00:00,F1_R4,14,1,1.11,20,12,11,15.83,40.7,432.65,0.208
2025-11-12 21:00:00,F1_R4,14,1,1.11,21,12,11,14.88,37.08,424.17,0.202
2025-11-12 22:00:00,F1_R4,14,1,1.11,22,12,11,14.0,34.95,421.39,0.201
2025-11-12 23:00:00,F1_R4,14,1,1.11,23,12,11,13.82,32.42,420.45,0.2
2025-11-13 00:00:00,F1_R4,14,1,1.11,0,13,11,12.82,30.5,420.02,0.2
2025-11-13 01:00:00,F1_R4,14,1,1.11,1,13,11,13.31,30.81,420.05,0.2
2025-11-13 02:00:00,F1_R4,14,1,1.11,2,13,11,13.18,32.14,420.15,0.2
2025-11-13 03:00:00,F1_R4,14,1,1.11,3,13,11,13.02,33.9,420.47,0.2
2025-11-13 04:00:00,F1_R4,14,1,1.11,4,13,11,13.11,34.8,421.38,0.201
2025-11-13 05:00:00,F1_R4,14,1,1.11,5,13,11,13.73,37.08,424.17,0.202
2025-11-13 06:00:00,F1_R4,14,1,1.11,6,13,11,14.17,40.76,432.67,0.208
2025-11-13 07:00:00,F1_R4,14,1,1.11,7,13,11,15.14,43.52,455.57,0.228
2025-11-13 08:00:00,F1_R4,14,1,1.11,8,13,11,16.16,46.31,508.57,0.286
2025-11-13 09:00:00,F1_R4,14,1,1.11,9,13,11,17.68,50.23,601.33,0.415
2025-11-13 10:00:00,F1_R4,14,1,1.11,10,13,11,18.68,52.83,688.99,0.525
2025-11-13 11:00:00,F1_R4,14,1,1.11,11,13,11,20.87,55.33,742.29,0.584
2025-11-13 12:00:00,F1_R4,14,1,1.11,12,13,11,22.66,57.31,767.42,0.617
2025-11-13 13:00:00,F1_R4,14,1,1.11,13,13,11,23.05,56.79,762.35,0.578
2025-11-13 14:00:00,F1_R4,14,1,1.11,14,13,11,23.07,56.32,757.97,0.578
2025-11-13 15:00:00,F1_R4,14,1,1.11,15,13,11,22.96,55.28,741.86,0.582
2025-11-13 16:00:00,F1_R4,14,1,1.11,16,13,11,21.52,52.55,686.92,0.516
2025-11-13 17:00:00,F1_R4,14,1,1.11,17,13,11,20.07,50.11,600.76,0.413
2025-11-13 18:00:00,F1_R4,14,1,1.11,18,13,11,19.29,46.09,508.03,0.284
2025-11-13 19:00:00,F1_R4,14,1,1.11,19,13,11,17.41,42.43,454.51,0.225
2025-11-13 20:00:00,F1_R4,14,1,1.11,20,13,11,15.83,40.7,432.65,0.208
2025-11-13 21:00:00,F1_R4,14,1,1.11,21,13,11,14.88,37.08,424.17,0.202
2025-11-13 22:00:00,F1_R4,14,1,1.11,22,13,11,14.0,34.95,421.39,0.201
2025-11-13 23:00:00,F1_R4,14,1,1.11,23,13,11,13.82,32.42,420.45,0.2
2025-11-14 00:00:00,F1_R4,14,1,1.11,0,14,11,12.82,30.5,420.02,0.2
2025-11-14 01:00:00,F1_R4,14,1,1.11,1,14,11,13.31,30.81,420.05,0.2
2025-11-14 02:00:00,F1_R4,14,1,1.11,2,14,11,13.18,32.14,420.15,0.2
2025-11-14 03:00:00,F1_R4,14,1,1.11,3,14,11,13.02,33.9,420.47,0.2
2025-11-14 04:00:00,F1_R4,14,1,1.11,4,14,11,13.11,34.8,421.38,0.201
2025-11-14 05:00:00,F1_R4,14,1,1.11,5,14,11,13.73,37.08,424.17,0.202
2025-11-14 06:00:00,F1_R4,14,1,1.11,6,14,11,14.17,40.76,432.67,0.208
2025-11-14 07:00:00,F1_R4,14,1,1.11,7,14,11,15.14,43.52,455.57,0.228
2025-11-14 08:00:00,F1_R4,14,1,1.11,8,14,11,16.16,46.31,508.57,0.286
2025-11-14 09:00:00,F1_R4,14,1,1.11,9,14,11,17.68,50.23,601.33,0.415
2025-11-14 10:00:00,F1_R4,14,1,1.11,10,14,11,18.68,52.83,688.99,0.525
2025-11-14 11:00:00,F1_R4,14,1,1.11,11,14,11,20.87,55.33,742.29,0.584
2025-11-14 12:00:00,F1_R4,14,1,1.11,12,14,11,22.66,57.31,767.42,0.617
2025-11-14 13:00:00,F1_R4,14,1,1.11,13,14,11,23.05,56.79,762.35,0.578
2025-11-14 14:00:00,F1_R4,14,1,1.11,14,14,11,23.07,56.32,757.97,0.578
2025-11-14 15:00:00,F1_R4,14,1,1.11,15,14,11,22.96,55.28,741.86,0.582
2025-11-14 16:00:00,F1_R4,14,1,1.11,16,14,11,21.52,52.55,686.92,0.516
2025-11-14 17:00:00,F1_R4,14,1,1.11,17,14,11,20.07,50.11,600.76,0.413
2025-11-14 18:00:00,F1_R4,14,1,1.11,18,14,11,19.29,46.09,508.03,0.284
2025-11-14 19:00:00,F1_R4,14,1,1.11,19,14,11,17.41,42.43,454.51,0.225
2025-11-14 20:00:00,F1_R4,14,1,1.11,20,14,11,15.83,40.7,432.65,0.208
2025-11-14 21:00:00,F1_R4,14,1,1.11,21,14,11,14.88,37.08,424.17,0.202
2025-11-14 22:00:00,F1_R4,14,1,1.11,22,14,11,14.0,34.95,421.39,0.201
2025-11-14 23:00:00,F1_R4,14,1,1.11,23,14,11,13.82,32.42,420.45,0.2
2025-11-15 00:00:00,F1_R4,14,1,1.11,0,15,11,12.82,30.5,420.02,0.2
2025-11-15 01:00:00,F1_R4,14,1,1.11,1,15,11,13.31,30.81,420.05,0.2
2025-11-15 02:00:00,F1_R4,14,1,1.11,2,15,11,13.18,32.14,420.15,0.2
2025-11-15 03:00:00,F1_R4,14,1,1.11,3,15,11,13.02,33.9,420.47,0.2
2025-11-15 04:00:00,F1_R4,14,1,1.11,4,15,11,13.11,34.8,421.38,0.201
2025-11-15 05:00:00,F1_R4,14,1,1.11,5,15,11,13.73,37.08,424.17,0.202
2025-11-15 06:00:00,F1_R4,14,1,1.11,6,15,11,14.17,40.76,432.67,0.208
2025-11-15 07:00:00,F1_R4,14,1,1.11,7,15,11,15.14,43.52,455.57,0.228
2025-11-15 08:00:00,F1_R4,14,1,1.11,8,15,11,16.16,46.31,508.57,0.286
2025-11-15 09:00:00,F1_R4,14,1,1.11,9,15,11,17.68,50.23,601.33,0.415
2025-11-15 10:00:00,F1_R4,14,1,1.11,10,15,11,18.68,52.83,688.99,0.525
2025-11-15 11:00:00,F1_R4,14,1,1.11,11,15,11,20.87,55.33,742.29,0.584
2025-11-15 12:00:00,F1_R4,14,1,1.11,12,15,11,22.66,57.31,767.42,0.617
2025-11-15 13:00:00,F1_R4,14,1,1.11,13,15,11,23.05,56.79,762.35,0.578
2025-11-15 14:00:00,F1_R4,14,1,1.11,14,15,11,23.07,56.32,757.97,0.578
2025-11-15 15:00:00,F1_R4,14,1,1.11,15,15,11,22.96,55.28,741.86,0.582
2025-11-15 16:00:00,F1_R4,14,1,1.11,16,15,11,21.52,52.55,686.92,0.516
2025-11-15 17:00:00,F1_R4,14,1,1.11,17,15,11,20.07,50.11,600.76,0.413
2025-11-15 18:00:00,F1_R4,14,1,1.11,18,15,11,19.29,46.09,508.03,0.284
2025-11-15 19:00:00,F1_R4,14,1,1.11,19,15,11,17.41,42.43,454.51,0.225
2025-11-15 20:00:00,F1_R4,14,1,1.11,20,15,11,15.83,40.7,432.65,0.208
2025-11-15 21:00:00,F1_R4,14,1,1.11,21,15,11,14.88,37.08,424.17,0.202
2025-11-15 22:00:00,F1_R4,14,1,1.11,22,15,11,14.0,34.95,421.39,0.201
2025-11-15 23:00:00,F1_R4,14,1,1.11,23,15,11,13.82,32.42,420.45,0.2
2025-11-16 00:00:00,F1_R4,14,1,1.11,0,16,11,12.82,30.5,420.02,0.2
2025-11-16 01:00:00,F1_R4,14,1,1.11,1,16,11,13.31,30.81,420.05,0.2
2025-11-16 02:00:00,F1_R4,14,1,1.11,2,16,11,13.18,32.14,420.15,0.2
2025-11-16 03:00:00,F1_R4,14,1,1.11,3,16,11,13.02,33.9,420.47,0.2
2025-11-16 04:00:00,F1_R4,14,1,1.11,4,16,11,13.11,34.8,421.38,0.201
2025-11-16 05:00:00,F1_R4,14,1,1.11,5,16,11,13.73,37.08,424.17,0.202
2025-11-16 06:00:00,F1_R4,14,1,1.11,6,16,11,14.17,40.76,432.67,0.208
2025-11-16 07:00:00,F1_R4,14,1,1.11,7,16,11,15.14,43.52,455.57,0.228
2025-11-16 08:00:00,F1_R4,14,1,1.11,8,16,11,16.16,46.31,508.57,0.286
2025-11-16 09:00:00,F1_R4,14,1,1.11,9,16,11,17.68,50.23,601.33,0.415
2025-11-16 10:00:00,F1_R4,14,1,1.11,10,16,11,18.68,52.83,688.99,0.525
2025-11-16 11:00:00,F1_R4,14,1,1.11,11,16,11,20.87,55.33,742.29,0.584
2025-11-16 12:00:00,F1_R4,14,1,1.11,12,16,11,22.66,57.31,767.42,0.617
2025-11-16 13:00:00,F1_R4,14,1,1.11,13,16,11,23.05,56.79,762.35,0.578
2025-11-16 14:00:00,F1_R4,14,1,1.11,14,16,11,23.07,56.32,757.97,0.578
2025-11-16 15:00:00,F1_R4,14,1,1.11,15,16,11,22.96,55.28,741.86,0.582
2025-11-16 16:00:00,F1_R4,14,1,1.11,16,16,11,21.52,52.55,686.92,0.516
2025-11-16 17:00:00,F1_R4,14,1,1.11,17,16,11,20.07,50.11,600.76,0.413
2025-11-16 18:00:00,F1_R4,14,1,1.11,18,16,11,19.29,46.09,508.03,0.284
2025-11-16 19:00:00,F1_R4,14,1,1.11,19,16,11,17.41,42.43,454.51,0.225
2025-11-16 20:00:00,F1_R4,14,1,1.11,20,16,11,15.83,40.7,432.65,0.208
2025-11-16 21:00:00,F1_R4,14,1,1.11,21,16,11,14.88,37.08,424.17,0.202
2025-11-16 22:00:00,F1_R4,14,1,1.11,22,16,11,14.0,34.95,421.39,0.201
2025-11-16 23:00:00,F1_R4,14,1,1.11,23,16,11,13.82,32.42,420.45,0.2
2025-11-17 00:00:00,F1_R4,14,1,1.11,0,17,11,12.82,30.5,420.02,0.2
2025-11-17 01:00:00,F1_R4,14,1,1.11,1,17,11,13.31,30.81,420.05,0.2
2025-11-17 02:00:00,F1_R4,14,1,1.11,2,17,11,13.18,32.14,420.15,0.2
2025-11-17 03:00:00,F1_R4,14,1,1.11,3,17,11,13.02,33.9,420.47,0.2
2025-11-17 04:00:00,F1_R4,14,1,1.11,4,17,11,13.11,34.8,421.38,0.201
2025-11-17 05:00:00,F1_R4,14,1,1.11,5,17,11,13.73,37.08,424.17,0.205
2025-11-17 06:00:00,F1_R4,14,1,1.11,6,17,11,14.17,40.76,432.67,0.219
2025-11-17 07:00:00,F1_R4,14,1,1.11,7,17,11,15.14,43.52,455.57,0.267
2025-11-17 08:00:00,F1_R4,14,1,1.11,8,17,11,16.16,46.31,508.57,0.411
2025-11-17 09:00:00,F1_R4,14,1,1.11,9,17,11,17.68,50.23,601.33,0.715
2025-11-17 10:00:00,F1_R4,14,1,1.11,10,17,11,18.68,52.83,688.99,1.0
2025-11-17 11:00:00,F1_R4,14,1,1.11,11,17,11,20.87,55.33,742.29,1.145
2025-11-17 12:00:00,F1_R4,14,1,1.11,12,17,11,22.66,57.31,767.42,1.205
2025-11-17 13:00:00,F1_R4,14,1,1.11,13,17,11,23.05,56.79,762.35,1.172
2025-11-17 14:00:00,F1_R4,14,1,1.11,14,17,11,23.07,56.32,757.97,1.167
2025-11-17 15:00:00,F1_R4,14,1,1.11,15,17,11,22.96,55.28,741.86,1.143
2025-11-17 16:00:00,F1_R4,14,1,1.11,16,17,11,21.52,52.55,686.92,0.991
2025-11-17 17:00:00,F1_R4,14,1,1.11,17,17,11,20.07,50.11,600.76,0.713
2025-11-17 18:00:00,F1_R4,14,1,1.11,18,17,11,19.29,46.09,508.03,0.409
2025-11-17 19:00:00,F1_R4,14,1,1.11,19,17,11,17.41,42.43,454.51,0.264
2025-11-17 20:00:00,F1_R4,14,1,1.11,20,17,11,15.83,40.7,432.65,0.219
2025-11-17 21:00:00,F1_R4,14,1,1.11,21,17,11,14.88,37.08,424.17,0.205
2025-11-17 22:00:00,F1_R4,14,1,1.11,22,17,11,14.0,34.95,421.39,0.201
2025-11-17 23:00:00,F1_R4,14,1,1.11,23,17,11,13.82,32.42,420.45,0.2
2025-11-18 00:00:00,F1_R4,14,1,1.11,0,18,11,12.82,30.5,420.02,0.2
2025-11-18 01:00:00,F1_R4,14,1,1.11,1,18,11,13.31,30.81,420.05,0.2
2025-11-18 02:00:00,F1_R4,14,1,1.11,2,18,11,13.18,32.14,420.15,0.2
2025-11-18 03:00:00,F1_R4,14,1,1.11,3,18,11,13.02,33.9,420.47,0.2
2025-11-18 04:00:00,F1_R4,14,1,1.11,4,18,11,13.11,34.8,421.38,0.201
2025-11-18 05:00:00,F1_R4,14,1,1.11,5,18,11,13.73,37.08,424.17,0.205
2025-11-18 06:00:00,F1_R4,14,1,1.11,6,18,11,14.17,40.76,432.67,0.219
2025-11-18 07:00:00,F1_R4,14,1,1.11,7,18,11,15.14,43.52,455.57,0.267
2025-11-18 08:00:00,F1_R4,14,1,1.11,8,18,11,16.16,46.31,508.57,0.411
2025-11-18 09:00:00,F1_R4,14,1,1.11,9,18,11,17.68,50.23,601.33,0.715
2025-11-18 10:00:00,F1_R4,14,1,1.11,10,18,11,18.68,52.83,688.99,1.0
2025-11-18 11:00:00,F1_R4,14,1,1.11,11,18,11,20.87,55.33,742.29,1.145
2025-11-18 12:00:00,F1_R4,14,1,1.11,12,18,11,22.66,57.31,767.42,1.205
2025-11-18 13:00:00,F1_R4,14,1,1.11,13,18,11,23.05,56.79,762.35,1.172
2025-11-18 14:00:00,F1_R4,14,1,1.11,14,18,11,23.07,56.32,757.97,1.167
2025-11-18 15:00:00,F1_R4,14,1,1.11,15,18,11,22.96,55.28,741.86,1.143
2025-11-18 16:00:00,F1_R4,14,1,1.11,16,18,11,21.52,52.55,686.92,0.991
2025-11-18 17:00:00,F1_R4,14,1,1.11,17,18,11,20.07,50.11,600.76,0.713
2025-11-18 18:00:00,F1_R4,14,1,1.11,18,18,11,19.29,46.09,508.03,0.409
2025-11-18 19:00:00,F1_R4,14,1,1.11,19,18,11,17.41,42.43,454.51,0.264
2025-11-18 20:00:00,F1_R4,14,1,1.11,20,18,11,15.83,40.7,432.65,0.219
2025-11-18 21:00:00,F1_R4,14,1,1.11,21,18,11,14.88,37.08,424.17,0.205
2025-11-18 22:00:00,F1_R4,14,1,1.11,22,18,11,14.0,34.95,421.39,0.201
2025-11-18 23:00:00,F1_R4,14,1,1.11,23,18,11,13.82,32.42,420.45,0.2
2025-11-19 00:00:00,F1_R4,14,1,1.11,0,19,11,12.82,30.5,420.02,0.2
2025-11-19 01:00:00,F1_R4,14,1,1.11,1,19,11,13.31,30.81,420.05,0.2
2025-11-19 02:00:00,F1_R4,14,1,1.11,2,19,11,13.18,32.14,420.15,0.2
2025-11-19 03:00:00,F1_R4,14,1,1.11,3,19,11,13.02,33.9,420.47,0.2
2025-11-19 04:00:00,F1_R4,14,1,1.11,4,19,11,13.11,34.8,421.38,0.201
2025-11-19 05:00:00,F1_R4,14,1,1.11,5,19,11,13.73,37.08,424.17,0.202
2025-11-19 06:00:00,F1_R4,14,1,1.11,6,19,11,14.17,40.76,432.67,0.208
2025-11-19 07:00:00,F1_R4,14,1,1.11,7,19,11,15.14,43.52,455.57,0.228
2025-11-19 08:00:00,F1_R4,14,1,1.11,8,19,11,16.16,46.31,508.57,0.286
2025-11-19 09:00:00,F1_R4,14,1,1.11,9,19,11,17.68,50.23,601.33,0.415
2025-11-19 10:00:00,F1_R4,14,1,1.11,10,19,11,18.68,52.83,688.99,0.525
2025-11-19 11:00:00,F1_R4,14,1,1.11,11,19,11,20.87,55.33,742.29,0.584
2025-11-19 12:00:00,F1_R4,14,1,1.11,12,19,11,22.66,57.31,767.42,0.617
2025-11-19 13:00:00,F1_R4,14,1,1.11,13,19,11,23.05,56.79,762.35,0.578
2025-11-19 14:00:00,F1_R4,14,1,1.11,14,19,11,23.07,56.32,757.97,0.578
2025-11-19 15:00:00,F1_R4,14,1,1.11,15,19,11,22.96,55.28,741.86,0.582
2025-11-19 16:00:00,F1_R4,14,1,1.11,16,19,11,21.52,52.55,686.92,0.516
2025-11-19 17:00:00,F1_R4,14,1,1.11,17,19,11,20.07,50.11,600.76,0.413
2025-11-19 18:00:00,F1_R4,14,1,1.11,18,19,11,19.29,46.09,508.03,0.284
2025-11-19 19:00:00,F1_R4,14,1,1.11,19,19,11,17.41,42.43,454.51,0.225
2025-11-19 20:00:00,F1_R4,14,1,1.11,20,19,11,15.83,40.7,432.65,0.208
2025-11-19 21:00:00,F1_R4,14,1,1.11,21,19,11,14.88,37.08,424.17,0.202
2025-11-19 22:00:00,F1_R4,14,1,1.11,22,19,11,14.0,34.95,421.39,0.201
2025-11-19 23:00:00,F1_R4,14,1,1.11,23,19,11,13.82,32.42,420.45,0.2
2025-11-20 00:00:00,F1_R4,14,1,1.11,0,20,11,12.82,30.5,420.02,0.2
2025-11-20 01:00:00,F1_R4,14,1,1.11,1,20,11,13.31,30.81,420.05,0.2
2025-11-20 02:00:00,F1_R4,14,1,1.11,2,20,11,13.18,32.14,420.15,0.2
2025-11-20 03:00:00,F1_R4,14,1,1.11,3,20,11,13.02,33.9,420.47,0.2
2025-11-20 04:00:00,F1_R4,14,1,1.11,4,20,11,13.11,34.8,421.38,0.201
2025-11-20 05:00:00,F1_R4,14,1,1.11,5,20,11,13.73,37.08,424.17,0.202
2025-11-20 06:00:00,F1_R4,14,1,1.11,6,20,11,14.17,40.76,432.67,0.208
2025-11-20 07:00:00,F1_R4,14,1,1.11,7,20,11,15.14,43.52,455.57,0.228
2025-11-20 08:00:00,F1_R4,14,1,1.11,8,20,11,16.16,46.31,508.57,0.286
2025-11-20 09:00:00,F1_R4,14,1,1.11,9,20,11,17.68,50.23,601.33,0.415
2025-11-20 10:00:00,F1_R4,14,1,1.11,10,20,11,18.68,52.83,688.99,0.525
2025-11-20 11:00:00,F1_R4,14,1,1.11,11,20,11,20.87,55.33,742.29,0.584
2025-11-20 12:00:00,F1_R4,14,1,1.11,12,20,11,22.66,57.31,767.42,0.617
2025-11-20 13:00:00,F1_R4,14,1,1.11,13,20,11,23.05,56.79,762.35,0.578
2025-11-20 14:00:00,F1_R4,14,1,1.11,14,20,11,23.07,56.32,757.97,0.578
2025-11-20 15:00:00,F1_R4,14,1,1.11,15,20,11,22.96,55.28,741.86,0.582
2025-11-20 16:00:00,F1_R4,14,1,1.11,16,20,11,21.52,52.55,686.92,0.516
2025-11-20 17:00:00,F1_R4,14,1,1.11,17,20,11,20.07,50.11,600.76,0.413
2025-11-20 18:00:00,F1_R4,14,1,1.11,18,20,11,19.29,46.09,508.03,0.284
2025-11-20 19:00:00,F1_R4,14,1,1.11,19,20,11,17.41,42.43,454.51,0.225
2025-11-20 20:00:00,F1_R4,14,1,1.11,20,20,11,15.83,40.7,432.65,0.208
2025-11-20 21:00:00,F1_R4,14,1,1.11,21,20,11,14.88,37.08,424.17,0.202
2025-11-20 22:00:00,F1_R4,14,1,1.11,22,20,11,14.0,34.95,421.39,0.201
2025-11-20 23:00:00,F1_R4,14,1,1.11,23,20,11,13.82,32.42,420.45,0.2
2025-11-21 00:00:00,F1_R4,14,1,1.11,0,21,11,12.82,30.5,420.02,0.2
2025-11-21 01:00:00,F1_R4,14,1,1.11,1,21,11,13.31,30.81,420.05,0.2
2025-11-21 02:00:00,F1_R4,14,1,1.11,2,21,11,13.18,32.14,420.15,0.2
2025-11-21 03:00:00,F1_R4,14,1,1.11,3,21,11,13.02,33.9,420.47,0.2
2025-11-21 04:00:00,F1_R4,14,1,1.11,4,21,11,13.11,34.8,421.38,0.201
2025-11-21 05:00:00,F1_R4,14,1,1.11,5,21,11,13.73,37.08,424.17,0.202
2025-11-21 06:00:00,F1_R4,14,1,1.11,6,21,11,14.17,40.76,432.67,0.208
2025-11-21 07:00:00,F1_R4,14,1,1.11,7,21,11,15.14,43.52,455.57,0.228
2025-11-21 08:00:00,F1_R4,14,1,1.11,8,21,11,16.16,46.31,508.57,0.286
2025-11-21 09:00:00,F1_R4,14,1,1.11,9,21,11,17.68,50.23,601.33,0.415
2025-11-21 10:00:00,F1_R4,14,1,1.11,10,21,11,18.68,52.83,688.99,0.525
2025-11-21 11:00:00,F1_R4,14,1,1.11,11,21,11,20.87,55.33,742.29,0.584
2025-11-21 12:00:00,F1_R4,14,1,1.11,12,21,11,22.66,57.31,767.42,0.617
2025-11-21 13:00:00,F1_R4,14,1,1.11,13,21,11,23.05,56.79,762.35,0.578
2025-11-21 14:00:00,F1_R4,14,1,1.11,14,21,11,23.07,56.32,757.97,0.578
2025-11-21 15:00:00,F1_R4,14,1,1.11,15,21,11,22.96,55.28,741.86,0.582
2025-11-21 16:00:00,F1_R4,14,1,1.11,16,21,11,21.52,52.55,686.92,0.516
2025-11-21 17:00:00,F1_R4,14,1,1.11,17,21,11,20.07,50.11,600.76,0.413
2025-11-21 18:00:00,F1_R4,14,1,1.11,18,21,11,19.29,46.09,508.03,0.284
2025-11-21 19:00:00,F1_R4,14,1,1.11,19,21,11,17.41,42.43,454.51,0.225
2025-11-21 20:00:00,F1_R4,14,1,1.11,20,21,11,15.83,40.7,432.65,0.208
2025-11-21 21:00:00,F1_R4,14,1,1.11,21,21,11,14.88,37.08,424.17,0.202
2025-11-21 22:00:00,F1_R4,14,1,1.11,22,21,11,14.0,34.95,421.39,0.201
2025-11-21 23:00:00,F1_R4,14,1,1.11,23,21,11,13.82,32.42,420.45,0.2
2025-11-22 00:00:00,F1_R4,14,1,1.11,0,22,11,12.82,30.5,420.02,0.2
2025-11-22 01:00:00,F1_R4,14,1,1.11,1,22,11,13.31,30.81,420.05,0.2
2025-11-22 02:00:00,F1_R4,14,1,1.11,2,22,11,13.18,32.14,420.15,0.2
2025-11-22 03:00:00,F1_R4,14,1,1.11,3,22,11,13.02,33.9,420.47,0.2
2025-11-22 04:00:00,F1_R4,14,1,1.11,4,22,11,13.11,34.8,421.38,0.201
2025-11-22 05:00:00,F1_R4,14,1,1.11,5,22,11,13.73,37.08,424.17,0.202
2025-11-22 06:00:00,F1_R4,14,1,1.11,6,22,11,14.17,40.76,432.67,0.208
2025-11-22 07:00:00,F1_R4,14,1,1.11,7,22,11,15.14,43.52,455.57,0.228
2025-11-22 08:00:00,F1_R4,14,1,1.11,8,22,11,16.16,46.31,508.57,0.286
2025-11-22 09:00:00,F1_R4,14,1,1.11,9,22,11,17.68,50.23,601.33,0.415
2025-11-22 10:00:00,F1_R4,14,1,1.11,10,22,11,18.68,52.83,688.99,0.525
2025-11-22 11:00:00,F1_R4,14,1,1.11,11,22,11,20.87,55.33,742.29,0.584
2025-11-22 12:00:00,F1_R4,14,1,1.11,12,22,11,22.66,57.31,767.42,0.617
2025-11-22 13:00:00,F1_R4,14,1,1.11,13,22,11,23.05,56.79,762.35,0.578
2025-11-22 14:00:00,F1_R4,14,1,1.11,14,22,11,23.07,56.32,757.97,0.578
2025-11-22 15:00:00,F1_R4,14,1,1.11,15,22,11,22.96,55.28,741.86,0.582
2025-11-22 16:00:00,F1_R4,14,1,1.11,16,22,11,21.52,52.55,686.92,0.516
2025-11-22 17:00:00,F1_R4,14,1,1.11,17,22,11,20.07,50.11,600.76,0.413
2025-11-22 18:00:00,F1_R4,14,1,1.11,18,22,11,19.29,46.09,508.03,0.284
2025-11-22 19:00:00,F1_R4,14,1,1.11,19,22,11,17.41,42.43,454.51,0.225
2025-11-22 20:00:00,F1_R4,14,1,1.11,20,22,11,15.83,40.7,432.65,0.208
2025-11-22 21:00:00,F1_R4,14,1,1.11,21,22,11,14.88,37.08,424.17,0.202
2025-11-22 22:00:00,F1_R4,14,1,1.11,22,22,11,14.0,34.95,421.39,0.201
2025-11-22 23:00:00,F1_R4,14,1,1.11,23,22,11,13.82,32.42,420.45,0.2
2025-11-23 00:00:00,F1_R4,14,1,1.11,0,23,11,12.82,30.5,420.02,0.2
2025-11-23 01:00:00,F1_R4,14,1,1.11,1,23,11,13.31,30.81,420.05,0.2
2025-11-23 02:00:00,F1_R4,14,1,1.11,2,23,11,13.18,32.14,420.15,0.2
2025-11-23 03:00:00,F1_R4,14,1,1.11,3,23,11,13.02,33.9,420.47,0.2
2025-11-23 04:00:00,F1_R4,14,1,1.11,4,23,11,13.11,34.8,421.38,0.201
2025-11-23 05:00:00,F1_R4,14,1,1.11,5,23,11,13.73,37.08,424.17,0.202
2025-11-23 06:00:00,F1_R4,14,1,1.11,6,23,11,14.17,40.76,432.67,0.208
2025-11-23 07:00:00,F1_R4,14,1,1.11,7,23,11,15.14,43.52,455.57,0.228
2025-11-23 08:00:00,F1_R4,14,1,1.11,8,23,11,16.16,46.31,508.57,0.286
2025-11-23 09:00:00,F1_R4,14,1,1.11,9,23,11,17.68,50.23,601.33,0.415
2025-11-23 10:00:00,F1_R4,14,1,1.11,10,23,11,18.68,52.83,688.99,0.525
2025-11-23 11:00:00,F1_R4,14,1,1.11,11,23,11,20.87,55.33,742.29,0.584
2025-11-23 12:00:00,F1_R4,14,1,1.11,12,23,11,22.66,57.31,767.42,0.617
2025-11-23 13:00:00,F1_R4,14,1,1.11,13,23,11,23.05,56.79,762.35,0.578
2025-11-23 14:00:00,F1_R4,14,1,1.11,14,23,11,23.07,56.32,757.97,0.578
2025-11-23 15:00:00,F1_R4,14,1,1.11,15,23,11,22.96,55.28,741.86,0.582
2025-11-23 16:00:00,F1_R4,14,1,1.11,16,23,11,21.52,52.55,686.92,0.516
2025-11-23 17:00:00,F1_R4,14,1,1.11,17,23,11,20.07,50.11,600.76,0.413
2025-11-23 18:00:00,F1_R4,14,1,1.11,18,23,11,19.29,46.09,508.03,0.284
2025-11-23 19:00:00,F1_R4,14,1,1.11,19,23,11,17.41,42.43,454.51,0.225
2025-11-23 20:00:00,F1_R4,14,1,1.11,20,23,11,15.83,40.7,432.65,0.208
2025-11-23 21:00:00,F1_R4,14,1,1.11,21,23,11,14.88,37.08,424.17,0.202
2025-11-23 22:00:00,F1_R4,14,1,1.11,22,23,11,14.0,34.95,421.39,0.201
2025-11-23 23:00:00,F1_R4,14,1,1.11,23,23,11,13.82,32.42,420.45,0.2
2025-11-24 00:00:00,F1_R4,14,1,1.11,0,24,11,12.82,30.5,420.02,0.2
2025-11-24 01:00:00,F1_R4,14,1,1.11,1,24,11,13.31,30.81,420.05,0.2
2025-11-24 02:00:00,F1_R4,14,1,1.11,2,24,11,13.18,32.14,420.15,0.2
2025-11-24 03:00:00,F1_R4,14,1,1.11,3,24,11,13.02,33.9,420.47,0.2
2025-11-24 04:00:00,F1_R4,14,1,1.11,4,24,11,13.11,34.8,421.38,0.201
2025-11-24 05:00:00,F1_R4,14,1,1.11,5,24,11,13.73,37.08,424.17,0.205
2025-11-24 06:00:00,F1_R4,14,1,1.11,6,24,11,14.17,40.76,432.67,0.219
2025-11-24 07:00:00,F1_R4,14,1,1.11,7,24,11,15.14,43.52,455.57,0.267
2025-11-24 08:00:00,F1_R4,14,1,1.11,8,24,11,16.16,46.31,508.57,0.411
2025-11-24 09:00:00,F1_R4,14,1,1.11,9,24,11,17.68,50.23,601.33,0.715
2025-11-24 10:00:00,F1_R4,14,1,1.11,10,24,11,18.68,52.83,688.99,1.0
2025-11-24 11:00:00,F1_R4,14,1,1.11,11,24,11,20.87,55.33,742.29,1.145
2025-11-24 12:00:00,F1_R4,14,1,1.11,12,24,11,22.66,57.31,767.42,1.205
2025-11-24 13:00:00,F1_R4,14,1,1.11,13,24,11,23.05,56.79,762.35,1.172
2025-11-24 14:00:00,F1_R4,14,1,1.11,14,24,11,23.07,56.32,757.97,1.167
2025-11-24 15:00:00,F1_R4,14,1,1.11,15,24,11,22.96,55.28,741.86,1.143
2025-11-24 16:00:00,F1_R4,14,1,1.11,16,24,11,21.52,52.55,686.92,0.991
2025-11-24 17:00:00,F1_R4,14,1,1.11,17,24,11,20.07,50.11,600.76,0.713
2025-11-24 18:00:00,F1_R4,14,1,1.11,18,24,11,19.29,46.09,508.03,0.409
2025-11-24 19:00:00,F1_R4,14,1,1.11,19,24,11,17.41,42.43,454.51,0.264
2025-11-24 20:00:00,F1_R4,14,1,1.11,20,24,11,15.83,40.7,432.65,0.219
2025-11-24 21:00:00,F1_R4,14,1,1.11,21,24,11,14.88,37.08,424.17,0.205
2025-11-24 22:00:00,F1_R4,14,1,1.11,22,24,11,14.0,34.95,421.39,0.201
2025-11-24 23:00:00,F1_R4,14,1,1.11,23,24,11,13.82,32.42,420.45,0.2
2025-11-25 00:00:00,F1_R4,14,1,1.11,0,25,11,12.82,30.5,420.02,0.2
2025-11-25 01:00:00,F1_R4,14,1,1.11,1,25,11,13.31,30.81,420.05,0.2
2025-11-25 02:00:00,F1_R4,14,1,1.11,2,25,11,13.18,32.14,420.15,0.2
2025-11-25 03:00:00,F1_R4,14,1,1.11,3,25,11,13.02,33.9,420.47,0.2
2025-11-25 04:00:00,F1_R4,14,1,1.11,4,25,11,13.11,34.8,421.38,0.201
2025-11-25 05:00:00,F1_R4,14,1,1.11,5,25,11,13.73,37.08,424.17,0.205
2025-11-25 06:00:00,F1_R4,14,1,1.11,6,25,11,14.17,40.76,432.67,0.219
2025-11-25 07:00:00,F1_R4,14,1,1.11,7,25,11,15.14,43.52,455.57,0.267
2025-11-25 08:00:00,F1_R4,14,1,1.11,8,25,11,16.16,46.31,508.57,0.411
2025-11-25 09:00:00,F1_R4,14,1,1.11,9,25,11,17.68,50.23,601.33,0.715
2025-11-25 10:00:00,F1_R4,14,1,1.11,10,25,11,18.68,52.83,688.99,1.0
2025-11-25 11:00:00,F1_R4,14,1,1.11,11,25,11,20.87,55.33,742.29,1.145
2025-11-25 12:00:00,F1_R4,14,1,1.11,12,25,11,22.66,57.31,767.42,1.205
2025-11-25 13:00:00,F1_R4,14,1,1.11,13,25,11,23.05,56.79,762.35,1.172
2025-11-25 14:00:00,F1_R4,14,1,1.11,14,25,11,23.07,56.32,757.97,1.167
2025-11-25 15:00:00,F1_R4,14,1,1.11,15,25,11,22.96,55.28,741.86,1.143
2025-11-25 16:00:00,F1_R4,14,1,1.11,16,25,11,21.52,52.55,686.92,0.991
2025-11-25 17:00:00,F1_R4,14,1,1.11,17,25,11,20.07,50.11,600.76,0.713
2025-11-25 18:00:00,F1_R4,14,1,1.11,18,25,11,19.29,46.09,508.03,0.409
2025-11-25 19:00:00,F1_R4,14,1,1.11,19,25,11,17.41,42.43,454.51,0.264
2025-11-25 20:00:00,F1_R4,14,1,1.11,20,25,11,15.83,40.7,432.65,0.219
2025-11-25 21:00:00,F1_R4,14,1,1.11,21,25,11,14.88,37.08,424.17,0.205
2025-11-25 22:00:00,F1_R4,14,1,1.11,22,25,11,14.0,34.95,421.39,0.201
2025-11-25 23:00:00,F1_R4,14,1,1.11,23,25,11,13.82,32.42,420.45,0.2
2025-11-26 00:00:00,F1_R4,14,1,1.11,0,26,11,12.82,30.5,420.02,0.2
2025-11-26 01:00:00,F1_R4,14,1,1.11,1,26,11,13.31,30.81,420.05,0.2
2025-11-26 02:00:00,F1_R4,14,1,1.11,2,26,11,13.18,32.14,420.15,0.2
2025-11-26 03:00:00,F1_R4,14,1,1.11,3,26,11,13.02,33.9,420.47,0.2
2025-11-26 04:00:00,F1_R4,14,1,1.11,4,26,11,13.11,34.8,421.38,0.201
2025-11-26 05:00:00,F1_R4,14,1,1.11,5,26,11,13.73,37.08,424.17,0.202
2025-11-26 06:00:00,F1_R4,14,1,1.11,6,26,11,14.17,40.76,432.67,0.208
2025-11-26 07:00:00,F1_R4,14,1,1.11,7,26,11,15.14,43.52,455.57,0.228
2025-11-26 08:00:00,F1_R4,14,1,1.11,8,26,11,16.16,46.31,508.57,0.286
2025-11-26 09:00:00,F1_R4,14,1,1.11,9,26,11,17.68,50.23,601.33,0.415
2025-11-26 10:00:00,F1_R4,14,1,1.11,10,26,11,18.68,52.83,688.99,0.525
2025-11-26 11:00:00,F1_R4,14,1,1.11,11,26,11,20.87,55.33,742.29,0.584
2025-11-26 12:00:00,F1_R4,14,1,1.11,12,26,11,22.66,57.31,767.42,0.617
2025-11-26 13:00:00,F1_R4,14,1,1.11,13,26,11,23.05,56.79,762.35,0.578
2025-11-26 14:00:00,F1_R4,14,1,1.11,14,26,11,23.07,56.32,757.97,0.578
2025-11-26 15:00:00,F1_R4,14,1,1.11,15,26,11,22.96,55.28,741.86,0.582
2025-11-26 16:00:00,F1_R4,14,1,1.11,16,26,11,21.52,52.55,686.92,0.516
2025-11-26 17:00:00,F1_R4,14,1,1.11,17,26,11,20.07,50.11,600.76,0.413
2025-11-26 18:00:00,F1_R4,14,1,1.11,18,26,11,19.29,46.09,508.03,0.284
2025-11-26 19:00:00,F1_R4,14,1,1.11,19,26,11,17.41,42.43,454.51,0.225
2025-11-26 20:00:00,F1_R4,14,1,1.11,20,26,11,15.83,40.7,432.65,0.208
2025-11-26 21:00:00,F1_R4,14,1,1.11,21,26,11,14.88,37.08,424.17,0.202
2025-11-26 22:00:00,F1_R4,14,1,1.11,22,26,11,14.0,34.95,421.39,0.201
2025-11-26 23:00:00,F1_R4,14,1,1.11,23,26,11,13.82,32.42,420.45,0.2
2025-11-27 00:00:00,F1_R4,14,1,1.11,0,27,11,12.82,30.5,420.02,0.2
2025-11-27 01:00:00,F1_R4,14,1,1.11,1,27,11,13.31,30.81,420.05,0.2
2025-11-27 02:00:00,F1_R4,14,1,1.11,2,27,11,13.18,32.14,420.15,0.2
2025-11-27 03:00:00,F1_R4,14,1,1.11,3,27,11,13.02,33.9,420.47,0.2
2025-11-27 04:00:00,F1_R4,14,1,1.11,4,27,11,13.11,34.8,421.38,0.201
2025-11-27 05:00:00,F1_R4,14,1,1.11,5,27,11,13.73,37.08,424.17,0.202
2025-11-27 06:00:00,F1_R4,14,1,1.11,6,27,11,14.17,40.76,432.67,0.208
2025-11-27 07:00:00,F1_R4,14,1,1.11,7,27,11,15.14,43.52,455.57,0.228
2025-11-27 08:00:00,F1_R4,14,1,1.11,8,27,11,16.16,46.31,508.57,0.286
2025-11-27 09:00:00,F1_R4,14,1,1.11,9,27,11,17.68,50.23,601.33,0.415
2025-11-27 10:00:00,F1_R4,14,1,1.11,10,27,11,18.68,52.83,688.99,0.525
2025-11-27 11:00:00,F1_R4,14,1,1.11,11,27,11,20.87,55.33,742.29,0.584
2025-11-27 12:00:00,F1_R4,14,1,1.11,12,27,11,22.66,57.31,767.42,0.617
2025-11-27 13:00:00,F1_R4,14,1,1.11,13,27,11,23.05,56.79,762.35,0.578
2025-11-27 14:00:00,F1_R4,14,1,1.11,14,27,11,23.07,56.32,757.97,0.578
2025-11-27 15:00:00,F1_R4,14,1,1.11,15,27,11,22.96,55.28,741.86,0.582
2025-11-27 16:00:00,F1_R4,14,1,1.11,16,27,11,21.52,52.55,686.92,0.516
2025-11-27 17:00:00,F1_R4,14,1,1.11,17,27,11,20.07,50.11,600.76,0.413
2025-11-27 18:00:00,F1_R4,14,1,1.11,18,27,11,19.29,46.09,508.03,0.284
2025-11-27 19:00:00,F1_R4,14,1,1.11,19,27,11,17.41,42.43,454.51,0.225
2025-11-27 20:00:00,F1_R4,14,1,1.11,20,27,11,15.83,40.7,432.65,0.208
2025-11-27 21:00:00,F1_R4,14,1,1.11,21,27,11,14.88,37.08,424.17,0.202
2025-11-27 22:00:00,F1_R4,14,1,1.11,22,27,11,14.0,34.95,421.39,0.201
2025-11-27 23:00:00,F1_R4,14,1,1.11,23,27,11,13.82,32.42,420.45,0.2
2025-11-28 00:00:00,F1_R4,14,1,1.11,0,28,11,12.82,30.5,420.02,0.2
2025-11-28 01:00:00,F1_R4,14,1,1.11,1,28,11,13.31,30.81,420.05,0.2
2025-11-28 02:00:00,F1_R4,14,1,1.11,2,28,11,13.18,32.14,420.15,0.2
2025-11-28 03:00:00,F1_R4,14,1,1.11,3,28,11,13.02,33.9,420.47,0.2
2025-11-28 04:00:00,F1_R4,14,1,1.11,4,28,11,13.11,34.8,421.38,0.201
2025-11-28 05:00:00,F1_R4,14,1,1.11,5,28,11,13.73,37.08,424.17,0.202
2025-11-28 06:00:00,F1_R4,14,1,1.11,6,28,11,14.17,40.76,432.67,0.208
2025-11-28 07:00:00,F1_R4,14,1,1.11,7,28,11,15.14,43.52,455.57,0.228
2025-11-28 08:00:00,F1_R4,14,1,1.11,8,28,11,16.16,46.31,508.57,0.286
2025-11-28 09:00:00,F1_R4,14,1,1.11,9,28,11,17.68,50.23,601.33,0.415
2025-11-28 10:00:00,F1_R4,14,1,1.11,10,28,11,18.68,52.83,688.99,0.525
2025-11-28 11:00:00,F1_R4,14,1,1.11,11,28,11,20.87,55.33,742.29,0.584
2025-11-28 12:00:00,F1_R4,14,1,1.11,12,28,11,22.66,57.31,767.42,0.617
2025-11-28 13:00:00,F1_R4,14,1,1.11,13,28,11,23.05,56.79,762.35,0.578
2025-11-28 14:00:00,F1_R4,14,1,1.11,14,28,11,23.07,56.32,757.97,0.578
2025-11-28 15:00:00,F1_R4,14,1,1.11,15,28,11,22.96,55.28,741.86,0.582
2025-11-28 16:00:00,F1_R4,14,1,1.11,16,28,11,21.52,52.55,686.92,0.516
2025-11-28 17:00:00,F1_R4,14,1,1.11,17,28,11,20.07,50.11,600.76,0.413
2025-11-28 18:00:00,F1_R4,14,1,1.11,18,28,11,19.29,46.09,508.03,0.284
2025-11-28 19:00:00,F1_R4,14,1,1.11,19,28,11,17.41,42.43,454.51,0.225
2025-11-28 20:00:00,F1_R4,14,1,1.11,20,28,11,15.83,40.7,432.65,0.208
2025-11-28 21:00:00,F1_R4,14,1,1.11,21,28,11,14.88,37.08,424.17,0.202
2025-11-28 22:00:00,F1_R4,14,1,1.11,22,28,11,14.0,34.95,421.39,0.201
2025-11-28 23:00:00,F1_R4,14,1,1.11,23,28,11,13.82,32.42,420.45,0.2
2025-11-29 00:00:00,F1_R4,14,1,1.11,0,29,11,12.82,30.5,420.02,0.2
2025-11-29 01:00:00,F1_R4,14,1,1.11,1,29,11,13.31,30.81,420.05,0.2
2025-11-29 02:00:00,F1_R4,14,1,1.11,2,29,11,13.18,32.14,420.15,0.2
2025-11-29 03:00:00,F1_R4,14,1,1.11,3,29,11,13.02,33.9,420.47,0.2
2025-11-29 04:00:00,F1_R4,14,1,1.11,4,29,11,13.11,34.8,421.38,0.201
2025-11-29 05:00:00,F1_R4,14,1,1.11,5,29,11,13.73,37.08,424.17,0.202
2025-11-29 06:00:00,F1_R4,14,1,1.11,6,29,11,14.17,40.76,432.67,0.208
2025-11-29 07:00:00,F1_R4,14,1,1.11,7,29,11,15.14,43.52,455.57,0.228
2025-11-29 08:00:00,F1_R4,14,1,1.11,8,29,11,16.16,46.31,508.57,0.286
2025-11-29 09:00:00,F1_R4,14,1,1.11,9,29,11,17.68,50.23,601.33,0.415
2025-11-29 10:00:00,F1_R4,14,1,1.11,10,29,11,18.68,52.83,688.99,0.525
2025-11-29 11:00:00,F1_R4,14,1,1.11,11,29,11,20.87,55.33,742.29,0.584
2025-11-29 12:00:00,F1_R4,14,1,1.11,12,29,11,22.66,57.31,767.42,0.617
2025-11-29 13:00:00,F1_R4,14,1,1.11,13,29,11,23.05,56.79,762.35,0.578
2025-11-29 14:00:00,F1_R4,14,1,1.11,14,29,11,23.07,56.32,757.97,0.578
2025-11-29 15:00:00,F1_R4,14,1,1.11,15,29,11,22.96,55.28,741.86,0.582
2025-11-29 16:00:00,F1_R4,14,1,1.11,16,29,11,21.52,52.55,686.92,0.516
2025-11-29 17:00:00,F1_R4,14,1,1.11,17,29,11,20.07,50.11,600.76,0.413
2025-11-29 18:00:00,F1_R4,14,1,1.11,18,29,11,19.29,46.09,508.03,0.284
2025-11-29 19:00:00,F1_R4,14,1,1.11,19,29,11,17.41,42.43,454.51,0.225
2025-11-29 20:00:00,F1_R4,14,1,1.11,20,29,11,15.83,40.7,432.65,0.208
2025-11-29 21:00:00,F1_R4,14,1,1.11,21,29,11,14.88,37.08,424.17,0.202
2025-11-29 22:00:00,F1_R4,14,1,1.11,22,29,11,14.0,34.95,421.39,0.201
2025-11-29 23:00:00,F1_R4,14,1,1.11,23,29,11,13.82,32.42,420.45,0.2
2025-11-30 00:00:00,F1_R4,14,1,1.11,0,30,11,12.82,30.5,420.02,0.2
2025-11-30 01:00:00,F1_R4,14,1,1.11,1,30,11,13.31,30.81,420.05,0.2
2025-11-30 02:00:00,F1_R4,14,1,1.11,2,30,11,13.18,32.14,420.15,0.2
2025-11-30 03:00:00,F1_R4,14,1,1.11,3,30,11,13.02,33.9,420.47,0.2
2025-11-30 04:00:00,F1_R4,14,1,1.11,4,30,11,13.11,34.8,421.38,0.201
2025-11-30 05:00:00,F1_R4,14,1,1.11,5,30,11,13.73,37.08,424.17,0.202
2025-11-30 06:00:00,F1_R4,14,1,1.11,6,30,11,14.17,40.76,432.67,0.208
2025-11-30 07:00:00,F1_R4,14,1,1.11,7,30,11,15.14,43.52,455.57,0.228
2025-11-30 08:00:00,F1_R4,14,1,1.11,8,30,11,16.16,46.31,508.57,0.286
2025-11-30 09:00:00,F1_R4,14,1,1.11,9,30,11,17.68,50.23,601.33,0.415
2025-11-30 10:00:00,F1_R4,14,1,1.11,10,30,11,18.68,52.83,688.99,0.525
2025-11-30 11:00:00,F1_R4,14,1,1.11,11,30,11,20.87,55.33,742.29,0.584
2025-11-30 12:00:00,F1_R4,14,1,1.11,12,30,11,22.66,57.31,767.42,0.617
2025-11-30 13:00:00,F1_R4,14,1,1.11,13,30,11,23.05,56.79,762.35,0.578
2025-11-30 14:00:00,F1_R4,14,1,1.11,14,30,11,23.07,56.32,757.97,0.578
2025-11-30 15:00:00,F1_R4,14,1,1.11,15,30,11,22.96,55.28,741.86,0.582
2025-11-30 16:00:00,F1_R4,14,1,1.11,16,30,11,21.52,52.55,686.92,0.516
2025-11-30 17:00:00,F1_R4,14,1,1.11,17,30,11,20.07,50.11,600.76,0.413
2025-11-30 18:00:00,F1_R4,14,1,1.11,18,30,11,19.29,46.09,508.03,0.284
2025-11-30 19:00:00,F1_R4,14,1,1.11,19,30,11,17.41,42.43,454.51,0.225
2025-11-30 20:00:00,F1_R4,14,1,1.11,20,30,11,15.83,40.7,432.65,0.208
2025-11-30 21:00:00,F1_R4,14,1,1.11,21,30,11,14.88,37.08,424.17,0.202
2025-11-30 22:00:00,F1_R4,14,1,1.11,22,30,11,14.0,34.95,421.39,0.201
2025-11-30 23:00:00,F1_R4,14,1,1.11,23,30,11,13.82,32.42,420.45,0.2
2025-12-01 00:00:00,F1_R4,14,1,1.11,0,1,12,12.82,30.5,420.02,0.2
2025-12-01 01:00:00,F1_R4,14,1,1.11,1,1,12,13.31,30.81,420.05,0.2
2025-12-01 02:00:00,F1_R4,14,1,1.11,2,1,12,13.18,32.14,420.15,0.2
2025-12-01 03:00:00,F1_R4,14,1,1.11,3,1,12,13.02,33.9,420.47,0.2
2025-12-01 04:00:00,F1_R4,14,1,1.11,4,1,12,13.11,34.8,421.38,0.201
2025-12-01 05:00:00,F1_R4,14,1,1.11,5,1,12,13.73,37.08,424.17,0.205
2025-12-01 06:00:00,F1_R4,14,1,1.11,6,1,12,14.17,40.76,432.67,0.219
2025-12-01 07:00:00,F1_R4,14,1,1.11,7,1,12,15.14,43.52,455.57,0.267
2025-12-01 08:00:00,F1_R4,14,1,1.11,8,1,12,16.16,46.31,508.57,0.411
2025-12-01 09:00:00,F1_R4,14,1,1.11,9,1,12,17.68,50.23,601.33,0.715
2025-12-01 10:00:00,F1_R4,14,1,1.11,10,1,12,18.68,52.83,688.99,1.0
2025-12-01 11:00:00,F1_R4,14,1,1.11,11,1,12,20.87,55.33,742.29,1.145
2025-12-01 12:00:00,F1_R4,14,1,1.11,12,1,12,22.66,57.31,767.42,1.205
2025-12-01 13:00:00,F1_R4,14,1,1.11,13,1,12,23.05,56.79,762.35,1.172
2025-12-01 14:00:00,F1_R4,14,1,1.11,14,1,12,23.07,56.32,757.97,1.167
2025-12-01 15:00:00,F1_R4,14,1,1.11,15,1,12,22.96,55.28,741.86,1.143
2025-12-01 16:00:00,F1_R4,14,1,1.11,16,1,12,21.52,52.55,686.92,0.991
2025-12-01 17:00:00,F1_R4,14,1,1.11,17,1,12,20.07,50.11,600.76,0.713
2025-12-01 18:00:00,F1_R4,14,1,1.11,18,1,12,19.29,46.09,508.03,0.409
2025-12-01 19:00:00,F1_R4,14,1,1.11,19,1,12,17.41,42.43,454.51,0.264
2025-12-01 20:00:00,F1_R4,14,1,1.11,20,1,12,15.83,40.7,432.65,0.219
2025-12-01 21:00:00,F1_R4,14,1,1.11,21,1,12,14.88,37.08,424.17,0.205
2025-12-01 22:00:00,F1_R4,14,1,1.11,22,1,12,14.0,34.95,421.39,0.201
2025-12-01 23:00:00,F1_R4,14,1,1.11,23,1,12,13.82,32.42,420.45,0.2
2025-12-02 00:00:00,F1_R4,14,1,1.11,0,2,12,12.82,30.5,420.02,0.2
2025-12-02 01:00:00,F1_R4,14,1,1.11,1,2,12,13.31,30.81,420.05,0.2
2025-12-02 02:00:00,F1_R4,14,1,1.11,2,2,12,13.18,32.14,420.15,0.2
2025-12-02 03:00:00,F1_R4,14,1,1.11,3,2,12,13.02,33.9,420.47,0.2
2025-12-02 04:00:00,F1_R4,14,1,1.11,4,2,12,13.11,34.8,421.38,0.201
2025-12-02 05:00:00,F1_R4,14,1,1.11,5,2,12,13.73,37.08,424.17,0.205
2025-12-02 06:00:00,F1_R4,14,1,1.11,6,2,12,14.17,40.76,432.67,0.219
2025-12-02 07:00:00,F1_R4,14,1,1.11,7,2,12,15.14,43.52,455.57,0.267
2025-12-02 08:00:00,F1_R4,14,1,1.11,8,2,12,16.16,46.31,508.57,0.411
2025-12-02 09:00:00,F1_R4,14,1,1.11,9,2,12,17.68,50.23,601.33,0.715
2025-12-02 10:00:00,F1_R4,14,1,1.11,10,2,12,18.68,52.83,688.99,1.0
2025-12-02 11:00:00,F1_R4,14,1,1.11,11,2,12,20.87,55.33,742.29,1.145
2025-12-02 12:00:00,F1_R4,14,1,1.11,12,2,12,22.66,57.31,767.42,1.205
2025-12-02 13:00:00,F1_R4,14,1,1.11,13,2,12,23.05,56.79,762.35,1.172
2025-12-02 14:00:00,F1_R4,14,1,1.11,14,2,12,23.07,56.32,757.97,1.167
2025-12-02 15:00:00,F1_R4,14,1,1.11,15,2,12,22.96,55.28,741.86,1.143
2025-12-02 16:00:00,F1_R4,14,1,1.11,16,2,12,21.52,52.55,686.92,0.991
2025-12-02 17:00:00,F1_R4,14,1,1.11,17,2,12,20.07,50.11,600.76,0.713
2025-12-02 18:00:00,F1_R4,14,1,1.11,18,2,12,19.29,46.09,508.03,0.409
2025-12-02 19:00:00,F1_R4,14,1,1.11,19,2,12,17.41,42.43,454.51,0.264
2025-12-02 20:00:00,F1_R4,14,1,1.11,20,2,12,15.83,40.7,432.65,0.219
2025-12-02 21:00:00,F1_R4,14,1,1.11,21,2,12,14.88,37.08,424.17,0.205
2025-12-02 22:00:00,F1_R4,14,1,1.11,22,2,12,14.0,34.95,421.39,0.201
2025-12-02 23:00:00,F1_R4,14,1,1.11,23,2,12,13.82,32.42,420.45,0.2
2025-12-03 00:00:00,F1_R4,14,1,1.11,0,3,12,12.82,30.5,420.02,0.2
2025-12-03 01:00:00,F1_R4,14,1,1.11,1,3,12,13.31,30.81,420.05,0.2
2025-12-03 02:00:00,F1_R4,14,1,1.11,2,3,12,13.18,32.14,420.15,0.2
2025-12-03 03:00:00,F1_R4,14,1,1.11,3,3,12,13.02,33.9,420.47,0.2
2025-12-03 04:00:00,F1_R4,14,1,1.11,4,3,12,13.11,34.8,421.38,0.201
2025-12-03 05:00:00,F1_R4,14,1,1.11,5,3,12,13.73,37.08,424.17,0.202
2025-12-03 06:00:00,F1_R4,14,1,1.11,6,3,12,14.17,40.76,432.67,0.208
2025-12-03 07:00:00,F1_R4,14,1,1.11,7,3,12,15.14,43.52,455.57,0.228
2025-12-03 08:00:00,F1_R4,14,1,1.11,8,3,12,16.16,46.31,508.57,0.286
2025-12-03 09:00:00,F1_R4,14,1,1.11,9,3,12,17.68,50.23,601.33,0.415
2025-12-03 10:00:00,F1_R4,14,1,1.11,10,3,12,18.68,52.83,688.99,0.525
2025-12-03 11:00:00,F1_R4,14,1,1.11,11,3,12,20.87,55.33,742.29,0.584
2025-12-03 12:00:00,F1_R4,14,1,1.11,12,3,12,22.66,57.31,767.42,0.617
2025-12-03 13:00:00,F1_R4,14,1,1.11,13,3,12,23.05,56.79,762.35,0.578
2025-12-03 14:00:00,F1_R4,14,1,1.11,14,3,12,23.07,56.32,757.97,0.578
2025-12-03 15:00:00,F1_R4,14,1,1.11,15,3,12,22.96,55.28,741.86,0.582
2025-12-03 16:00:00,F1_R4,14,1,1.11,16,3,12,21.52,52.55,686.92,0.516
2025-12-03 17:00:00,F1_R4,14,1,1.11,17,3,12,20.07,50.11,600.76,0.413
2025-12-03 18:00:00,F1_R4,14,1,1.11,18,3,12,19.29,46.09,508.03,0.284
2025-12-03 19:00:00,F1_R4,14,1,1.11,19,3,12,17.41,42.43,454.51,0.225
2025-12-03 20:00:00,F1_R4,14,1,1.11,20,3,12,15.83,40.7,432.65,0.208
2025-12-03 21:00:00,F1_R4,14,1,1.11,21,3,12,14.88,37.08,424.17,0.202
2025-12-03 22:00:00,F1_R4,14,1,1.11,22,3,12,14.0,34.95,421.39,0.201
2025-12-03 23:00:00,F1_R4,14,1,1.11,23,3,12,13.82,32.42,420.45,0.2
2025-12-04 00:00:00,F1_R4,14,1,1.11,0,4,12,12.82,30.5,420.02,0.2
2025-12-04 01:00:00,F1_R4,14,1,1.11,1,4,12,13.31,30.81,420.05,0.2
2025-12-04 02:00:00,F1_R4,14,1,1.11,2,4,12,13.18,32.14,420.15,0.2
2025-12-04 03:00:00,F1_R4,14,1,1.11,3,4,12,13.02,33.9,420.47,0.2
2025-12-04 04:00:00,F1_R4,14,1,1.11,4,4,12,13.11,34.8,421.38,0.201
2025-12-04 05:00:00,F1_R4,14,1,1.11,5,4,12,13.73,37.08,424.17,0.202
2025-12-04 06:00:00,F1_R4,14,1,1.11,6,4,12,14.17,40.76,432.67,0.208
2025-12-04 07:00:00,F1_R4,14,1,1.11,7,4,12,15.14,43.52,455.57,0.228
2025-12-04 08:00:00,F1_R4,14,1,1.11,8,4,12,16.16,46.31,508.57,0.286
2025-12-04 09:00:00,F1_R4,14,1,1.11,9,4,12,17.68,50.23,601.33,0.415
2025-12-04 10:00:00,F1_R4,14,1,1.11,10,4,12,18.68,52.83,688.99,0.525
2025-12-04 11:00:00,F1_R4,14,1,1.11,11,4,12,20.87,55.33,742.29,0.584
2025-12-04 12:00:00,F1_R4,14,1,1.11,12,4,12,22.66,57.31,767.42,0.617
2025-12-04 13:00:00,F1_R4,14,1,1.11,13,4,12,23.05,56.79,762.35,0.578
2025-12-04 14:00:00,F1_R4,14,1,1.11,14,4,12,23.07,56.32,757.97,0.578
2025-12-04 15:00:00,F1_R4,14,1,1.11,15,4,12,22.96,55.28,741.86,0.582
2025-12-04 16:00:00,F1_R4,14,1,1.11,16,4,12,21.52,52.55,686.92,0.516
2025-12-04 17:00:00,F1_R4,14,1,1.11,17,4,12,20.07,50.11,600.76,0.413
2025-12-04 18:00:00,F1_R4,14,1,1.11,18,4,12,19.29,46.09,508.03,0.284
2025-12-04 19:00:00,F1_R4,14,1,1.11,19,4,12,17.41,42.43,454.51,0.225
2025-12-04 20:00:00,F1_R4,14,1,1.11,20,4,12,15.83,40.7,432.65,0.208
2025-12-04 21:00:00,F1_R4,14,1,1.11,21,4,12,14.88,37.08,424.17,0.202
2025-12-04 22:00:00,F1_R4,14,1,1.11,22,4,12,14.0,34.95,421.39,0.201
2025-12-04 23:00:00,F1_R4,14,1,1.11,23,4,12,13.82,32.42,420.45,0.2
2025-12-05 00:00:00,F1_R4,14,1,1.11,0,5,12,12.82,30.5,420.02,0.2
2025-12-05 01:00:00,F1_R4,14,1,1.11,1,5,12,13.31,30.81,420.05,0.2
2025-12-05 02:00:00,F1_R4,14,1,1.11,2,5,12,13.18,32.14,420.15,0.2
2025-12-05 03:00:00,F1_R4,14,1,1.11,3,5,12,13.02,33.9,420.47,0.2
2025-12-05 04:00:00,F1_R4,14,1,1.11,4,5,12,13.11,34.8,421.38,0.201
2025-12-05 05:00:00,F1_R4,14,1,1.11,5,5,12,13.73,37.08,424.17,0.202
2025-12-05 06:00:00,F1_R4,14,1,1.11,6,5,12,14.17,40.76,432.67,0.208
2025-12-05 07:00:00,F1_R4,14,1,1.11,7,5,12,15.14,43.52,455.57,0.228
2025-12-05 08:00:00,F1_R4,14,1,1.11,8,5,12,16.16,46.31,508.57,0.286
2025-12-05 09:00:00,F1_R4,14,1,1.11,9,5,12,17.68,50.23,601.33,0.415
2025-12-05 10:00:00,F1_R4,14,1,1.11,10,5,12,18.68,52.83,688.99,0.525
2025-12-05 11:00:00,F1_R4,14,1,1.11,11,5,12,20.87,55.33,742.29,0.584
2025-12-05 12:00:00,F1_R4,14,1,1.11,12,5,12,22.66,57.31,767.42,0.617
2025-12-05 13:00:00,F1_R4,14,1,1.11,13,5,12,23.05,56.79,762.35,0.578
2025-12-05 14:00:00,F1_R4,14,1,1.11,14,5,12,23.07,56.32,757.97,0.578
2025-12-05 15:00:00,F1_R4,14,1,1.11,15,5,12,22.96,55.28,741.86,0.582
2025-12-05 16:00:00,F1_R4,14,1,1.11,16,5,12,21.52,52.55,686.92,0.516
2025-12-05 17:00:00,F1_R4,14,1,1.11,17,5,12,20.07,50.11,600.76,0.413
2025-12-05 18:00:00,F1_R4,14,1,1.11,18,5,12,19.29,46.09,508.03,0.284
2025-12-05 19:00:00,F1_R4,14,1,1.11,19,5,12,17.41,42.43,454.51,0.225
2025-12-05 20:00:00,F1_R4,14,1,1.11,20,5,12,15.83,40.7,432.65,0.208
2025-12-05 21:00:00,F1_R4,14,1,1.11,21,5,12,14.88,37.08,424.17,0.202
2025-12-05 22:00:00,F1_R4,14,1,1.11,22,5,12,14.0,34.95,421.39,0.201
2025-12-05 23:00:00,F1_R4,14,1,1.11,23,5,12,13.82,32.42,420.45,0.2
2025-12-06 00:00:00,F1_R4,14,1,1.11,0,6,12,12.82,30.5,420.02,0.2
2025-12-06 01:00:00,F1_R4,14,1,1.11,1,6,12,13.31,30.81,420.05,0.2
2025-12-06 02:00:00,F1_R4,14,1,1.11,2,6,12,13.18,32.14,420.15,0.2
2025-12-06 03:00:00,F1_R4,14,1,1.11,3,6,12,13.02,33.9,420.47,0.2
2025-12-06 04:00:00,F1_R4,14,1,1.11,4,6,12,13.11,34.8,421.38,0.201
2025-12-06 05:00:00,F1_R4,14,1,1.11,5,6,12,13.73,37.08,424.17,0.202
2025-12-06 06:00:00,F1_R4,14,1,1.11,6,6,12,14.17,40.76,432.67,0.208
2025-12-06 07:00:00,F1_R4,14,1,1.11,7,6,12,15.14,43.52,455.57,0.228
2025-12-06 08:00:00,F1_R4,14,1,1.11,8,6,12,16.16,46.31,508.57,0.286
2025-12-06 09:00:00,F1_R4,14,1,1.11,9,6,12,17.68,50.23,601.33,0.415
2025-12-06 10:00:00,F1_R4,14,1,1.11,10,6,12,18.68,52.83,688.99,0.525
2025-12-06 11:00:00,F1_R4,14,1,1.11,11,6,12,20.87,55.33,742.29,0.584
2025-12-06 12:00:00,F1_R4,14,1,1.11,12,6,12,22.66,57.31,767.42,0.617
2025-12-06 13:00:00,F1_R4,14,1,1.11,13,6,12,23.05,56.79,762.35,0.578
2025-12-06 14:00:00,F1_R4,14,1,1.11,14,6,12,23.07,56.32,757.97,0.578
2025-12-06 15:00:00,F1_R4,14,1,1.11,15,6,12,22.96,55.28,741.86,0.582
2025-12-06 16:00:00,F1_R4,14,1,1.11,16,6,12,21.52,52.55,686.92,0.516
2025-12-06 17:00:00,F1_R4,14,1,1.11,17,6,12,20.07,50.11,600.76,0.413
2025-12-06 18:00:00,F1_R4,14,1,1.11,18,6,12,19.29,46.09,508.03,0.284
2025-12-06 19:00:00,F1_R4,14,1,1.11,19,6,12,17.41,42.43,454.51,0.225
2025-12-06 20:00:00,F1_R4,14,1,1.11,20,6,12,15.83,40.7,432.65,0.208
2025-12-06 21:00:00,F1_R4,14,1,1.11,21,6,12,14.88,37.08,424.17,0.202
2025-12-06 22:00:00,F1_R4,14,1,1.11,22,6,12,14.0,34.95,421.39,0.201
2025-12-06 23:00:00,F1_R4,14,1,1.11,23,6,12,13.82,32.42,420.45,0.2
2025-12-07 00:00:00,F1_R4,14,1,1.11,0,7,12,12.82,30.5,420.02,0.2
2025-12-07 01:00:00,F1_R4,14,1,1.11,1,7,12,13.31,30.81,420.05,0.2
2025-12-07 02:00:00,F1_R4,14,1,1.11,2,7,12,13.18,32.14,420.15,0.2
2025-12-07 03:00:00,F1_R4,14,1,1.11,3,7,12,13.02,33.9,420.47,0.2
2025-12-07 04:00:00,F1_R4,14,1,1.11,4,7,12,13.11,34.8,421.38,0.201
2025-12-07 05:00:00,F1_R4,14,1,1.11,5,7,12,13.73,37.08,424.17,0.202
2025-12-07 06:00:00,F1_R4,14,1,1.11,6,7,12,14.17,40.76,432.67,0.208
2025-12-07 07:00:00,F1_R4,14,1,1.11,7,7,12,15.14,43.52,455.57,0.228
2025-12-07 08:00:00,F1_R4,14,1,1.11,8,7,12,16.16,46.31,508.57,0.286
2025-12-07 09:00:00,F1_R4,14,1,1.11,9,7,12,17.68,50.23,601.33,0.415
2025-12-07 10:00:00,F1_R4,14,1,1.11,10,7,12,18.68,52.83,688.99,0.525
2025-12-07 11:00:00,F1_R4,14,1,1.11,11,7,12,20.87,55.33,742.29,0.584
2025-12-07 12:00:00,F1_R4,14,1,1.11,12,7,12,22.66,57.31,767.42,0.617
2025-12-07 13:00:00,F1_R4,14,1,1.11,13,7,12,23.05,56.79,762.35,0.578
2025-12-07 14:00:00,F1_R4,14,1,1.11,14,7,12,23.07,56.32,757.97,0.578
2025-12-07 15:00:00,F1_R4,14,1,1.11,15,7,12,22.96,55.28,741.86,0.582
2025-12-07 16:00:00,F1_R4,14,1,1.11,16,7,12,21.52,52.55,686.92,0.516
2025-12-07 17:00:00,F1_R4,14,1,1.11,17,7,12,20.07,50.11,600.76,0.413
2025-12-07 18:00:00,F1_R4,14,1,1.11,18,7,12,19.29,46.09,508.03,0.284
2025-12-07 19:00:00,F1_R4,14,1,1.11,19,7,12,17.41,42.43,454.51,0.225
2025-12-07 20:00:00,F1_R4,14,1,1.11,20,7,12,15.83,40.7,432.65,0.208
2025-12-07 21:00:00,F1_R4,14,1,1.11,21,7,12,14.88,37.08,424.17,0.202
2025-12-07 22:00:00,F1_R4,14,1,1.11,22,7,12,14.0,34.95,421.39,0.201
2025-12-07 23:00:00,F1_R4,14,1,1.11,23,7,12,13.82,32.42,420.45,0.2
2025-12-08 00:00:00,F1_R4,14,1,1.11,0,8,12,12.82,30.5,420.02,0.2
2025-12-08 01:00:00,F1_R4,14,1,1.11,1,8,12,13.31,30.81,420.05,0.2
2025-12-08 02:00:00,F1_R4,14,1,1.11,2,8,12,13.18,32.14,420.15,0.2
2025-12-08 03:00:00,F1_R4,14,1,1.11,3,8,12,13.02,33.9,420.47,0.2
2025-12-08 04:00:00,F1_R4,14,1,1.11,4,8,12,13.11,34.8,421.38,0.201
2025-12-08 05:00:00,F1_R4,14,1,1.11,5,8,12,13.73,37.08,424.17,0.205
2025-12-08 06:00:00,F1_R4,14,1,1.11,6,8,12,14.17,40.76,432.67,0.219
2025-12-08 07:00:00,F1_R4,14,1,1.11,7,8,12,15.14,43.52,455.57,0.267
2025-12-08 08:00:00,F1_R4,14,1,1.11,8,8,12,16.16,46.31,508.57,0.411
2025-12-08 09:00:00,F1_R4,14,1,1.11,9,8,12,17.68,50.23,601.33,0.715
2025-12-08 10:00:00,F1_R4,14,1,1.11,10,8,12,18.68,52.83,688.99,1.0
2025-12-08 11:00:00,F1_R4,14,1,1.11,11,8,12,20.87,55.33,742.29,1.145
2025-12-08 12:00:00,F1_R4,14,1,1.11,12,8,12,22.66,57.31,767.42,1.205
2025-12-08 13:00:00,F1_R4,14,1,1.11,13,8,12,23.05,56.79,762.35,1.172
2025-12-08 14:00:00,F1_R4,14,1,1.11,14,8,12,23.07,56.32,757.97,1.167
2025-12-08 15:00:00,F1_R4,14,1,1.11,15,8,12,22.96,55.28,741.86,1.143
2025-12-08 16:00:00,F1_R4,14,1,1.11,16,8,12,21.52,52.55,686.92,0.991
2025-12-08 17:00:00,F1_R4,14,1,1.11,17,8,12,20.07,50.11,600.76,0.713
2025-12-08 18:00:00,F1_R4,14,1,1.11,18,8,12,19.29,46.09,508.03,0.409
2025-12-08 19:00:00,F1_R4,14,1,1.11,19,8,12,17.41,42.43,454.51,0.264
2025-12-08 20:00:00,F1_R4,14,1,1.11,20,8,12,15.83,40.7,432.65,0.219
2025-12-08 21:00:00,F1_R4,14,1,1.11,21,8,12,14.88,37.08,424.17,0.205
2025-12-08 22:00:00,F1_R4,14,1,1.11,22,8,12,14.0,34.95,421.39,0.201
2025-12-08 23:00:00,F1_R4,14,1,1.11,23,8,12,13.82,32.42,420.45,0.2
2025-12-09 00:00:00,F1_R4,14,1,1.11,0,9,12,12.82,30.5,420.02,0.2
2025-12-09 01:00:00,F1_R4,14,1,1.11,1,9,12,13.31,30.81,420.05,0.2
2025-12-09 02:00:00,F1_R4,14,1,1.11,2,9,12,13.18,32.14,420.15,0.2
2025-12-09 03:00:00,F1_R4,14,1,1.11,3,9,12,13.02,33.9,420.47,0.2
2025-12-09 04:00:00,F1_R4,14,1,1.11,4,9,12,13.11,34.8,421.38,0.201
2025-12-09 05:00:00,F1_R4,14,1,1.11,5,9,12,13.73,37.08,424.17,0.205
2025-12-09 06:00:00,F1_R4,14,1,1.11,6,9,12,14.17,40.76,432.67,0.219
2025-12-09 07:00:00,F1_R4,14,1,1.11,7,9,12,15.14,43.52,455.57,0.267
2025-12-09 08:00:00,F1_R4,14,1,1.11,8,9,12,16.16,46.31,508.57,0.411
2025-12-09 09:00:00,F1_R4,14,1,1.11,9,9,12,17.68,50.23,601.33,0.715
2025-12-09 10:00:00,F1_R4,14,1,1.11,10,9,12,18.68,52.83,688.99,1.0
2025-12-09 11:00:00,F1_R4,14,1,1.11,11,9,12,20.87,55.33,742.29,1.145
2025-12-09 12:00:00,F1_R4,14,1,1.11,12,9,12,22.66,57.31,767.42,1.205
2025-12-09 13:00:00,F1_R4,14,1,1.11,13,9,12,23.05,56.79,762.35,1.172
2025-12-09 14:00:00,F1_R4,14,1,1.11,14,9,12,23.07,56.32,757.97,1.167
2025-12-09 15:00:00,F1_R4,14,1,1.11,15,9,12,22.96,55.28,741.86,1.143
2025-12-09 16:00:00,F1_R4,14,1,1.11,16,9,12,21.52,52.55,686.92,0.991
2025-12-09 17:00:00,F1_R4,14,1,1.11,17,9,12,20.07,50.11,600.76,0.713
2025-12-09 18:00:00,F1_R4,14,1,1.11,18,9,12,19.29,46.09,508.03,0.409
2025-12-09 19:00:00,F1_R4,14,1,1.11,19,9,12,17.41,42.43,454.51,0.264
2025-12-09 20:00:00,F1_R4,14,1,1.11,20,9,12,15.83,40.7,432.65,0.219
2025-12-09 21:00:00,F1_R4,14,1,1.11,21,9,12,14.88,37.08,424.17,0.205
2025-12-09 22:00:00,F1_R4,14,1,1.11,22,9,12,14.0,34.95,421.39,0.201
2025-12-09 23:00:00,F1_R4,14,1,1.11,23,9,12,13.82,32.42,420.45,0.2
2025-12-10 00:00:00,F1_R4,14,1,1.11,0,10,12,12.82,30.5,420.02,0.2
2025-12-10 01:00:00,F1_R4,14,1,1.11,1,10,12,13.31,30.81,420.05,0.2
2025-12-10 02:00:00,F1_R4,14,1,1.11,2,10,12,13.18,32.14,420.15,0.2
2025-12-10 03:00:00,F1_R4,14,1,1.11,3,10,12,13.02,33.9,420.47,0.2
2025-12-10 04:00:00,F1_R4,14,1,1.11,4,10,12,13.11,34.8,421.38,0.201
2025-12-10 05:00:00,F1_R4,14,1,1.11,5,10,12,13.73,37.08,424.17,0.202
2025-12-10 06:00:00,F1_R4,14,1,1.11,6,10,12,14.17,40.76,432.67,0.208
2025-12-10 07:00:00,F1_R4,14,1,1.11,7,10,12,15.14,43.52,455.57,0.228
2025-12-10 08:00:00,F1_R4,14,1,1.11,8,10,12,16.16,46.31,508.57,0.286
2025-12-10 09:00:00,F1_R4,14,1,1.11,9,10,12,17.68,50.23,601.33,0.415
2025-12-10 10:00:00,F1_R4,14,1,1.11,10,10,12,18.68,52.83,688.99,0.525
2025-12-10 11:00:00,F1_R4,14,1,1.11,11,10,12,20.87,55.33,742.29,0.584
2025-12-10 12:00:00,F1_R4,14,1,1.11,12,10,12,22.66,57.31,767.42,0.617
2025-12-10 13:00:00,F1_R4,14,1,1.11,13,10,12,23.05,56.79,762.35,0.578
2025-12-10 14:00:00,F1_R4,14,1,1.11,14,10,12,23.07,56.32,757.97,0.578
2025-12-10 15:00:00,F1_R4,14,1,1.11,15,10,12,22.96,55.28,741.86,0.582
2025-12-10 16:00:00,F1_R4,14,1,1.11,16,10,12,21.52,52.55,686.92,0.516
2025-12-10 17:00:00,F1_R4,14,1,1.11,17,10,12,20.07,50.11,600.76,0.413
2025-12-10 18:00:00,F1_R4,14,1,1.11,18,10,12,19.29,46.09,508.03,0.284
2025-12-10 19:00:00,F1_R4,14,1,1.11,19,10,12,17.41,42.43,454.51,0.225
2025-12-10 20:00:00,F1_R4,14,1,1.11,20,10,12,15.83,40.7,432.65,0.208
2025-12-10 21:00:00,F1_R4,14,1,1.11,21,10,12,14.88,37.08,424.17,0.202
2025-12-10 22:00:00,F1_R4,14,1,1.11,22,10,12,14.0,34.95,421.39,0.201
2025-12-10 23:00:00,F1_R4,14,1,1.11,23,10,12,13.82,32.42,420.45,0.2
2025-12-11 00:00:00,F1_R4,14,1,1.11,0,11,12,12.82,30.5,420.02,0.2
2025-12-11 01:00:00,F1_R4,14,1,1.11,1,11,12,13.31,30.81,420.05,0.2
2025-12-11 02:00:00,F1_R4,14,1,1.11,2,11,12,13.18,32.14,420.15,0.2
2025-12-11 03:00:00,F1_R4,14,1,1.11,3,11,12,13.02,33.9,420.47,0.2
2025-12-11 04:00:00,F1_R4,14,1,1.11,4,11,12,13.11,34.8,421.38,0.201
2025-12-11 05:00:00,F1_R4,14,1,1.11,5,11,12,13.73,37.08,424.17,0.202
2025-12-11 06:00:00,F1_R4,14,1,1.11,6,11,12,14.17,40.76,432.67,0.208
2025-12-11 07:00:00,F1_R4,14,1,1.11,7,11,12,15.14,43.52,455.57,0.228
2025-12-11 08:00:00,F1_R4,14,1,1.11,8,11,12,16.16,46.31,508.57,0.286
2025-12-11 09:00:00,F1_R4,14,1,1.11,9,11,12,17.68,50.23,601.33,0.415
2025-12-11 10:00:00,F1_R4,14,1,1.11,10,11,12,18.68,52.83,688.99,0.525
2025-12-11 11:00:00,F1_R4,14,1,1.11,11,11,12,20.87,55.33,742.29,0.584
2025-12-11 12:00:00,F1_R4,14,1,1.11,12,11,12,22.66,57.31,767.42,0.617
2025-12-11 13:00:00,F1_R4,14,1,1.11,13,11,12,23.05,56.79,762.35,0.578
2025-12-11 14:00:00,F1_R4,14,1,1.11,14,11,12,23.07,56.32,757.97,0.578
2025-12-11 15:00:00,F1_R4,14,1,1.11,15,11,12,22.96,55.28,741.86,0.582
2025-12-11 16:00:00,F1_R4,14,1,1.11,16,11,12,21.52,52.55,686.92,0.516
2025-12-11 17:00:00,F1_R4,14,1,1.11,17,11,12,20.07,50.11,600.76,0.413
2025-12-11 18:00:00,F1_R4,14,1,1.11,18,11,12,19.29,46.09,508.03,0.284
2025-12-11 19:00:00,F1_R4,14,1,1.11,19,11,12,17.41,42.43,454.51,0.225
2025-12-11 20:00:00,F1_R4,14,1,1.11,20,11,12,15.83,40.7,432.65,0.208
2025-12-11 21:00:00,F1_R4,14,1,1.11,21,11,12,14.88,37.08,424.17,0.202
2025-12-11 22:00:00,F1_R4,14,1,1.11,22,11,12,14.0,34.95,421.39,0.201
2025-12-11 23:00:00,F1_R4,14,1,1.11,23,11,12,13.82,32.42,420.45,0.2
2025-12-12 00:00:00,F1_R4,14,1,1.11,0,12,12,12.82,30.5,420.02,0.2
2025-12-12 01:00:00,F1_R4,14,1,1.11,1,12,12,13.31,30.81,420.05,0.2
2025-12-12 02:00:00,F1_R4,14,1,1.11,2,12,12,13.18,32.14,420.15,0.2
2025-12-12 03:00:00,F1_R4,14,1,1.11,3,12,12,13.02,33.9,420.47,0.2
2025-12-12 04:00:00,F1_R4,14,1,1.11,4,12,12,13.11,34.8,421.38,0.201
2025-12-12 05:00:00,F1_R4,14,1,1.11,5,12,12,13.73,37.08,424.17,0.202
2025-12-12 06:00:00,F1_R4,14,1,1.11,6,12,12,14.17,40.76,432.67,0.208
2025-12-12 07:00:00,F1_R4,14,1,1.11,7,12,12,15.14,43.52,455.57,0.228
2025-12-12 08:00:00,F1_R4,14,1,1.11,8,12,12,16.16,46.31,508.57,0.286
2025-12-12 09:00:00,F1_R4,14,1,1.11,9,12,12,17.68,50.23,601.33,0.415
2025-12-12 10:00:00,F1_R4,14,1,1.11,10,12,12,18.68,52.83,688.99,0.525
2025-12-12 11:00:00,F1_R4,14,1,1.11,11,12,12,20.87,55.33,742.29,0.584
2025-12-12 12:00:00,F1_R4,14,1,1.11,12,12,12,22.66,57.31,767.42,0.617
2025-12-12 13:00:00,F1_R4,14,1,1.11,13,12,12,23.05,56.79,762.35,0.578
2025-12-12 14:00:00,F1_R4,14,1,1.11,14,12,12,23.07,56.32,757.97,0.578
2025-12-12 15:00:00,F1_R4,14,1,1.11,15,12,12,22.96,55.28,741.86,0.582
2025-12-12 16:00:00,F1_R4,14,1,1.11,16,12,12,21.52,52.55,686.92,0.516
2025-12-12 17:00:00,F1_R4,14,1,1.11,17,12,12,20.07,50.11,600.76,0.413
2025-12-12 18:00:00,F1_R4,14,1,1.11,18,12,12,19.29,46.09,508.03,0.284
2025-12-12 19:00:00,F1_R4,14,1,1.11,19,12,12,17.41,42.43,454.51,0.225
2025-12-12 20:00:00,F1_R4,14,1,1.11,20,12,12,15.83,40.7,432.65,0.208
2025-12-12 21:00:00,F1_R4,14,1,1.11,21,12,12,14.88,37.08,424.17,0.202
2025-12-12 22:00:00,F1_R4,14,1,1.11,22,12,12,14.0,34.95,421.39,0.201
2025-12-12 23:00:00,F1_R4,14,1,1.11,23,12,12,13.82,32.42,420.45,0.2
2025-12-13 00:00:00,F1_R4,14,1,1.11,0,13,12,12.82,30.5,420.02,0.2
2025-12-13 01:00:00,F1_R4,14,1,1.11,1,13,12,13.31,30.81,420.05,0.2
2025-12-13 02:00:00,F1_R4,14,1,1.11,2,13,12,13.18,32.14,420.15,0.2
2025-12-13 03:00:00,F1_R4,14,1,1.11,3,13,12,13.02,33.9,420.47,0.2
2025-12-13 04:00:00,F1_R4,14,1,1.11,4,13,12,13.11,34.8,421.38,0.201
2025-12-13 05:00:00,F1_R4,14,1,1.11,5,13,12,13.73,37.08,424.17,0.202
2025-12-13 06:00:00,F1_R4,14,1,1.11,6,13,12,14.17,40.76,432.67,0.208
2025-12-13 07:00:00,F1_R4,14,1,1.11,7,13,12,15.14,43.52,455.57,0.228
2025-12-13 08:00:00,F1_R4,14,1,1.11,8,13,12,16.16,46.31,508.57,0.286
2025-12-13 09:00:00,F1_R4,14,1,1.11,9,13,12,17.68,50.23,601.33,0.415
2025-12-13 10:00:00,F1_R4,14,1,1.11,10,13,12,18.68,52.83,688.99,0.525
2025-12-13 11:00:00,F1_R4,14,1,1.11,11,13,12,20.87,55.33,742.29,0.584
2025-12-13 12:00:00,F1_R4,14,1,1.11,12,13,12,22.66,57.31,767.42,0.617
2025-12-13 13:00:00,F1_R4,14,1,1.11,13,13,12,23.05,56.79,762.35,0.578
2025-12-13 14:00:00,F1_R4,14,1,1.11,14,13,12,23.07,56.32,757.97,0.578
2025-12-13 15:00:00,F1_R4,14,1,1.11,15,13,12,22.96,55.28,741.86,0.582
2025-12-13 16:00:00,F1_R4,14,1,1.11,16,13,12,21.52,52.55,686.92,0.516
2025-12-13 17:00:00,F1_R4,14,1,1.11,17,13,12,20.07,50.11,600.76,0.413
2025-12-13 18:00:00,F1_R4,14,1,1.11,18,13,12,19.29,46.09,508.03,0.284
2025-12-13 19:00:00,F1_R4,14,1,1.11,19,13,12,17.41,42.43,454.51,0.225
2025-12-13 20:00:00,F1_R4,14,1,1.11,20,13,12,15.83,40.7,432.65,0.208
2025-12-13 21:00:00,F1_R4,14,1,1.11,21,13,12,14.88,37.08,424.17,0.202
2025-12-13 22:00:00,F1_R4,14,1,1.11,22,13,12,14.0,34.95,421.39,0.201
2025-12-13 23:00:00,F1_R4,14,1,1.11,23,13,12,13.82,32.42,420.45,0.2
2025-12-14 00:00:00,F1_R4,14,1,1.11,0,14,12,12.82,30.5,420.02,0.2
2025-12-14 01:00:00,F1_R4,14,1,1.11,1,14,12,13.31,30.81,420.05,0.2
2025-12-14 02:00:00,F1_R4,14,1,1.11,2,14,12,13.18,32.14,420.15,0.2
2025-12-14 03:00:00,F1_R4,14,1,1.11,3,14,12,13.02,33.9,420.47,0.2
2025-12-14 04:00:00,F1_R4,14,1,1.11,4,14,12,13.11,34.8,421.38,0.201
2025-12-14 05:00:00,F1_R4,14,1,1.11,5,14,12,13.73,37.08,424.17,0.202
2025-12-14 06:00:00,F1_R4,14,1,1.11,6,14,12,14.17,40.76,432.67,0.208
2025-12-14 07:00:00,F1_R4,14,1,1.11,7,14,12,15.14,43.52,455.57,0.228
2025-12-14 08:00:00,F1_R4,14,1,1.11,8,14,12,16.16,46.31,508.57,0.286
2025-12-14 09:00:00,F1_R4,14,1,1.11,9,14,12,17.68,50.23,601.33,0.415
2025-12-14 10:00:00,F1_R4,14,1,1.11,10,14,12,18.68,52.83,688.99,0.525
2025-12-14 11:00:00,F1_R4,14,1,1.11,11,14,12,20.87,55.33,742.29,0.584
2025-12-14 12:00:00,F1_R4,14,1,1.11,12,14,12,22.66,57.31,767.42,0.617
2025-12-14 13:00:00,F1_R4,14,1,1.11,13,14,12,23.05,56.79,762.35,0.578
2025-12-14 14:00:00,F1_R4,14,1,1.11,14,14,12,23.07,56.32,757.97,0.578
2025-12-14 15:00:00,F1_R4,14,1,1.11,15,14,12,22.96,55.28,741.86,0.582
2025-12-14 16:00:00,F1_R4,14,1,1.11,16,14,12,21.52,52.55,686.92,0.516
2025-12-14 17:00:00,F1_R4,14,1,1.11,17,14,12,20.07,50.11,600.76,0.413
2025-12-14 18:00:00,F1_R4,14,1,1.11,18,14,12,19.29,46.09,508.03,0.284
2025-12-14 19:00:00,F1_R4,14,1,1.11,19,14,12,17.41,42.43,454.51,0.225
2025-12-14 20:00:00,F1_R4,14,1,1.11,20,14,12,15.83,40.7,432.65,0.208
2025-12-14 21:00:00,F1_R4,14,1,1.11,21,14,12,14.88,37.08,424.17,0.202
2025-12-14 22:00:00,F1_R4,14,1,1.11,22,14,12,14.0,34.95,421.39,0.201
2025-12-14 23:00:00,F1_R4,14,1,1.11,23,14,12,13.82,32.42,420.45,0.2
2025-12-15 00:00:00,F1_R4,14,1,1.11,0,15,12,12.82,30.5,420.02,0.2
2025-12-15 01:00:00,F1_R4,14,1,1.11,1,15,12,13.31,30.81,420.05,0.2
2025-12-15 02:00:00,F1_R4,14,1,1.11,2,15,12,13.18,32.14,420.15,0.2
2025-12-15 03:00:00,F1_R4,14,1,1.11,3,15,12,13.02,33.9,420.47,0.2
2025-12-15 04:00:00,F1_R4,14,1,1.11,4,15,12,13.11,34.8,421.38,0.201
2025-12-15 05:00:00,F1_R4,14,1,1.11,5,15,12,13.73,37.08,424.17,0.205
2025-12-15 06:00:00,F1_R4,14,1,1.11,6,15,12,14.17,40.76,432.67,0.219
2025-12-15 07:00:00,F1_R4,14,1,1.11,7,15,12,15.14,43.52,455.57,0.267
2025-12-15 08:00:00,F1_R4,14,1,1.11,8,15,12,16.16,46.31,508.57,0.411
2025-12-15 09:00:00,F1_R4,14,1,1.11,9,15,12,17.68,50.23,601.33,0.715
2025-12-15 10:00:00,F1_R4,14,1,1.11,10,15,12,18.68,52.83,688.99,1.0
2025-12-15 11:00:00,F1_R4,14,1,1.11,11,15,12,20.87,55.33,742.29,1.145
2025-12-15 12:00:00,F1_R4,14,1,1.11,12,15,12,22.66,57.31,767.42,1.205
2025-12-15 13:00:00,F1_R4,14,1,1.11,13,15,12,23.05,56.79,762.35,1.172
2025-12-15 14:00:00,F1_R4,14,1,1.11,14,15,12,23.07,56.32,757.97,1.167
2025-12-15 15:00:00,F1_R4,14,1,1.11,15,15,12,22.96,55.28,741.86,1.143
2025-12-15 16:00:00,F1_R4,14,1,1.11,16,15,12,21.52,52.55,686.92,0.991
2025-12-15 17:00:00,F1_R4,14,1,1.11,17,15,12,20.07,50.11,600.76,0.713
2025-12-15 18:00:00,F1_R4,14,1,1.11,18,15,12,19.29,46.09,508.03,0.409
2025-12-15 19:00:00,F1_R4,14,1,1.11,19,15,12,17.41,42.43,454.51,0.264
2025-12-15 20:00:00,F1_R4,14,1,1.11,20,15,12,15.83,40.7,432.65,0.219
2025-12-15 21:00:00,F1_R4,14,1,1.11,21,15,12,14.88,37.08,424.17,0.205
2025-12-15 22:00:00,F1_R4,14,1,1.11,22,15,12,14.0,34.95,421.39,0.201
2025-12-15 23:00:00,F1_R4,14,1,1.11,23,15,12,13.82,32.42,420.45,0.2
2025-12-16 00:00:00,F1_R4,14,1,1.11,0,16,12,12.82,30.5,420.02,0.2
2025-12-16 01:00:00,F1_R4,14,1,1.11,1,16,12,13.31,30.81,420.05,0.2
2025-12-16 02:00:00,F1_R4,14,1,1.11,2,16,12,13.18,32.14,420.15,0.2
2025-12-16 03:00:00,F1_R4,14,1,1.11,3,16,12,13.02,33.9,420.47,0.2
2025-12-16 04:00:00,F1_R4,14,1,1.11,4,16,12,13.11,34.8,421.38,0.201
2025-12-16 05:00:00,F1_R4,14,1,1.11,5,16,12,13.73,37.08,424.17,0.205
2025-12-16 06:00:00,F1_R4,14,1,1.11,6,16,12,14.17,40.76,432.67,0.219
2025-12-16 07:00:00,F1_R4,14,1,1.11,7,16,12,15.14,43.52,455.57,0.267
2025-12-16 08:00:00,F1_R4,14,1,1.11,8,16,12,16.16,46.31,508.57,0.411
2025-12-16 09:00:00,F1_R4,14,1,1.11,9,16,12,17.68,50.23,601.33,0.715
2025-12-16 10:00:00,F1_R4,14,1,1.11,10,16,12,18.68,52.83,688.99,1.0
2025-12-16 11:00:00,F1_R4,14,1,1.11,11,16,12,20.87,55.33,742.29,1.145
2025-12-16 12:00:00,F1_R4,14,1,1.11,12,16,12,22.66,57.31,767.42,1.205
2025-12-16 13:00:00,F1_R4,14,1,1.11,13,16,12,23.05,56.79,762.35,1.172
2025-12-16 14:00:00,F1_R4,14,1,1.11,14,16,12,23.07,56.32,757.97,1.167
2025-12-16 15:00:00,F1_R4,14,1,1.11,15,16,12,22.96,55.28,741.86,1.143
2025-12-16 16:00:00,F1_R4,14,1,1.11,16,16,12,21.52,52.55,686.92,0.991
2025-12-16 17:00:00,F1_R4,14,1,1.11,17,16,12,20.07,50.11,600.76,0.713
2025-12-16 18:00:00,F1_R4,14,1,1.11,18,16,12,19.29,46.09,508.03,0.409
2025-12-16 19:00:00,F1_R4,14,1,1.11,19,16,12,17.41,42.43,454.51,0.264
2025-12-16 20:00:00,F1_R4,14,1,1.11,20,16,12,15.83,40.7,432.65,0.219
2025-12-16 21:00:00,F1_R4,14,1,1.11,21,16,12,14.88,37.08,424.17,0.205
2025-12-16 22:00:00,F1_R4,14,1,1.11,22,16,12,14.0,34.95,421.39,0.201
2025-12-16 23:00:00,F1_R4,14,1,1.11,23,16,12,13.82,32.42,420.45,0.2
2025-12-17 00:00:00,F1_R4,14,1,1.11,0,17,12,12.82,30.5,420.02,0.2
2025-12-17 01:00:00,F1_R4,14,1,1.11,1,17,12,13.31,30.81,420.05,0.2
2025-12-17 02:00:00,F1_R4,14,1,1.11,2,17,12,13.18,32.14,420.15,0.2
2025-12-17 03:00:00,F1_R4,14,1,1.11,3,17,12,13.02,33.9,420.47,0.2
2025-12-17 04:00:00,F1_R4,14,1,1.11,4,17,12,13.11,34.8,421.38,0.201
2025-12-17 05:00:00,F1_R4,14,1,1.11,5,17,12,13.73,37.08,424.17,0.202
2025-12-17 06:00:00,F1_R4,14,1,1.11,6,17,12,14.17,40.76,432.67,0.208
2025-12-17 07:00:00,F1_R4,14,1,1.11,7,17,12,15.14,43.52,455.57,0.228
2025-12-17 08:00:00,F1_R4,14,1,1.11,8,17,12,16.16,46.31,508.57,0.286
2025-12-17 09:00:00,F1_R4,14,1,1.11,9,17,12,17.68,50.23,601.33,0.415
2025-12-17 10:00:00,F1_R4,14,1,1.11,10,17,12,18.68,52.83,688.99,0.525
2025-12-17 11:00:00,F1_R4,14,1,1.11,11,17,12,20.87,55.33,742.29,0.584
2025-12-17 12:00:00,F1_R4,14,1,1.11,12,17,12,22.66,57.31,767.42,0.617
2025-12-17 13:00:00,F1_R4,14,1,1.11,13,17,12,23.05,56.79,762.35,0.578
2025-12-17 14:00:00,F1_R4,14,1,1.11,14,17,12,23.07,56.32,757.97,0.578
2025-12-17 15:00:00,F1_R4,14,1,1.11,15,17,12,22.96,55.28,741.86,0.582
2025-12-17 16:00:00,F1_R4,14,1,1.11,16,17,12,21.52,52.55,686.92,0.516
2025-12-17 17:00:00,F1_R4,14,1,1.11,17,17,12,20.07,50.11,600.76,0.413
2025-12-17 18:00:00,F1_R4,14,1,1.11,18,17,12,19.29,46.09,508.03,0.284
2025-12-17 19:00:00,F1_R4,14,1,1.11,19,17,12,17.41,42.43,454.51,0.225
2025-12-17 20:00:00,F1_R4,14,1,1.11,20,17,12,15.83,40.7,432.65,0.208
2025-12-17 21:00:00,F1_R4,14,1,1.11,21,17,12,14.88,37.08,424.17,0.202
2025-12-17 22:00:00,F1_R4,14,1,1.11,22,17,12,14.0,34.95,421.39,0.201
2025-12-17 23:00:00,F1_R4,14,1,1.11,23,17,12,13.82,32.42,420.45,0.2
2025-12-18 00:00:00,F1_R4,14,1,1.11,0,18,12,12.82,30.5,420.02,0.2
2025-12-18 01:00:00,F1_R4,14,1,1.11,1,18,12,13.31,30.81,420.05,0.2
2025-12-18 02:00:00,F1_R4,14,1,1.11,2,18,12,13.18,32.14,420.15,0.2
2025-12-18 03:00:00,F1_R4,14,1,1.11,3,18,12,13.02,33.9,420.47,0.2
2025-12-18 04:00:00,F1_R4,14,1,1.11,4,18,12,13.11,34.8,421.38,0.201
2025-12-18 05:00:00,F1_R4,14,1,1.11,5,18,12,13.73,37.08,424.17,0.202
2025-12-18 06:00:00,F1_R4,14,1,1.11,6,18,12,14.17,40.76,432.67,0.208
2025-12-18 07:00:00,F1_R4,14,1,1.11,7,18,12,15.14,43.52,455.57,0.228
2025-12-18 08:00:00,F1_R4,14,1,1.11,8,18,12,16.16,46.31,508.57,0.286
2025-12-18 09:00:00,F1_R4,14,1,1.11,9,18,12,17.68,50.23,601.33,0.415
2025-12-18 10:00:00,F1_R4,14,1,1.11,10,18,12,18.68,52.83,688.99,0.525
2025-12-18 11:00:00,F1_R4,14,1,1.11,11,18,12,20.87,55.33,742.29,0.584
2025-12-18 12:00:00,F1_R4,14,1,1.11,12,18,12,22.66,57.31,767.42,0.617
2025-12-18 13:00:00,F1_R4,14,1,1.11,13,18,12,23.05,56.79,762.35,0.578
2025-12-18 14:00:00,F1_R4,14,1,1.11,14,18,12,23.07,56.32,757.97,0.578
2025-12-18 15:00:00,F1_R4,14,1,1.11,15,18,12,22.96,55.28,741.86,0.582
2025-12-18 16:00:00,F1_R4,14,1,1.11,16,18,12,21.52,52.55,686.92,0.516
2025-12-18 17:00:00,F1_R4,14,1,1.11,17,18,12,20.07,50.11,600.76,0.413
2025-12-18 18:00:00,F1_R4,14,1,1.11,18,18,12,19.29,46.09,508.03,0.284
2025-12-18 19:00:00,F1_R4,14,1,1.11,19,18,12,17.41,42.43,454.51,0.225
2025-12-18 20:00:00,F1_R4,14,1,1.11,20,18,12,15.83,40.7,432.65,0.208
2025-12-18 21:00:00,F1_R4,14,1,1.11,21,18,12,14.88,37.08,424.17,0.202
2025-12-18 22:00:00,F1_R4,14,1,1.11,22,18,12,14.0,34.95,421.39,0.201
2025-12-18 23:00:00,F1_R4,14,1,1.11,23,18,12,13.82,32.42,420.45,0.2
2025-12-19 00:00:00,F1_R4,14,1,1.11,0,19,12,12.82,30.5,420.02,0.2
2025-12-19 01:00:00,F1_R4,14,1,1.11,1,19,12,13.31,30.81,420.05,0.2
2025-12-19 02:00:00,F1_R4,14,1,1.11,2,19,12,13.18,32.14,420.15,0.2
2025-12-19 03:00:00,F1_R4,14,1,1.11,3,19,12,13.02,33.9,420.47,0.2
2025-12-19 04:00:00,F1_R4,14,1,1.11,4,19,12,13.11,34.8,421.38,0.201
2025-12-19 05:00:00,F1_R4,14,1,1.11,5,19,12,13.73,37.08,424.17,0.202
2025-12-19 06:00:00,F1_R4,14,1,1.11,6,19,12,14.17,40.76,432.67,0.208
2025-12-19 07:00:00,F1_R4,14,1,1.11,7,19,12,15.14,43.52,455.57,0.228
2025-12-19 08:00:00,F1_R4,14,1,1.11,8,19,12,16.16,46.31,508.57,0.286
2025-12-19 09:00:00,F1_R4,14,1,1.11,9,19,12,17.68,50.23,601.33,0.415
2025-12-19 10:00:00,F1_R4,14,1,1.11,10,19,12,18.68,52.83,688.99,0.525
2025-12-19 11:00:00,F1_R4,14,1,1.11,11,19,12,20.87,55.33,742.29,0.584
2025-12-19 12:00:00,F1_R4,14,1,1.11,12,19,12,22.66,57.31,767.42,0.617
2025-12-19 13:00:00,F1_R4,14,1,1.11,13,19,12,23.05,56.79,762.35,0.578
2025-12-19 14:00:00,F1_R4,14,1,1.11,14,19,12,23.07,56.32,757.97,0.578
2025-12-19 15:00:00,F1_R4,14,1,1.11,15,19,12,22.96,55.28,741.86,0.582
2025-12-19 16:00:00,F1_R4,14,1,1.11,16,19,12,21.52,52.55,686.92,0.516
2025-12-19 17:00:00,F1_R4,14,1,1.11,17,19,12,20.07,50.11,600.76,0.413
2025-12-19 18:00:00,F1_R4,14,1,1.11,18,19,12,19.29,46.09,508.03,0.284
2025-12-19 19:00:00,F1_R4,14,1,1.11,19,19,12,17.41,42.43,454.51,0.225
2025-12-19 20:00:00,F1_R4,14,1,1.11,20,19,12,15.83,40.7,432.65,0.208
2025-12-19 21:00:00,F1_R4,14,1,1.11,21,19,12,14.88,37.08,424.17,0.202
2025-12-19 22:00:00,F1_R4,14,1,1.11,22,19,12,14.0,34.95,421.39,0.201
2025-12-19 23:00:00,F1_R4,14,1,1.11,23,19,12,13.82,32.42,420.45,0.2
2025-12-20 00:00:00,F1_R4,14,1,1.11,0,20,12,12.82,30.5,420.02,0.2
2025-12-20 01:00:00,F1_R4,14,1,1.11,1,20,12,13.31,30.81,420.05,0.2
2025-12-20 02:00:00,F1_R4,14,1,1.11,2,20,12,13.18,32.14,420.15,0.2
2025-12-20 03:00:00,F1_R4,14,1,1.11,3,20,12,13.02,33.9,420.47,0.2
2025-12-20 04:00:00,F1_R4,14,1,1.11,4,20,12,13.11,34.8,421.38,0.201
2025-12-20 05:00:00,F1_R4,14,1,1.11,5,20,12,13.73,37.08,424.17,0.202
2025-12-20 06:00:00,F1_R4,14,1,1.11,6,20,12,14.17,40.76,432.67,0.208
2025-12-20 07:00:00,F1_R4,14,1,1.11,7,20,12,15.14,43.52,455.57,0.228
2025-12-20 08:00:00,F1_R4,14,1,1.11,8,20,12,16.16,46.31,508.57,0.286
2025-12-20 09:00:00,F1_R4,14,1,1.11,9,20,12,17.68,50.23,601.33,0.415
2025-12-20 10:00:00,F1_R4,14,1,1.11,10,20,12,18.68,52.83,688.99,0.525
2025-12-20 11:00:00,F1_R4,14,1,1.11,11,20,12,20.87,55.33,742.29,0.584
2025-12-20 12:00:00,F1_R4,14,1,1.11,12,20,12,22.66,57.31,767.42,0.617
2025-12-20 13:00:00,F1_R4,14,1,1.11,13,20,12,23.05,56.79,762.35,0.578
2025-12-20 14:00:00,F1_R4,14,1,1.11,14,20,12,23.07,56.32,757.97,0.578
2025-12-20 15:00:00,F1_R4,14,1,1.11,15,20,12,22.96,55.28,741.86,0.582
2025-12-20 16:00:00,F1_R4,14,1,1.11,16,20,12,21.52,52.55,686.92,0.516
2025-12-20 17:00:00,F1_R4,14,1,1.11,17,20,12,20.07,50.11,600.76,0.413
2025-12-20 18:00:00,F1_R4,14,1,1.11,18,20,12,19.29,46.09,508.03,0.284
2025-12-20 19:00:00,F1_R4,14,1,1.11,19,20,12,17.41,42.43,454.51,0.225
2025-12-20 20:00:00,F1_R4,14,1,1.11,20,20,12,15.83,40.7,432.65,0.208
2025-12-20 21:00:00,F1_R4,14,1,1.11,21,20,12,14.88,37.08,424.17,0.202
2025-12-20 22:00:00,F1_R4,14,1,1.11,22,20,12,14.0,34.95,421.39,0.201
2025-12-20 23:00:00,F1_R4,14,1,1.11,23,20,12,13.82,32.42,420.45,0.2
2025-12-21 00:00:00,F1_R4,14,1,1.11,0,21,12,12.82,30.5,420.02,0.2
2025-12-21 01:00:00,F1_R4,14,1,1.11,1,21,12,13.31,30.81,420.05,0.2
2025-12-21 02:00:00,F1_R4,14,1,1.11,2,21,12,13.18,32.14,420.15,0.2
2025-12-21 03:00:00,F1_R4,14,1,1.11,3,21,12,13.02,33.9,420.47,0.2
2025-12-21 04:00:00,F1_R4,14,1,1.11,4,21,12,13.11,34.8,421.38,0.201
2025-12-21 05:00:00,F1_R4,14,1,1.11,5,21,12,13.73,37.08,424.17,0.202
2025-12-21 06:00:00,F1_R4,14,1,1.11,6,21,12,14.17,40.76,432.67,0.208
2025-12-21 07:00:00,F1_R4,14,1,1.11,7,21,12,15.14,43.52,455.57,0.228
2025-12-21 08:00:00,F1_R4,14,1,1.11,8,21,12,16.16,46.31,508.57,0.286
2025-12-21 09:00:00,F1_R4,14,1,1.11,9,21,12,17.68,50.23,601.33,0.415
2025-12-21 10:00:00,F1_R4,14,1,1.11,10,21,12,18.68,52.83,688.99,0.525
2025-12-21 11:00:00,F1_R4,14,1,1.11,11,21,12,20.87,55.33,742.29,0.584
2025-12-21 12:00:00,F1_R4,14,1,1.11,12,21,12,22.66,57.31,767.42,0.617
2025-12-21 13:00:00,F1_R4,14,1,1.11,13,21,12,23.05,56.79,762.35,0.578
2025-12-21 14:00:00,F1_R4,14,1,1.11,14,21,12,23.07,56.32,757.97,0.578
2025-12-21 15:00:00,F1_R4,14,1,1.11,15,21,12,22.96,55.28,741.86,0.582
2025-12-21 16:00:00,F1_R4,14,1,1.11,16,21,12,21.52,52.55,686.92,0.516
2025-12-21 17:00:00,F1_R4,14,1,1.11,17,21,12,20.07,50.11,600.76,0.413
2025-12-21 18:00:00,F1_R4,14,1,1.11,18,21,12,19.29,46.09,508.03,0.284
2025-12-21 19:00:00,F1_R4,14,1,1.11,19,21,12,17.41,42.43,454.51,0.225
2025-12-21 20:00:00,F1_R4,14,1,1.11,20,21,12,15.83,40.7,432.65,0.208
2025-12-21 21:00:00,F1_R4,14,1,1.11,21,21,12,14.88,37.08,424.17,0.202
2025-12-21 22:00:00,F1_R4,14,1,1.11,22,21,12,14.0,34.95,421.39,0.201
2025-12-21 23:00:00,F1_R4,14,1,1.11,23,21,12,13.82,32.42,420.45,0.2
2025-12-22 00:00:00,F1_R4,14,1,1.11,0,22,12,12.82,30.5,420.02,0.2
2025-12-22 01:00:00,F1_R4,14,1,1.11,1,22,12,13.31,30.81,420.05,0.2
2025-12-22 02:00:00,F1_R4,14,1,1.11,2,22,12,13.18,32.14,420.15,0.2
2025-12-22 03:00:00,F1_R4,14,1,1.11,3,22,12,13.02,33.9,420.47,0.2
2025-12-22 04:00:00,F1_R4,14,1,1.11,4,22,12,13.11,34.8,421.38,0.201
2025-12-22 05:00:00,F1_R4,14,1,1.11,5,22,12,13.73,37.08,424.17,0.205
2025-12-22 06:00:00,F1_R4,14,1,1.11,6,22,12,14.17,40.76,432.67,0.219
2025-12-22 07:00:00,F1_R4,14,1,1.11,7,22,12,15.14,43.52,455.57,0.267
2025-12-22 08:00:00,F1_R4,14,1,1.11,8,22,12,16.16,46.31,508.57,0.411
2025-12-22 09:00:00,F1_R4,14,1,1.11,9,22,12,17.68,50.23,601.33,0.715
2025-12-22 10:00:00,F1_R4,14,1,1.11,10,22,12,18.68,52.83,688.99,1.0
2025-12-22 11:00:00,F1_R4,14,1,1.11,11,22,12,20.87,55.33,742.29,1.145
2025-12-22 12:00:00,F1_R4,14,1,1.11,12,22,12,22.66,57.31,767.42,1.205
2025-12-22 13:00:00,F1_R4,14,1,1.11,13,22,12,23.05,56.79,762.35,1.172
2025-12-22 14:00:00,F1_R4,14,1,1.11,14,22,12,23.07,56.32,757.97,1.167
2025-12-22 15:00:00,F1_R4,14,1,1.11,15,22,12,22.96,55.28,741.86,1.143
2025-12-22 16:00:00,F1_R4,14,1,1.11,16,22,12,21.52,52.55,686.92,0.991
2025-12-22 17:00:00,F1_R4,14,1,1.11,17,22,12,20.07,50.11,600.76,0.713
2025-12-22 18:00:00,F1_R4,14,1,1.11,18,22,12,19.29,46.09,508.03,0.409
2025-12-22 19:00:00,F1_R4,14,1,1.11,19,22,12,17.41,42.43,454.51,0.264
2025-12-22 20:00:00,F1_R4,14,1,1.11,20,22,12,15.83,40.7,432.65,0.219
2025-12-22 21:00:00,F1_R4,14,1,1.11,21,22,12,14.88,37.08,424.17,0.205
2025-12-22 22:00:00,F1_R4,14,1,1.11,22,22,12,14.0,34.95,421.39,0.201
2025-12-22 23:00:00,F1_R4,14,1,1.11,23,22,12,13.82,32.42,420.45,0.2
2025-12-23 00:00:00,F1_R4,14,1,1.11,0,23,12,12.82,30.5,420.02,0.2
